{
"type": "FeatureCollection",
"name": "chamoli_rivers",
"crs": { "type": "name", "properties": { "name": "urn:ogc:def:crs:OGC:1.3:CRS84" } },
"features": [
{ "type": "Feature", "properties": { "full_id": "w27281861", "osm_id": "27281861", "osm_type": "way", "waterway": "river", "intermittent": null, "alt_name": null, "wikidata": null, "name:uk": null, "layer": null, "width": null, "tunnel": null, "name:ml": "അളകനന്ദ", "name:kn": "ಅಲಕನಂದಾ", "name:hi": "अलकनन्दा नदी", "name:en": "Alaknanda River", "name": "Alaknanda", "int_name": "Alaknanda", "boat": "no" }, "geometry": { "type": "LineString", "coordinates": [ [ 79.3886307, 30.4096217 ], [ 79.3878231, 30.4085145 ], [ 79.3869611, 30.4080751 ], [ 79.3848674, 30.4080818 ], [ 79.3808613, 30.4083411 ], [ 79.3791501, 30.4088385 ], [ 79.3775139, 30.4099095 ], [ 79.3747009, 30.4118601 ], [ 79.3745849, 30.4119405 ], [ 79.3735979, 30.4125234 ], [ 79.3729739, 30.4128906 ], [ 79.3719852, 30.4130727 ], [ 79.370225, 30.4124019 ], [ 79.3693493, 30.4122088 ], [ 79.3678151, 30.41269 ], [ 79.3666993, 30.4132822 ], [ 79.3656854, 30.4133793 ], [ 79.3647573, 30.4133098 ], [ 79.3639137, 30.4126684 ], [ 79.3638211, 30.4118882 ], [ 79.3644728, 30.4101982 ], [ 79.3641753, 30.4096211 ], [ 79.3639314, 30.4093083 ], [ 79.3627695, 30.4088589 ], [ 79.3600412, 30.4086686 ], [ 79.3579404, 30.4077493 ], [ 79.352344, 30.4059816 ], [ 79.350803, 30.4064749 ], [ 79.3499086, 30.407786 ], [ 79.3490664, 30.4081793 ], [ 79.3481169, 30.4080358 ], [ 79.3463037, 30.407786 ], [ 79.3446676, 30.4076934 ], [ 79.3415937, 30.4066571 ], [ 79.3392441, 30.4053432 ], [ 79.3386291, 30.4055249 ], [ 79.336519, 30.4061482 ], [ 79.3350867, 30.4055837 ], [ 79.3330616, 30.4058706 ], [ 79.332088, 30.4057318 ], [ 79.3308864, 30.4059469 ], [ 79.3298457, 30.4058844 ], [ 79.3290947, 30.4051673 ], [ 79.3287192, 30.4039204 ], [ 79.3287728, 30.4021206 ], [ 79.3291376, 30.4006794 ], [ 79.3293253, 30.3998697 ], [ 79.3289176, 30.3993284 ], [ 79.3280915, 30.3991872 ], [ 79.3268577, 30.3982225 ], [ 79.3255864, 30.3976071 ], [ 79.3237946, 30.3961496 ], [ 79.3227861, 30.3947291 ], [ 79.3216166, 30.391925 ], [ 79.3213752, 30.3901758 ], [ 79.322078, 30.3883342 ], [ 79.3221688, 30.3866106 ], [ 79.3213963, 30.3847041 ], [ 79.3209028, 30.3833343 ], [ 79.3198299, 30.3825569 ], [ 79.3193793, 30.3818164 ], [ 79.3190574, 30.3799283 ], [ 79.3185425, 30.3776143 ], [ 79.3181348, 30.3766702 ], [ 79.317019, 30.3762074 ], [ 79.3150878, 30.3762259 ], [ 79.3107698, 30.3763947 ], [ 79.3094128, 30.3763278 ], [ 79.3086137, 30.3757232 ], [ 79.3080846, 30.3749987 ], [ 79.3077094, 30.3736192 ], [ 79.3078862, 30.3725123 ], [ 79.3079665, 30.3723409 ], [ 79.3088142, 30.3701244 ], [ 79.311581, 30.3622479 ], [ 79.3117092, 30.3607418 ], [ 79.311867, 30.3597062 ], [ 79.3130014, 30.3589178 ], [ 79.3170658, 30.3563651 ], [ 79.3181238, 30.3548863 ], [ 79.3182699, 30.3532297 ], [ 79.3174518, 30.3516138 ], [ 79.317794, 30.3481869 ], [ 79.3182729, 30.3467316 ], [ 79.3184325, 30.3453746 ], [ 79.3180691, 30.343827 ], [ 79.3171241, 30.3430511 ], [ 79.3161557, 30.3422561 ], [ 79.3148214, 30.3406892 ], [ 79.3145443, 30.3400729 ], [ 79.3148707, 30.3395545 ], [ 79.3161034, 30.3387743 ], [ 79.317747, 30.3362352 ], [ 79.3184837, 30.33403 ], [ 79.3183715, 30.3335826 ], [ 79.3163964, 30.3325089 ], [ 79.3153617, 30.33213 ] ] } },
{ "type": "Feature", "properties": { "full_id": "w27282262", "osm_id": "27282262", "osm_type": "way", "waterway": "river", "intermittent": null, "alt_name": null, "wikidata": null, "name:uk": null, "layer": null, "width": null, "tunnel": null, "name:ml": "അളകനന്ദ", "name:kn": "ಅಲಕನಂದಾ", "name:hi": "अलकनन्दा नदी", "name:en": "Alaknanda River", "name": "Alaknanda", "int_name": "Alaknanda", "boat": "no" }, "geometry": { "type": "LineString", "coordinates": [ [ 79.3153617, 30.33213 ], [ 79.3149267, 30.3320784 ], [ 79.3136881, 30.3322521 ], [ 79.3130867, 30.3324488 ], [ 79.3122981, 30.332472 ], [ 79.3114538, 30.3322912 ], [ 79.310662, 30.331671 ], [ 79.3081209, 30.3297853 ], [ 79.307553, 30.3289704 ], [ 79.3067175, 30.328068 ], [ 79.3058555, 30.3273908 ], [ 79.3048362, 30.326837 ], [ 79.3037317, 30.3264735 ], [ 79.3023579, 30.3261193 ], [ 79.3014684, 30.325274 ], [ 79.3006426, 30.3234781 ], [ 79.3003033, 30.3224844 ], [ 79.2998312, 30.3213175 ], [ 79.2995153, 30.320179 ], [ 79.2996596, 30.3194745 ], [ 79.3001209, 30.3179741 ], [ 79.3006185, 30.3165939 ], [ 79.3014835, 30.3154272 ], [ 79.3019073, 30.3147279 ], [ 79.3024813, 30.3140333 ], [ 79.3030499, 30.3135285 ], [ 79.3032054, 30.312982 ], [ 79.3030338, 30.3122549 ], [ 79.3026636, 30.3118104 ], [ 79.3024652, 30.3110462 ], [ 79.3024013, 30.3107876 ], [ 79.301914, 30.3097775 ], [ 79.301065, 30.3097958 ], [ 79.3001102, 30.309995 ], [ 79.2993055, 30.3101015 ], [ 79.2986672, 30.3098746 ], [ 79.2985819, 30.3092841 ], [ 79.2965836, 30.3055133 ], [ 79.2958264, 30.3034044 ], [ 79.2955207, 30.3017366 ], [ 79.2958401, 30.2999125 ], [ 79.2961005, 30.2986202 ], [ 79.2969881, 30.2972168 ], [ 79.2973708, 30.2955112 ], [ 79.2966681, 30.2945262 ], [ 79.294338, 30.2939939 ], [ 79.291812, 30.2932527 ], [ 79.2914456, 30.2932919 ], [ 79.2912381, 30.293314 ], [ 79.2908834, 30.2933819 ], [ 79.2896171, 30.2936163 ], [ 79.2889039, 30.2940023 ], [ 79.2877256, 30.2946969 ], [ 79.2870645, 30.2953054 ], [ 79.2864235, 30.2959318 ], [ 79.2856044, 30.2967799 ], [ 79.2827737, 30.2962813 ], [ 79.2812034, 30.2963979 ], [ 79.2804237, 30.2965233 ], [ 79.2795208, 30.2966367 ], [ 79.279028, 30.2966888 ], [ 79.2780035, 30.2964702 ], [ 79.2780911, 30.2960554 ], [ 79.2773513, 30.294146 ], [ 79.2761722, 30.2934707 ], [ 79.2758668, 30.2933372 ], [ 79.2756281, 30.2932128 ], [ 79.2750905, 30.2928909 ], [ 79.274447, 30.292332 ], [ 79.2718027, 30.2900353 ], [ 79.2709707, 30.2893659 ], [ 79.2702577, 30.2891272 ], [ 79.2695866, 30.2891251 ], [ 79.2681978, 30.2895719 ], [ 79.2648357, 30.2911213 ], [ 79.2618631, 30.2921275 ], [ 79.2608151, 30.2917729 ], [ 79.2592976, 30.2913051 ], [ 79.2576131, 30.2909692 ], [ 79.2568208, 30.2908143 ], [ 79.2561553, 30.2905807 ], [ 79.2559666, 30.2905432 ], [ 79.2541807, 30.2901881 ], [ 79.2526995, 30.2900376 ], [ 79.2512792, 30.2894563 ], [ 79.2494277, 30.288165 ], [ 79.248998, 30.2875409 ], [ 79.2488829, 30.2874407 ], [ 79.2474525, 30.2861952 ], [ 79.2464187, 30.285706 ], [ 79.2463316, 30.2853342 ], [ 79.2456937, 30.2847625 ], [ 79.2454509, 30.2836886 ], [ 79.2443042, 30.2822252 ], [ 79.2420062, 30.2805952 ], [ 79.2407025, 30.2798564 ], [ 79.2393315, 30.2799458 ], [ 79.2373945, 30.2797336 ], [ 79.2365491, 30.2787307 ], [ 79.2362446, 30.2776963 ], [ 79.2350434, 30.2765963 ], [ 79.2331998, 30.276182 ], [ 79.2320786, 30.2760848 ], [ 79.2302848, 30.276526 ], [ 79.2288761, 30.276693 ], [ 79.227986, 30.2763698 ], [ 79.2271519, 30.2757102 ], [ 79.2266981, 30.2747968 ], [ 79.2265101, 30.2739087 ], [ 79.2260115, 30.2732031 ], [ 79.2252122, 30.2727908 ], [ 79.2246865, 30.2721953 ], [ 79.2238496, 30.2709237 ], [ 79.2230908, 30.2696501 ], [ 79.2197609, 30.2669282 ], [ 79.2191772, 30.2664621 ], [ 79.2185281, 30.2659432 ], [ 79.2179131, 30.2648382 ], [ 79.217364, 30.2643771 ], [ 79.2165916, 30.2632744 ], [ 79.2159821, 30.2629151 ] ] } },
{ "type": "Feature", "properties": { "full_id": "w27282312", "osm_id": "27282312", "osm_type": "way", "waterway": "river", "intermittent": null, "alt_name": null, "wikidata": null, "name:uk": null, "layer": null, "width": null, "tunnel": null, "name:ml": "അളകനന്ദ", "name:kn": "ಅಲಕನಂದಾ", "name:hi": "अलकनन्दा नदी", "name:en": "Alaknanda River", "name": "Alaknanda", "int_name": "Alaknanda", "boat": "no" }, "geometry": { "type": "LineString", "coordinates": [ [ 78.9788975, 30.2878292 ], [ 78.9783131, 30.2875338 ], [ 78.9776768, 30.2866067 ], [ 78.9750728, 30.2856083 ], [ 78.9726663, 30.2832699 ], [ 78.9710841, 30.2824289 ], [ 78.9697909, 30.2812779 ], [ 78.9686859, 30.2799993 ], [ 78.9682889, 30.2791933 ], [ 78.9682782, 30.2785077 ], [ 78.9680743, 30.2780444 ], [ 78.9677938, 30.2776112 ], [ 78.9677203, 30.2774977 ], [ 78.9671409, 30.2769233 ], [ 78.9657032, 30.276284 ], [ 78.9651132, 30.2759967 ], [ 78.9640295, 30.2750146 ], [ 78.9628386, 30.2741066 ], [ 78.961519, 30.273773 ], [ 78.9605806, 30.2737102 ], [ 78.958075, 30.2731615 ], [ 78.955699, 30.2728392 ], [ 78.9537406, 30.2720218 ], [ 78.9529202, 30.2709027 ], [ 78.9480922, 30.2690217 ], [ 78.9460587, 30.268686 ], [ 78.9442728, 30.2686696 ], [ 78.9430225, 30.2690844 ], [ 78.9425347, 30.2698463 ], [ 78.9413867, 30.2702355 ], [ 78.9404641, 30.2707359 ], [ 78.9391601, 30.271299 ], [ 78.9367197, 30.2708286 ], [ 78.9350295, 30.2702612 ], [ 78.9343378, 30.2696147 ], [ 78.9343965, 30.2691586 ], [ 78.9346597, 30.2686696 ], [ 78.9347291, 30.2677872 ], [ 78.9343107, 30.2670366 ], [ 78.9340804, 30.266214 ], [ 78.9325676, 30.2638232 ], [ 78.9308774, 30.261662 ], [ 78.9298412, 30.2605471 ], [ 78.9296383, 30.2603288 ], [ 78.9293382, 30.2597366 ], [ 78.9290964, 30.2584092 ], [ 78.9291196, 30.2568525 ], [ 78.9290838, 30.2554851 ], [ 78.9291017, 30.2541486 ], [ 78.9289228, 30.2530825 ], [ 78.928726, 30.2524567 ], [ 78.928413, 30.252225 ], [ 78.9278406, 30.2521091 ], [ 78.9268479, 30.252055 ], [ 78.9261324, 30.2521863 ], [ 78.9256137, 30.2524336 ], [ 78.924764, 30.2530439 ], [ 78.9245494, 30.2534842 ], [ 78.9245852, 30.2538473 ], [ 78.9246656, 30.2542104 ], [ 78.9249161, 30.2548362 ], [ 78.9248624, 30.2553152 ], [ 78.9244599, 30.2561881 ], [ 78.9238518, 30.2571383 ], [ 78.9229932, 30.2582199 ], [ 78.9223045, 30.2590156 ], [ 78.9212492, 30.2598112 ], [ 78.9203906, 30.2600794 ], [ 78.9199881, 30.2602052 ], [ 78.9186952, 30.2602184 ], [ 78.9185552, 30.2601882 ], [ 78.9173219, 30.2599219 ], [ 78.9160285, 30.2593367 ], [ 78.913717, 30.2582909 ], [ 78.9111421, 30.2560667 ], [ 78.9113138, 30.2547322 ], [ 78.9109705, 30.2513217 ], [ 78.9084509, 30.2476127 ], [ 78.9072435, 30.2461061 ], [ 78.9059556, 30.2450631 ], [ 78.9046409, 30.2442982 ], [ 78.9033799, 30.2439119 ], [ 78.9026107, 30.2433787 ], [ 78.9017432, 30.2428302 ], [ 78.901296, 30.2426602 ], [ 78.9009741, 30.2427066 ], [ 78.9006253, 30.2428379 ], [ 78.9003122, 30.2431547 ], [ 78.8998829, 30.2436028 ], [ 78.8996146, 30.2442827 ], [ 78.8993732, 30.2454648 ], [ 78.8991496, 30.2465388 ], [ 78.8985235, 30.2481071 ], [ 78.8978796, 30.249606 ], [ 78.8974682, 30.2509889 ], [ 78.8963144, 30.2517923 ], [ 78.8957331, 30.2519314 ], [ 78.8937387, 30.2520859 ], [ 78.8922451, 30.2524258 ], [ 78.8906621, 30.2532216 ], [ 78.8884888, 30.2546199 ], [ 78.887505, 30.2554697 ], [ 78.8861188, 30.2568371 ], [ 78.88587, 30.257084 ], [ 78.8845289, 30.258817 ], [ 78.8830483, 30.2598549 ], [ 78.8821792, 30.2602163 ], [ 78.8804948, 30.2604758 ], [ 78.8794541, 30.2604202 ], [ 78.8783383, 30.2602719 ], [ 78.8778877, 30.2599754 ], [ 78.877244, 30.2587521 ], [ 78.8767361, 30.2573302 ], [ 78.8757098, 30.2544614 ], [ 78.8756347, 30.2537292 ], [ 78.8751519, 30.2529971 ], [ 78.8736927, 30.2515884 ], [ 78.871665, 30.2500128 ], [ 78.8707209, 30.2491231 ], [ 78.8682029, 30.2475275 ], [ 78.8679421, 30.2473622 ], [ 78.8665581, 30.2464632 ], [ 78.865217, 30.2459997 ], [ 78.863672, 30.2455549 ], [ 78.8625348, 30.2452119 ], [ 78.861655, 30.2444797 ], [ 78.8609246, 30.2439505 ], [ 78.8603997, 30.2435714 ], [ 78.8591717, 30.2430079 ], [ 78.8580895, 30.2429847 ], [ 78.8571057, 30.2431547 ], [ 78.8560951, 30.2434483 ], [ 78.8555585, 30.2436337 ], [ 78.8546283, 30.2444759 ], [ 78.8537072, 30.2454726 ], [ 78.8527055, 30.2460906 ], [ 78.8513997, 30.2466083 ], [ 78.8502728, 30.2467474 ], [ 78.8486361, 30.2467319 ], [ 78.8477328, 30.2463611 ], [ 78.8469458, 30.2457043 ], [ 78.8464897, 30.2449935 ], [ 78.8464897, 30.2434251 ], [ 78.8465433, 30.2422275 ], [ 78.8468832, 30.2399559 ], [ 78.8469905, 30.2381479 ], [ 78.8465702, 30.2370352 ], [ 78.8458994, 30.2362394 ], [ 78.8435075, 30.2360472 ], [ 78.8404176, 30.2364921 ], [ 78.8388678, 30.2367237 ], [ 78.8377915, 30.23711 ], [ 78.8366192, 30.2379056 ], [ 78.8349478, 30.2385463 ], [ 78.8333024, 30.2395001 ], [ 78.8322873, 30.240153 ], [ 78.8319923, 30.2404023 ] ] } },
{ "type": "Feature", "properties": { "full_id": "w27283240", "osm_id": "27283240", "osm_type": "way", "waterway": "river", "intermittent": null, "alt_name": null, "wikidata": null, "name:uk": null, "layer": null, "width": null, "tunnel": null, "name:ml": "അളകനന്ദ", "name:kn": "ಅಲಕನಂದಾ", "name:hi": "अलकनन्दा नदी", "name:en": "Alaknanda River", "name": "Alaknanda", "int_name": "Alaknanda", "boat": "no" }, "geometry": { "type": "LineString", "coordinates": [ [ 79.2159821, 30.2629151 ], [ 79.215659, 30.2639583 ], [ 79.2152703, 30.2645868 ], [ 79.2146845, 30.2648458 ], [ 79.2137876, 30.2648953 ], [ 79.2130108, 30.2649947 ], [ 79.2126004, 30.2657133 ], [ 79.2121391, 30.2661887 ], [ 79.2113398, 30.266703 ], [ 79.2106853, 30.266893 ], [ 79.2099625, 30.2672152 ], [ 79.2096657, 30.2673994 ], [ 79.2092799, 30.2676389 ], [ 79.2084307, 30.2681613 ], [ 79.2077585, 30.2681055 ], [ 79.2070536, 30.2679262 ], [ 79.2062651, 30.2678289 ], [ 79.2054421, 30.2678492 ], [ 79.2046235, 30.267852 ], [ 79.2035775, 30.2677177 ], [ 79.2029834, 30.2673088 ], [ 79.2025261, 30.2670783 ], [ 79.2017107, 30.2670922 ], [ 79.2005536, 30.2671135 ], [ 79.1992243, 30.2675708 ], [ 79.1984598, 30.2678289 ], [ 79.1972636, 30.267852 ], [ 79.1944774, 30.2681341 ], [ 79.1927073, 30.2681661 ], [ 79.1912981, 30.2689116 ], [ 79.190322, 30.2691122 ], [ 79.1899734, 30.2693364 ], [ 79.1895656, 30.2695987 ], [ 79.1890262, 30.27011 ], [ 79.1881736, 30.2703738 ], [ 79.1874069, 30.2702922 ], [ 79.1865202, 30.2699432 ], [ 79.1858749, 30.2698998 ], [ 79.1851813, 30.2701417 ], [ 79.1845982, 30.2702149 ], [ 79.1832369, 30.2696272 ], [ 79.1817443, 30.2690613 ], [ 79.1808119, 30.2688278 ], [ 79.1797809, 30.2684126 ], [ 79.1793303, 30.2679586 ], [ 79.1786061, 30.267764 ], [ 79.1777103, 30.2678845 ], [ 79.1767023, 30.26778 ], [ 79.1748242, 30.2682366 ], [ 79.1737245, 30.2683061 ], [ 79.1722726, 30.2684902 ], [ 79.1714029, 30.2687208 ], [ 79.1711281, 30.2690381 ], [ 79.170935, 30.2699508 ], [ 79.1705005, 30.2706736 ], [ 79.1701464, 30.2712388 ], [ 79.1696207, 30.2717438 ], [ 79.1692216, 30.2727232 ], [ 79.1690655, 30.2732136 ], [ 79.1688429, 30.2749683 ], [ 79.1690253, 30.276057 ], [ 79.1693584, 30.2766465 ], [ 79.1697602, 30.2774375 ], [ 79.1702913, 30.2780583 ], [ 79.1710294, 30.2787147 ], [ 79.1721031, 30.2790895 ], [ 79.1724199, 30.2793621 ], [ 79.1721221, 30.2801026 ], [ 79.1708331, 30.2816416 ], [ 79.1697602, 30.2826769 ], [ 79.168849, 30.2831112 ], [ 79.1683172, 30.2836451 ], [ 79.1681562, 30.2844789 ], [ 79.1680634, 30.2862267 ], [ 79.1675997, 30.2902201 ], [ 79.1677759, 30.2917952 ], [ 79.1670947, 30.2926355 ], [ 79.1665743, 30.2932775 ], [ 79.1647257, 30.2937788 ], [ 79.163575, 30.2936781 ], [ 79.1620944, 30.2933495 ], [ 79.1604988, 30.2930266 ], [ 79.1594551, 30.2932198 ], [ 79.1583565, 30.2937501 ], [ 79.1577047, 30.2947031 ], [ 79.1573469, 30.2959014 ], [ 79.1567896, 30.2965383 ], [ 79.1555874, 30.2966934 ], [ 79.1547935, 30.2966795 ], [ 79.1539016, 30.2965128 ], [ 79.1533022, 30.2960496 ], [ 79.1530661, 30.295517 ], [ 79.1528799, 30.2948118 ], [ 79.152387, 30.2944871 ], [ 79.1512369, 30.2943164 ], [ 79.1484219, 30.2935446 ], [ 79.1478054, 30.2933065 ], [ 79.147396, 30.29309 ], [ 79.1468112, 30.2929835 ], [ 79.1465542, 30.2929186 ], [ 79.1454916, 30.2926501 ], [ 79.1445742, 30.29221 ], [ 79.1441848, 30.2915488 ], [ 79.1437749, 30.2907972 ], [ 79.1435443, 30.2900885 ], [ 79.1431186, 30.2892951 ], [ 79.1429005, 30.288736 ], [ 79.1426323, 30.2878929 ], [ 79.1424454, 30.2871763 ], [ 79.1418974, 30.28667 ], [ 79.1404222, 30.2859474 ], [ 79.139109, 30.2853797 ], [ 79.1378794, 30.2850487 ], [ 79.1368602, 30.2849144 ], [ 79.1358141, 30.2850348 ], [ 79.1347788, 30.2852717 ], [ 79.1334224, 30.2860611 ], [ 79.1324721, 30.286954 ], [ 79.1323058, 30.2874325 ], [ 79.1317211, 30.2879068 ], [ 79.1311203, 30.2880875 ], [ 79.130321, 30.2881014 ], [ 79.1286044, 30.2885877 ], [ 79.1250746, 30.2890093 ], [ 79.1235725, 30.2891436 ], [ 79.1228966, 30.2891408 ], [ 79.1219471, 30.2894771 ], [ 79.1212024, 30.2901217 ], [ 79.1206975, 30.2905587 ], [ 79.1202305, 30.2910705 ], [ 79.1201715, 30.2916773 ], [ 79.1200696, 30.2927056 ], [ 79.1202842, 30.2940626 ], [ 79.1201715, 30.2950121 ], [ 79.1199086, 30.2959192 ], [ 79.1188704, 30.2976346 ], [ 79.1188902, 30.2997872 ], [ 79.1192703, 30.3011537 ], [ 79.1195754, 30.3025292 ], [ 79.1196777, 30.3033183 ], [ 79.1198265, 30.3042702 ], [ 79.1193293, 30.3046598 ], [ 79.1189157, 30.3048344 ], [ 79.1183374, 30.3051345 ], [ 79.1175713, 30.3051751 ], [ 79.1171023, 30.3052 ], [ 79.1161482, 30.3050025 ], [ 79.115363, 30.3045505 ], [ 79.1150539, 30.3043726 ], [ 79.1142385, 30.3037798 ], [ 79.1133619, 30.303385 ], [ 79.1118719, 30.3032215 ], [ 79.1102366, 30.3032611 ], [ 79.1091315, 30.3029693 ], [ 79.1091048, 30.3029573 ], [ 79.1082142, 30.3025571 ], [ 79.106209, 30.3016407 ], [ 79.105433, 30.3014731 ], [ 79.104958, 30.3017003 ], [ 79.1044401, 30.3023123 ], [ 79.1044216, 30.3033537 ], [ 79.1044007, 30.3043152 ], [ 79.1040646, 30.3048784 ], [ 79.103633, 30.305549 ], [ 79.1028879, 30.3060237 ], [ 79.1012673, 30.306767 ], [ 79.1010044, 30.3071838 ], [ 79.100313, 30.3075057 ], [ 79.099497, 30.3073598 ], [ 79.0989825, 30.3070916 ], [ 79.0988206, 30.3070072 ], [ 79.0982847, 30.3066373 ], [ 79.0980165, 30.3059288 ], [ 79.0980647, 30.305322 ], [ 79.0982804, 30.3045023 ], [ 79.0983222, 30.3033792 ], [ 79.0982418, 30.3025895 ], [ 79.0975916, 30.3020367 ], [ 79.0970514, 30.3015775 ], [ 79.0949373, 30.3010009 ], [ 79.0938376, 30.3005979 ], [ 79.0928988, 30.3005192 ], [ 79.092062, 30.3003849 ], [ 79.0908247, 30.2998719 ], [ 79.0898256, 30.2986548 ], [ 79.0896641, 30.2984581 ], [ 79.089015, 30.2981849 ], [ 79.0889024, 30.2979861 ], [ 79.0887789, 30.297768 ], [ 79.0886663, 30.2973697 ], [ 79.0882264, 30.2970362 ], [ 79.0876779, 30.2968076 ], [ 79.0875607, 30.2967587 ], [ 79.0866159, 30.2964412 ], [ 79.08563, 30.2961098 ], [ 79.0832284, 30.2955364 ], [ 79.0807001, 30.2951927 ], [ 79.0787475, 30.2955216 ], [ 79.0776907, 30.2960033 ], [ 79.0754374, 30.2965955 ], [ 79.0740375, 30.2964572 ], [ 79.0716235, 30.2968231 ], [ 79.0701006, 30.2968347 ], [ 79.0690003, 30.2970686 ], [ 79.0685122, 30.2975874 ], [ 79.0687388, 30.2982641 ], [ 79.0684317, 30.2991482 ], [ 79.0677933, 30.2995836 ], [ 79.0675417, 30.3006808 ], [ 79.0674431, 30.3016503 ], [ 79.066931, 30.3020126 ], [ 79.0660123, 30.3021634 ], [ 79.0651224, 30.3020222 ], [ 79.064049, 30.3017373 ], [ 79.0632389, 30.3012139 ], [ 79.0628905, 30.300267 ], [ 79.0622304, 30.3000699 ], [ 79.0600924, 30.2997793 ], [ 79.0588383, 30.2989442 ], [ 79.0555093, 30.2984651 ], [ 79.0543716, 30.2991853 ], [ 79.0532558, 30.3007554 ], [ 79.0523331, 30.3018082 ], [ 79.0514372, 30.3020152 ], [ 79.0509008, 30.3025386 ], [ 79.0505092, 30.3037335 ], [ 79.0502356, 30.3042615 ], [ 79.0492593, 30.3048913 ], [ 79.0488897, 30.3054175 ], [ 79.0490125, 30.3067439 ], [ 79.0493236, 30.3075312 ], [ 79.0492378, 30.308124 ], [ 79.0494695, 30.3085491 ], [ 79.0493072, 30.3092122 ], [ 79.0492855, 30.3093008 ], [ 79.0483688, 30.3097356 ], [ 79.0471457, 30.3097449 ], [ 79.046414, 30.3096083 ], [ 79.0457938, 30.3095319 ], [ 79.0452145, 30.3096986 ], [ 79.0428665, 30.3108615 ], [ 79.0414331, 30.3113589 ], [ 79.0398179, 30.3113473 ], [ 79.0382649, 30.3107508 ], [ 79.0361057, 30.3094392 ], [ 79.0353686, 30.3084157 ], [ 79.034925, 30.3078319 ], [ 79.033526, 30.3059908 ], [ 79.0323828, 30.3054471 ], [ 79.0309988, 30.3049932 ], [ 79.0299715, 30.3045634 ], [ 79.0290461, 30.3037705 ], [ 79.0278526, 30.3030184 ], [ 79.0265785, 30.3030943 ], [ 79.0258557, 30.302957 ], [ 79.0250813, 30.30281 ], [ 79.0236603, 30.3023348 ], [ 79.0228127, 30.3018531 ], [ 79.0212999, 30.3015752 ], [ 79.0198177, 30.301019 ], [ 79.0185104, 30.300195 ], [ 79.0174606, 30.2993821 ], [ 79.0169869, 30.2993428 ], [ 79.0162488, 30.2997374 ], [ 79.0153669, 30.3000375 ], [ 79.0145086, 30.300056 ], [ 79.013624, 30.2999472 ], [ 79.0124808, 30.3001301 ], [ 79.0118156, 30.3004822 ], [ 79.0115152, 30.3010194 ], [ 79.0114229, 30.3011652 ], [ 79.0110721, 30.3017197 ], [ 79.0101312, 30.3020847 ], [ 79.0075203, 30.3021291 ], [ 79.0068269, 30.3020176 ], [ 79.0065859, 30.3017258 ], [ 79.0062636, 30.3014086 ], [ 79.0059362, 30.3013436 ], [ 79.0042191, 30.3017969 ], [ 79.0029536, 30.302131 ], [ 79.0013443, 30.3025293 ], [ 78.9997779, 30.3031499 ], [ 78.9985178, 30.303356 ], [ 78.9955561, 30.3031753 ], [ 78.9938073, 30.3023649 ], [ 78.9935553, 30.3020894 ], [ 78.9931507, 30.3005095 ], [ 78.9924958, 30.2995328 ], [ 78.9909008, 30.2977888 ], [ 78.98914, 30.2957892 ], [ 78.9880513, 30.2938281 ], [ 78.9871486, 30.2905931 ], [ 78.985887, 30.2885646 ], [ 78.9850771, 30.2878224 ], [ 78.9843989, 30.2876077 ], [ 78.9834843, 30.2875389 ], [ 78.9831927, 30.2876193 ], [ 78.9827259, 30.2876597 ], [ 78.9825774, 30.2876726 ], [ 78.9814869, 30.2880016 ], [ 78.9801923, 30.2877842 ], [ 78.9794732, 30.2878532 ], [ 78.9788975, 30.2878292 ] ] } },
{ "type": "Feature", "properties": { "full_id": "w27283554", "osm_id": "27283554", "osm_type": "way", "waterway": "river", "intermittent": null, "alt_name": null, "wikidata": null, "name:uk": null, "layer": null, "width": null, "tunnel": null, "name:ml": "അളകനന്ദ", "name:kn": "ಅಲಕನಂದಾ", "name:hi": "अलकनन्दा नदी", "name:en": "Alaknanda River", "name": "Alaknanda", "int_name": "Alaknanda", "boat": "no" }, "geometry": { "type": "LineString", "coordinates": [ [ 78.8199154, 30.2362547 ], [ 78.8199982, 30.23564 ], [ 78.8202598, 30.2348549 ], [ 78.820749, 30.2338873 ], [ 78.8212112, 30.2332708 ], [ 78.8215582, 30.2326985 ], [ 78.8220322, 30.2316024 ], [ 78.8223075, 30.2308221 ], [ 78.8224421, 30.2302851 ], [ 78.8221714, 30.2295864 ], [ 78.8217161, 30.2290823 ], [ 78.8210816, 30.2287993 ], [ 78.8187657, 30.2280622 ], [ 78.8174181, 30.2281581 ], [ 78.8145432, 30.2276998 ], [ 78.8125118, 30.2280906 ], [ 78.8110136, 30.2282285 ], [ 78.8091348, 30.2280645 ], [ 78.8082853, 30.2275506 ], [ 78.8077454, 30.2268959 ], [ 78.8071412, 30.2249698 ], [ 78.8066093, 30.2234678 ], [ 78.8066469, 30.2233069 ], [ 78.8070542, 30.2215661 ], [ 78.8080508, 30.2205974 ], [ 78.8080358, 30.2198205 ], [ 78.8057145, 30.2194354 ], [ 78.8044701, 30.2191794 ], [ 78.8027163, 30.2192299 ], [ 78.8018239, 30.2202161 ], [ 78.798298, 30.2212771 ], [ 78.7970169, 30.2214085 ], [ 78.7953401, 30.2231785 ], [ 78.7939346, 30.2254497 ], [ 78.7936537, 30.2257564 ], [ 78.7936162, 30.2257973 ], [ 78.7923467, 30.2271832 ], [ 78.7908678, 30.2281818 ], [ 78.7903833, 30.2285089 ], [ 78.7888822, 30.2288269 ], [ 78.7884042, 30.2289281 ], [ 78.7860937, 30.2289926 ], [ 78.7839479, 30.2282881 ], [ 78.7814803, 30.2262302 ], [ 78.7800427, 30.2258223 ], [ 78.7790827, 30.2258733 ], [ 78.7774179, 30.2259617 ], [ 78.7709661, 30.2258223 ], [ 78.7697311, 30.225437 ], [ 78.7668462, 30.2255998 ], [ 78.7657304, 30.2249323 ], [ 78.7648077, 30.2231709 ], [ 78.7640781, 30.2185356 ], [ 78.7640161, 30.2182925 ], [ 78.762711, 30.216506 ], [ 78.7616577, 30.2160484 ], [ 78.7603556, 30.2155988 ], [ 78.75972, 30.2153734 ], [ 78.7586742, 30.215292 ], [ 78.7581397, 30.2160139 ], [ 78.7578115, 30.2167844 ], [ 78.756714, 30.2178804 ], [ 78.754728, 30.2171218 ], [ 78.7542988, 30.2170615 ], [ 78.7539394, 30.2168344 ], [ 78.753344, 30.2157682 ], [ 78.7525661, 30.2148225 ], [ 78.7514986, 30.2141967 ], [ 78.7487305, 30.2133576 ], [ 78.7476255, 30.2132835 ], [ 78.7468637, 30.2133669 ], [ 78.7462736, 30.2136219 ], [ 78.7450023, 30.2146464 ], [ 78.7428404, 30.2160834 ], [ 78.7411587, 30.2173142 ], [ 78.7389914, 30.2194974 ], [ 78.7376718, 30.2207397 ], [ 78.7368564, 30.2211384 ], [ 78.7354839, 30.221519 ], [ 78.7345026, 30.2219569 ], [ 78.7274645, 30.2264067 ], [ 78.7214563, 30.2304113 ], [ 78.7179737, 30.232967 ], [ 78.7175017, 30.2345614 ], [ 78.7167185, 30.2360352 ], [ 78.7159245, 30.2366377 ], [ 78.7148946, 30.2369436 ], [ 78.7143474, 30.236786 ], [ 78.7139289, 30.2361325 ], [ 78.7139932, 30.233982 ], [ 78.7137315, 30.2329326 ], [ 78.7122015, 30.2320447 ], [ 78.7101188, 30.231777 ], [ 78.706581, 30.231339 ], [ 78.7043118, 30.2314364 ], [ 78.7029788, 30.2318373 ], [ 78.7013719, 30.2333776 ], [ 78.7005136, 30.235009 ], [ 78.7004351, 30.2351446 ], [ 78.699827, 30.2361955 ], [ 78.6993564, 30.2362739 ], [ 78.6983801, 30.236107 ], [ 78.696921, 30.235245 ], [ 78.6959125, 30.2348093 ], [ 78.6946088, 30.2346285 ], [ 78.6924363, 30.2343273 ], [ 78.6915995, 30.2343737 ], [ 78.6903764, 30.234865 ], [ 78.689443, 30.2354397 ], [ 78.6888207, 30.2363017 ], [ 78.6880804, 30.2377384 ], [ 78.6873723, 30.2384058 ], [ 78.686793, 30.2386004 ], [ 78.6853875, 30.2387395 ], [ 78.6835421, 30.2386375 ], [ 78.6825765, 30.2382853 ], [ 78.6819757, 30.2375994 ], [ 78.6809994, 30.2361627 ], [ 78.6800859, 30.232636 ], [ 78.6800016, 30.2314074 ], [ 78.6802269, 30.2303877 ], [ 78.6805381, 30.22909 ], [ 78.6810101, 30.2282557 ], [ 78.6819742, 30.2274449 ], [ 78.6832203, 30.226893 ], [ 78.6838747, 30.2264665 ], [ 78.6839498, 30.2259938 ], [ 78.6835743, 30.2255395 ], [ 78.6832247, 30.2253188 ], [ 78.6819006, 30.2244827 ], [ 78.6815895, 30.2240748 ], [ 78.6817397, 30.2234073 ], [ 78.6822382, 30.2229568 ], [ 78.6836172, 30.2217108 ], [ 78.6837996, 30.2211175 ], [ 78.6834, 30.220647 ], [ 78.6825202, 30.2204245 ], [ 78.6821622, 30.2199929 ], [ 78.6812166, 30.2188531 ], [ 78.6801867, 30.2180187 ], [ 78.6797039, 30.2173698 ], [ 78.6795562, 30.2165788 ], [ 78.6794893, 30.2162201 ], [ 78.6794249, 30.2150891 ], [ 78.6794357, 30.2145606 ], [ 78.6799605, 30.2134482 ], [ 78.6799623, 30.2134114 ], [ 78.6799828, 30.2129752 ], [ 78.6806429, 30.2118585 ], [ 78.6806321, 30.2104038 ], [ 78.6794933, 30.2096681 ], [ 78.6792276, 30.2094964 ], [ 78.6776213, 30.210499 ], [ 78.6761377, 30.2114249 ], [ 78.6743379, 30.2119319 ], [ 78.6716424, 30.2126912 ], [ 78.6702691, 30.2126622 ], [ 78.6686561, 30.2121567 ], [ 78.6681541, 30.2118734 ], [ 78.6675343, 30.2115235 ], [ 78.6665803, 30.2107454 ], [ 78.6656547, 30.2074036 ], [ 78.6654947, 30.2068261 ], [ 78.6649647, 30.2065028 ], [ 78.6636864, 30.205723 ], [ 78.6625765, 30.2050459 ], [ 78.657255, 30.2043041 ], [ 78.6531351, 30.205936 ], [ 78.6530869, 30.2059594 ], [ 78.6503885, 30.2072712 ], [ 78.6486756, 30.2074827 ], [ 78.648085, 30.2075556 ], [ 78.6479852, 30.2075679 ], [ 78.6469553, 30.2068261 ], [ 78.6452387, 30.2051942 ], [ 78.6431787, 30.2037107 ], [ 78.6431622, 30.2033395 ], [ 78.6431013, 30.2019708 ], [ 78.6430071, 30.1998533 ], [ 78.6431427, 30.1996336 ], [ 78.6443803, 30.1976278 ], [ 78.6454781, 30.1962725 ], [ 78.645582, 30.1961442 ], [ 78.645582, 30.1942153 ], [ 78.6446095, 30.1936374 ], [ 78.6428354, 30.1925832 ], [ 78.6390588, 30.1896157 ], [ 78.634424, 30.1848675 ], [ 78.6319448, 30.1838426 ], [ 78.6304758, 30.1832353 ], [ 78.624884, 30.1813555 ], [ 78.624296, 30.1811578 ], [ 78.620735, 30.178516 ], [ 78.6206673, 30.1779297 ], [ 78.6205996, 30.177344 ], [ 78.6211826, 30.1761935 ], [ 78.6213706, 30.1751916 ], [ 78.6215068, 30.1737077 ], [ 78.6212174, 30.1726222 ], [ 78.6209508, 30.1710428 ], [ 78.6212014, 30.1694721 ], [ 78.6210545, 30.1674106 ], [ 78.6190835, 30.1640653 ], [ 78.6187112, 30.1636347 ], [ 78.6184636, 30.1633461 ], [ 78.6188323, 30.1623331 ], [ 78.6191841, 30.1617806 ], [ 78.6198419, 30.1604752 ], [ 78.6197551, 30.1591231 ], [ 78.6199296, 30.1576909 ], [ 78.6197041, 30.1570517 ], [ 78.619773, 30.1560171 ], [ 78.6196665, 30.1550691 ], [ 78.6189523, 30.1543432 ], [ 78.6187827, 30.1533365 ], [ 78.6179082, 30.152032 ], [ 78.6160901, 30.1498943 ], [ 78.6134688, 30.1487773 ], [ 78.6109064, 30.1486548 ], [ 78.6090181, 30.1489517 ], [ 78.6077914, 30.1485075 ], [ 78.6071993, 30.1479399 ], [ 78.6071993, 30.1465313 ], [ 78.6069243, 30.1447249 ], [ 78.6061718, 30.1435625 ], [ 78.60511, 30.1431331 ], [ 78.6034948, 30.1437876 ], [ 78.6002634, 30.1447953 ], [ 78.5987717, 30.1453452 ], [ 78.5984847, 30.1453882 ], [ 78.5982299, 30.145373 ], [ 78.5979186, 30.1452785 ], [ 78.5974993, 30.1450933 ] ] } },
{ "type": "Feature", "properties": { "full_id": "w44818654", "osm_id": "44818654", "osm_type": "way", "waterway": "stream", "intermittent": null, "alt_name": null, "wikidata": null, "name:uk": null, "layer": null, "width": null, "tunnel": null, "name:ml": null, "name:kn": null, "name:hi": null, "name:en": null, "name": "Mothu Gad", "int_name": null, "boat": "no" }, "geometry": { "type": "LineString", "coordinates": [ [ 79.2111683, 30.0754447 ], [ 79.2124128, 30.0771901 ], [ 79.2134428, 30.0785828 ], [ 79.2146015, 30.0799939 ], [ 79.2168116, 30.0801425 ], [ 79.218421, 30.080421 ], [ 79.2200517, 30.0807738 ], [ 79.2208671, 30.0807366 ], [ 79.2220258, 30.0801796 ], [ 79.222852, 30.0797618 ], [ 79.2240429, 30.080226 ], [ 79.2261886, 30.0804303 ], [ 79.2276907, 30.0805324 ], [ 79.2288923, 30.0813865 ], [ 79.2301798, 30.0818693 ], [ 79.2314458, 30.0818693 ], [ 79.2322397, 30.0823706 ], [ 79.2331838, 30.0833547 ], [ 79.2340851, 30.0842088 ], [ 79.2350936, 30.084283 ], [ 79.2365477, 30.083665 ], [ 79.2369114, 30.0835692 ], [ 79.2372182, 30.0835747 ], [ 79.2375155, 30.083654 ], [ 79.2379171, 30.0837799 ], [ 79.2381607, 30.0838073 ], [ 79.238518, 30.0836814 ], [ 79.2389513, 30.0835364 ], [ 79.2391442, 30.0835528 ], [ 79.2392961, 30.083561 ], [ 79.2393561, 30.0834953 ], [ 79.2393941, 30.0833366 ], [ 79.2394352, 30.0832408 ], [ 79.2395997, 30.0831615 ], [ 79.2400108, 30.0828303 ], [ 79.2405706, 30.0825238 ], [ 79.2406781, 30.0822036 ], [ 79.2406689, 30.0820266 ], [ 79.2407248, 30.0818544 ], [ 79.2407002, 30.0818002 ], [ 79.240613, 30.0817305 ], [ 79.2404206, 30.0816589 ], [ 79.2402574, 30.0815815 ], [ 79.2401746, 30.0814016 ], [ 79.2401456, 30.0812023 ], [ 79.240197, 30.0811074 ], [ 79.2402909, 30.080941 ], [ 79.2404676, 30.0807339 ], [ 79.2407874, 30.0805191 ], [ 79.2409954, 30.0804282 ], [ 79.2411229, 30.080405 ], [ 79.2413845, 30.0804766 ], [ 79.241512, 30.0805579 ], [ 79.2417356, 30.0807939 ], [ 79.2418474, 30.0809081 ], [ 79.241995, 30.0809468 ], [ 79.2425675, 30.08091 ], [ 79.2428113, 30.0808617 ], [ 79.2429455, 30.0807765 ], [ 79.2429589, 30.0807494 ], [ 79.2429701, 30.0805811 ], [ 79.2430338, 30.0804017 ], [ 79.2432239, 30.0802759 ], [ 79.2436443, 30.0800998 ], [ 79.2439015, 30.0800359 ], [ 79.2442794, 30.0800437 ], [ 79.2449168, 30.0801753 ], [ 79.2450957, 30.0802294 ], [ 79.245212, 30.0803243 ], [ 79.2452925, 30.0804965 ], [ 79.2453193, 30.0806881 ], [ 79.2453484, 30.0808158 ], [ 79.2454132, 30.0808603 ], [ 79.2455362, 30.0808758 ], [ 79.245704, 30.0808042 ], [ 79.2458337, 30.0807074 ], [ 79.2459947, 30.0804888 ], [ 79.2460618, 30.0803997 ], [ 79.2461624, 30.0804017 ], [ 79.2463413, 30.0804849 ], [ 79.2467237, 30.0805487 ], [ 79.2469071, 30.0805507 ], [ 79.2470972, 30.0804791 ], [ 79.2473164, 30.0803591 ], [ 79.2477256, 30.080094 ], [ 79.2480946, 30.0797766 ], [ 79.2482914, 30.0797244 ], [ 79.248524, 30.0795696 ], [ 79.2487991, 30.079316 ], [ 79.2489623, 30.0792328 ], [ 79.2492195, 30.0790432 ], [ 79.2493425, 30.0789542 ], [ 79.249423, 30.0789309 ], [ 79.2494968, 30.0789735 ], [ 79.2495862, 30.0790761 ], [ 79.2498121, 30.0791651 ], [ 79.250492, 30.0791283 ], [ 79.2506373, 30.0790625 ], [ 79.2508744, 30.0790219 ], [ 79.2509772, 30.0790393 ], [ 79.2510555, 30.0791032 ], [ 79.2512121, 30.0791999 ], [ 79.2515095, 30.0792677 ], [ 79.2525114, 30.0799914 ], [ 79.2528446, 30.0802778 ], [ 79.2529797, 30.0803604 ], [ 79.2530123, 30.0803804 ], [ 79.2539136, 30.0804094 ], [ 79.2539985, 30.0803514 ], [ 79.2541081, 30.0802159 ], [ 79.2541931, 30.0800417 ], [ 79.2543027, 30.0798037 ], [ 79.2544861, 30.0796721 ], [ 79.2546605, 30.0796237 ], [ 79.2549512, 30.0795889 ], [ 79.2552375, 30.0794534 ], [ 79.2553046, 30.0793625 ], [ 79.255356, 30.079198 ], [ 79.2554141, 30.079078 ], [ 79.2555685, 30.078958 ], [ 79.2558346, 30.078869 ], [ 79.256302, 30.0786465 ], [ 79.2566039, 30.0784007 ], [ 79.256832, 30.0782846 ], [ 79.2569639, 30.0782827 ], [ 79.2570735, 30.0783465 ], [ 79.2571339, 30.0783407 ], [ 79.2572479, 30.0782904 ], [ 79.2574671, 30.0781704 ], [ 79.2577511, 30.0781375 ], [ 79.2578898, 30.078062 ], [ 79.2580508, 30.0777834 ], [ 79.2581201, 30.0774408 ], [ 79.2580575, 30.0770383 ], [ 79.2580888, 30.0766416 ], [ 79.2581559, 30.0765448 ], [ 79.2583683, 30.0764307 ], [ 79.2590706, 30.0762681 ], [ 79.2592964, 30.0761578 ], [ 79.2593233, 30.0760494 ], [ 79.2592159, 30.0759081 ], [ 79.258528, 30.0753493 ], [ 79.258331, 30.0751208 ], [ 79.2582883, 30.0749697 ], [ 79.2583391, 30.0748062 ], [ 79.2585524, 30.0745443 ], [ 79.2586925, 30.0743633 ], [ 79.2588205, 30.0741875 ], [ 79.2592227, 30.073952 ], [ 79.2594969, 30.0738483 ], [ 79.2596004, 30.0738078 ], [ 79.2596675, 30.0737024 ], [ 79.2596634, 30.0734141 ], [ 79.2597487, 30.0731083 ], [ 79.2598421, 30.072878 ], [ 79.260029, 30.072646 ], [ 79.2602138, 30.0725775 ], [ 79.2605002, 30.072632 ], [ 79.260616, 30.0727093 ], [ 79.2606505, 30.0728358 ], [ 79.2606201, 30.073038 ], [ 79.2605185, 30.0732331 ], [ 79.2603337, 30.073393 ], [ 79.2603174, 30.0735319 ], [ 79.2604118, 30.0736459 ], [ 79.2606799, 30.0738322 ], [ 79.2608221, 30.0739043 ], [ 79.2612263, 30.0739676 ], [ 79.2615774, 30.0739712 ], [ 79.2618483, 30.0739267 ], [ 79.262042, 30.07386 ], [ 79.2622417, 30.073641 ], [ 79.2624987, 30.0732492 ], [ 79.2627498, 30.0730866 ], [ 79.2630405, 30.0730507 ], [ 79.263604, 30.073114 ], [ 79.2638986, 30.0731602 ], [ 79.2641457, 30.0731226 ], [ 79.2643296, 30.0729737 ], [ 79.2643988, 30.0726846 ], [ 79.2645055, 30.0724519 ], [ 79.2646538, 30.0723287 ], [ 79.2648931, 30.0722876 ], [ 79.2655356, 30.0722773 ], [ 79.2660398, 30.0722346 ], [ 79.2665835, 30.0720652 ], [ 79.2666923, 30.0720104 ], [ 79.2667397, 30.0717555 ], [ 79.2664787, 30.0709804 ], [ 79.2664056, 30.0706998 ], [ 79.2665203, 30.0704945 ], [ 79.2666863, 30.0703764 ], [ 79.2669117, 30.0703251 ], [ 79.2671885, 30.070349 ], [ 79.2673579, 30.0704607 ], [ 79.2674271, 30.0706073 ], [ 79.2678082, 30.0711719 ], [ 79.2679025, 30.0712819 ], [ 79.268043, 30.0713535 ], [ 79.2684222, 30.0714418 ], [ 79.2685454, 30.0715067 ], [ 79.268861, 30.0718515 ], [ 79.2691497, 30.0721846 ], [ 79.2694634, 30.0723762 ], [ 79.2696251, 30.0724544 ], [ 79.2698714, 30.0724778 ], [ 79.2700524, 30.0723745 ], [ 79.2701986, 30.0722596 ], [ 79.2702795, 30.0718981 ], [ 79.2702872, 30.07164 ], [ 79.2701986, 30.0712985 ], [ 79.2701909, 30.0711603 ], [ 79.2702814, 30.071012 ], [ 79.2703911, 30.0709537 ], [ 79.2705066, 30.0709471 ], [ 79.2707953, 30.0709804 ], [ 79.2710532, 30.0709021 ], [ 79.271263, 30.0707972 ], [ 79.2713515, 30.0706406 ], [ 79.2713534, 30.0701976 ], [ 79.2714285, 30.0698395 ], [ 79.271517, 30.0696696 ], [ 79.2716132, 30.0696079 ], [ 79.2717788, 30.0695996 ], [ 79.2719347, 30.0696562 ], [ 79.2721059, 30.0699144 ], [ 79.2721733, 30.0701393 ], [ 79.2723792, 30.0703958 ], [ 79.2732838, 30.0709787 ], [ 79.2734089, 30.0712835 ], [ 79.2733935, 30.0713918 ], [ 79.2732415, 30.0715883 ], [ 79.2732107, 30.0717266 ], [ 79.2732665, 30.0718798 ], [ 79.2733724, 30.0719448 ], [ 79.2734898, 30.0719864 ], [ 79.2736784, 30.0719564 ], [ 79.2739324, 30.0718582 ], [ 79.2741615, 30.0716383 ], [ 79.2743462, 30.0713135 ], [ 79.2745714, 30.0711353 ], [ 79.2747177, 30.071117 ], [ 79.2748928, 30.0711436 ], [ 79.2750122, 30.0711003 ], [ 79.275043, 30.0710204 ], [ 79.2749948, 30.0707889 ], [ 79.2746773, 30.0700377 ], [ 79.2746369, 30.0699011 ], [ 79.2746638, 30.0698128 ], [ 79.27476, 30.0697745 ], [ 79.2749447, 30.0697936 ], [ 79.2752603, 30.0698887 ], [ 79.2756117, 30.0699362 ], [ 79.2759466, 30.0699195 ], [ 79.2763665, 30.0698459 ], [ 79.2767042, 30.0697129 ], [ 79.2770006, 30.0695656 ], [ 79.2771818, 30.0693684 ], [ 79.27719, 30.0692045 ], [ 79.277072, 30.0689266 ], [ 79.2769786, 30.0686368 ], [ 79.2769951, 30.0684634 ], [ 79.2771845, 30.0682068 ], [ 79.2772724, 30.0680809 ], [ 79.2772751, 30.0679479 ], [ 79.2770582, 30.0679051 ], [ 79.2767508, 30.0679479 ], [ 79.2765449, 30.0679787 ], [ 79.2764599, 30.0679455 ], [ 79.2764159, 30.0677198 ], [ 79.2764763, 30.0672566 ], [ 79.2765559, 30.0670737 ], [ 79.2767563, 30.0669287 ], [ 79.2769786, 30.0668884 ], [ 79.2771406, 30.0669406 ], [ 79.2775084, 30.0672803 ], [ 79.2776649, 30.0673587 ], [ 79.2778021, 30.067392 ], [ 79.2779888, 30.0673563 ], [ 79.2780848, 30.0672613 ], [ 79.2781974, 30.066924 ], [ 79.2782742, 30.0666437 ], [ 79.2786832, 30.0661472 ], [ 79.2787189, 30.0660047 ], [ 79.2786448, 30.0657481 ], [ 79.2783154, 30.0653466 ], [ 79.2781123, 30.0651352 ], [ 79.2781178, 30.0650425 ], [ 79.2782441, 30.0649024 ], [ 79.2784527, 30.0648002 ], [ 79.278815, 30.0647907 ], [ 79.278966, 30.0648644 ], [ 79.2793859, 30.0651114 ], [ 79.279644, 30.0651138 ], [ 79.2806459, 30.0648002 ], [ 79.2810905, 30.0646173 ], [ 79.2816697, 30.0643061 ], [ 79.2818756, 30.0642918 ], [ 79.2820101, 30.0643441 ], [ 79.2820595, 30.0644985 ], [ 79.2821336, 30.0647076 ], [ 79.2823257, 30.0647788 ], [ 79.2825069, 30.0647765 ], [ 79.2826875, 30.0646945 ], [ 79.2827589, 30.0645092 ], [ 79.2827149, 30.0643334 ], [ 79.2827973, 30.0641386 ], [ 79.2827094, 30.0638487 ], [ 79.2824899, 30.0635494 ], [ 79.281864, 30.0630458 ], [ 79.2818091, 30.0628225 ], [ 79.2819299, 30.0627227 ], [ 79.282133, 30.0627464 ], [ 79.2825777, 30.0629935 ], [ 79.2831047, 30.0632928 ], [ 79.2835329, 30.0634924 ], [ 79.2841478, 30.0634686 ], [ 79.2845376, 30.0633689 ], [ 79.2848724, 30.063117 ], [ 79.2849105, 30.0630554 ] ] } },
{ "type": "Feature", "properties": { "full_id": "w82863006", "osm_id": "82863006", "osm_type": "way", "waterway": "river", "intermittent": null, "alt_name": null, "wikidata": null, "name:uk": null, "layer": null, "width": null, "tunnel": null, "name:ml": "അളകനന്ദ", "name:kn": "ಅಲಕನಂದಾ", "name:hi": "अलकनन्दा", "name:en": null, "name": "Alaknanda", "int_name": null, "boat": null }, "geometry": { "type": "LineString", "coordinates": [ [ 79.5755586, 30.5624925 ], [ 79.5739317, 30.5626397 ], [ 79.573288, 30.5628615 ], [ 79.5720434, 30.5629076 ], [ 79.5682388, 30.5629575 ], [ 79.5673227, 30.562806 ], [ 79.5666361, 30.5630277 ], [ 79.5654023, 30.5637576 ], [ 79.5597696, 30.5651895 ], [ 79.5590079, 30.5653835 ], [ 79.5577741, 30.5663719 ], [ 79.5573342, 30.5664458 ], [ 79.5558858, 30.5663535 ], [ 79.5543585, 30.5664508 ], [ 79.5530641, 30.5666583 ], [ 79.5506608, 30.5676098 ], [ 79.5501311, 30.5676169 ], [ 79.5491856, 30.5669955 ], [ 79.5482468, 30.5665152 ], [ 79.5477479, 30.5660555 ], [ 79.5472598, 30.566104 ], [ 79.5463586, 30.564783 ], [ 79.5452642, 30.5640255 ], [ 79.5439768, 30.5632125 ], [ 79.5430863, 30.5628245 ], [ 79.5421851, 30.5616974 ], [ 79.5410371, 30.5606904 ], [ 79.5398784, 30.5596742 ], [ 79.5386338, 30.5588335 ], [ 79.5371532, 30.5589259 ], [ 79.5358229, 30.5585471 ], [ 79.5350397, 30.5570551 ], [ 79.533838, 30.5558309 ], [ 79.5332694, 30.5553597 ], [ 79.5329904, 30.5548007 ], [ 79.5321482, 30.5529436 ], [ 79.5300937, 30.5518026 ], [ 79.529053, 30.5504906 ], [ 79.5276475, 30.5486242 ], [ 79.5259631, 30.5470904 ], [ 79.5244396, 30.5464066 ], [ 79.5228195, 30.5457783 ], [ 79.5220041, 30.5441613 ], [ 79.5213175, 30.5420731 ], [ 79.5200415, 30.5385654 ], [ 79.5192736, 30.5363716 ], [ 79.5185024, 30.5358676 ], [ 79.5183617, 30.5357756 ], [ 79.5175195, 30.5354475 ], [ 79.5168508, 30.534632 ], [ 79.5159579, 30.5332278 ], [ 79.5146546, 30.5326119 ], [ 79.5127881, 30.5318066 ], [ 79.5108899, 30.5311701 ], [ 79.5099128, 30.5303532 ], [ 79.5091188, 30.5290896 ], [ 79.5090115, 30.5284612 ], [ 79.5083532, 30.5276686 ], [ 79.5071934, 30.5275079 ], [ 79.5070696, 30.5274908 ], [ 79.5056964, 30.527054 ], [ 79.5046019, 30.5263726 ], [ 79.5039475, 30.5258181 ], [ 79.5029495, 30.5258778 ], [ 79.501463, 30.5258969 ], [ 79.5009693, 30.5257325 ], [ 79.5002997, 30.5253698 ], [ 79.4994253, 30.5249955 ], [ 79.4990122, 30.5246351 ], [ 79.4983524, 30.5238311 ], [ 79.4980949, 30.5226157 ], [ 79.4977382, 30.5219018 ], [ 79.4956005, 30.5217516 ], [ 79.4943344, 30.5198569 ], [ 79.4932616, 30.5176202 ], [ 79.4918454, 30.5156238 ], [ 79.4908476, 30.5139878 ], [ 79.4898391, 30.5114274 ], [ 79.4890666, 30.5106418 ], [ 79.4887482, 30.5103617 ], [ 79.4875324, 30.5092922 ], [ 79.4851183, 30.506778 ], [ 79.4840991, 30.5055117 ], [ 79.4832945, 30.5052251 ], [ 79.4832945, 30.5044671 ], [ 79.4831335, 30.5025259 ], [ 79.4827366, 30.5004367 ], [ 79.4821572, 30.4996694 ], [ 79.4802046, 30.4984584 ], [ 79.4788206, 30.498218 ], [ 79.4776726, 30.4976356 ], [ 79.4767713, 30.4967019 ], [ 79.4764454, 30.495628 ], [ 79.4760847, 30.4944925 ], [ 79.4759491, 30.4927543 ], [ 79.4743091, 30.4910383 ], [ 79.4737555, 30.4903544 ], [ 79.4733306, 30.4899294 ], [ 79.4732856, 30.4896432 ], [ 79.4732773, 30.4893091 ], [ 79.4732707, 30.4890433 ], [ 79.4728116, 30.4869927 ], [ 79.4713339, 30.4852434 ], [ 79.4694343, 30.4847442 ], [ 79.4660872, 30.4852392 ], [ 79.4639401, 30.4848911 ], [ 79.4628583, 30.4837753 ], [ 79.4608481, 30.4828503 ], [ 79.4603557, 30.4823113 ], [ 79.4599974, 30.4819192 ], [ 79.4580967, 30.4799066 ], [ 79.4558479, 30.4785192 ], [ 79.4546298, 30.4771537 ], [ 79.4536843, 30.4749734 ], [ 79.4531077, 30.4743765 ], [ 79.4525096, 30.4739831 ], [ 79.4513778, 30.4735291 ], [ 79.4507989, 30.4726688 ], [ 79.4505303, 30.4722697 ], [ 79.4497582, 30.4714338 ], [ 79.4482126, 30.4705409 ], [ 79.4471694, 30.4702063 ], [ 79.4391616, 30.4699829 ], [ 79.436813, 30.4689898 ], [ 79.4327188, 30.4635829 ], [ 79.4283628, 30.4578299 ], [ 79.4277406, 30.457645 ], [ 79.4267857, 30.4570716 ], [ 79.4261849, 30.4566831 ], [ 79.4259167, 30.4563872 ], [ 79.425627, 30.4559063 ], [ 79.4253588, 30.4555271 ], [ 79.4253266, 30.4549722 ], [ 79.4257021, 30.4541583 ], [ 79.4259295, 30.4529232 ], [ 79.4252317, 30.4510748 ], [ 79.4256471, 30.4494416 ], [ 79.4267258, 30.4470808 ], [ 79.4274089, 30.4462029 ], [ 79.4271905, 30.4456331 ], [ 79.4269566, 30.4439127 ], [ 79.426587, 30.4420058 ], [ 79.4263124, 30.440056 ], [ 79.4264795, 30.4394393 ], [ 79.4264879, 30.4389829 ], [ 79.4262281, 30.4383323 ], [ 79.4257862, 30.43704 ], [ 79.4248288, 30.4347733 ], [ 79.4244892, 30.4339856 ], [ 79.4244359, 30.433862 ], [ 79.4248832, 30.4317135 ], [ 79.4253304, 30.429861 ], [ 79.4222592, 30.4252562 ], [ 79.4217084, 30.4248701 ], [ 79.4211047, 30.4238355 ], [ 79.4183021, 30.4222829 ], [ 79.4158338, 30.4217994 ], [ 79.414935, 30.4213052 ], [ 79.4136939, 30.419949 ], [ 79.4135015, 30.4187639 ], [ 79.4131704, 30.4182719 ], [ 79.4127989, 30.4177309 ], [ 79.4126529, 30.4160292 ], [ 79.4118554, 30.4147542 ], [ 79.4109211, 30.4149572 ], [ 79.4095413, 30.4147832 ], [ 79.4056022, 30.4148331 ], [ 79.4037673, 30.4135528 ], [ 79.4007905, 30.4133426 ], [ 79.3995361, 30.4127413 ], [ 79.3965673, 30.4122747 ], [ 79.3937122, 30.413459 ], [ 79.3891882, 30.4116357 ], [ 79.3886307, 30.4096217 ] ] } },
{ "type": "Feature", "properties": { "full_id": "w129547190", "osm_id": "129547190", "osm_type": "way", "waterway": "river", "intermittent": null, "alt_name": null, "wikidata": null, "name:uk": null, "layer": null, "width": null, "tunnel": null, "name:ml": "അളകനന്ദ", "name:kn": null, "name:hi": null, "name:en": null, "name": "Alaknanda", "int_name": null, "boat": null }, "geometry": { "type": "LineString", "coordinates": [ [ 79.507763, 30.6854763 ], [ 79.5075762, 30.6851453 ], [ 79.5074261, 30.6848509 ], [ 79.5072249, 30.6842931 ], [ 79.5074887, 30.6840805 ], [ 79.507598, 30.6828086 ], [ 79.5082067, 30.6824313 ], [ 79.5088806, 30.6818071 ], [ 79.5091059, 30.6813586 ], [ 79.5088264, 30.6809094 ], [ 79.5082643, 30.6800616 ], [ 79.508492, 30.6790468 ], [ 79.5092028, 30.6779042 ], [ 79.50911, 30.6767713 ], [ 79.509375, 30.6763666 ], [ 79.510486, 30.6761152 ], [ 79.5117603, 30.6754208 ], [ 79.5129429, 30.6746554 ], [ 79.5135552, 30.6724632 ], [ 79.5136904, 30.6722534 ], [ 79.5143369, 30.6712213 ], [ 79.5153955, 30.6703109 ], [ 79.5157277, 30.669868 ], [ 79.5159539, 30.669134 ], [ 79.5167565, 30.6686358 ], [ 79.5168885, 30.6678914 ], [ 79.5167884, 30.666389 ], [ 79.5172144, 30.6651057 ], [ 79.5174873, 30.6647709 ], [ 79.5180344, 30.6644387 ], [ 79.5181538, 30.6639969 ], [ 79.5181698, 30.6638049 ], [ 79.5176438, 30.6629611 ], [ 79.5178413, 30.6614763 ], [ 79.5183491, 30.6602377 ], [ 79.5183996, 30.6592591 ], [ 79.5197081, 30.6576185 ], [ 79.5197071, 30.6569733 ], [ 79.518208, 30.6552853 ], [ 79.5181442, 30.6545275 ], [ 79.5188549, 30.6539714 ], [ 79.5195052, 30.6533429 ], [ 79.5198934, 30.6529678 ], [ 79.5213659, 30.6519784 ], [ 79.5227709, 30.6511804 ], [ 79.5248728, 30.6501519 ], [ 79.5258778, 30.6500471 ], [ 79.5264864, 30.6499837 ], [ 79.5272474, 30.6502409 ], [ 79.5281453, 30.6497809 ], [ 79.5294043, 30.6481137 ], [ 79.5305752, 30.6479014 ], [ 79.5315923, 30.6470102 ], [ 79.5323467, 30.6465335 ], [ 79.5326981, 30.6455916 ], [ 79.5324026, 30.6444756 ], [ 79.5326378, 30.6441408 ], [ 79.5339738, 30.6439676 ], [ 79.5342864, 30.6437249 ], [ 79.5352604, 30.6430438 ], [ 79.5361553, 30.642418 ], [ 79.5376131, 30.6412588 ], [ 79.5397174, 30.6406167 ], [ 79.5402431, 30.6399152 ], [ 79.5417452, 30.6397398 ], [ 79.5426035, 30.6389921 ], [ 79.5429933, 30.6379594 ], [ 79.5444836, 30.6373829 ], [ 79.5455349, 30.6359156 ], [ 79.54713, 30.6350538 ], [ 79.5493309, 30.6353516 ], [ 79.5501029, 30.634958 ], [ 79.5508248, 30.6337409 ], [ 79.5506218, 30.6328805 ], [ 79.5521307, 30.631847 ], [ 79.5521736, 30.6311269 ], [ 79.5526572, 30.6305928 ], [ 79.55271, 30.6293082 ], [ 79.5534289, 30.6286528 ], [ 79.5538967, 30.6274821 ], [ 79.554491, 30.6268433 ], [ 79.5552313, 30.6266955 ], [ 79.5559823, 30.6268525 ], [ 79.5574427, 30.6261045 ], [ 79.5581067, 30.6253384 ], [ 79.5583212, 30.6244429 ], [ 79.5587563, 30.6241122 ], [ 79.5609947, 30.6224106 ], [ 79.5614675, 30.6220104 ], [ 79.5619567, 30.6216022 ], [ 79.5633101, 30.6204728 ], [ 79.5639272, 30.6196468 ], [ 79.5650248, 30.6178316 ], [ 79.565763, 30.6173164 ], [ 79.5662177, 30.6162441 ], [ 79.5662928, 30.6153116 ], [ 79.5664398, 30.6148602 ], [ 79.5665817, 30.6144246 ], [ 79.5681362, 30.6136341 ], [ 79.568677, 30.6114375 ], [ 79.5681703, 30.6105932 ], [ 79.5684395, 30.609855 ], [ 79.570224, 30.6081632 ], [ 79.5703892, 30.6074121 ], [ 79.5705266, 30.6067873 ], [ 79.5708418, 30.6057639 ], [ 79.5707476, 30.6052233 ], [ 79.570713, 30.6050251 ], [ 79.570874, 30.6044064 ], [ 79.571329, 30.6041244 ], [ 79.5720265, 30.603692 ], [ 79.5721078, 30.6026888 ], [ 79.5716357, 30.6014329 ], [ 79.5720005, 30.5997245 ], [ 79.5711558, 30.597361 ], [ 79.5706169, 30.5958531 ], [ 79.5706218, 30.5940542 ], [ 79.5702302, 30.5930567 ], [ 79.5710055, 30.5911127 ], [ 79.5708096, 30.5904985 ], [ 79.5704234, 30.5902538 ], [ 79.5702463, 30.5895703 ], [ 79.570874, 30.5876123 ], [ 79.5704418, 30.5869671 ], [ 79.5702195, 30.5864209 ], [ 79.5702839, 30.5858667 ], [ 79.5707291, 30.5850909 ], [ 79.570756, 30.5842135 ], [ 79.5706648, 30.5836939 ], [ 79.5706346, 30.5830826 ], [ 79.5706862, 30.5820578 ], [ 79.5705608, 30.5814048 ], [ 79.5709544, 30.5807728 ], [ 79.5713273, 30.5803457 ], [ 79.5715326, 30.5797266 ], [ 79.5722308, 30.5791865 ], [ 79.5728534, 30.5785861 ], [ 79.5729285, 30.5780157 ], [ 79.5733523, 30.5776416 ], [ 79.5737412, 30.5771798 ], [ 79.5738602, 30.5767623 ], [ 79.5739657, 30.5763956 ], [ 79.5741355, 30.5759097 ], [ 79.5744521, 30.5755309 ], [ 79.5744252, 30.5749906 ], [ 79.5745647, 30.5746026 ], [ 79.5756159, 30.5744535 ], [ 79.5765597, 30.5731128 ], [ 79.5764798, 30.5720993 ], [ 79.5771751, 30.5703096 ], [ 79.5772898, 30.5698962 ], [ 79.5770896, 30.5693185 ], [ 79.577036, 30.5689854 ], [ 79.5765283, 30.5676498 ], [ 79.5766836, 30.5665382 ], [ 79.5768285, 30.5659516 ], [ 79.5765965, 30.5653658 ], [ 79.5762992, 30.5632591 ], [ 79.5761404, 30.5628874 ], [ 79.5755586, 30.5624925 ] ] } },
{ "type": "Feature", "properties": { "full_id": "w146350133", "osm_id": "146350133", "osm_type": "way", "waterway": "river", "intermittent": null, "alt_name": null, "wikidata": null, "name:uk": null, "layer": null, "width": null, "tunnel": null, "name:ml": null, "name:kn": "ರಾಮಗಂಗಾ", "name:hi": null, "name:en": null, "name": "Ramganga", "int_name": null, "boat": null }, "geometry": { "type": "LineString", "coordinates": [ [ 79.0962543, 29.6055914 ], [ 79.0958525, 29.6058067 ], [ 79.0954351, 29.6061595 ], [ 79.094989, 29.6064061 ], [ 79.0943902, 29.6065379 ], [ 79.0936086, 29.6062664 ], [ 79.0932887, 29.6058907 ], [ 79.0923532, 29.605853 ], [ 79.091687, 29.6060098 ], [ 79.091083, 29.6061038 ], [ 79.0907297, 29.6059682 ], [ 79.0907211, 29.6057551 ], [ 79.0907454, 29.6052666 ] ] } },
{ "type": "Feature", "properties": { "full_id": "w158428939", "osm_id": "158428939", "osm_type": "way", "waterway": "river", "intermittent": null, "alt_name": null, "wikidata": null, "name:uk": null, "layer": null, "width": "60 m", "tunnel": "culvert", "name:ml": null, "name:kn": null, "name:hi": null, "name:en": null, "name": null, "int_name": null, "boat": null }, "geometry": { "type": "LineString", "coordinates": [ [ 78.7595257, 29.5204668 ], [ 78.7576642, 29.5166907 ] ] } },
{ "type": "Feature", "properties": { "full_id": "w158429011", "osm_id": "158429011", "osm_type": "way", "waterway": "river", "intermittent": null, "alt_name": null, "wikidata": null, "name:uk": null, "layer": null, "width": null, "tunnel": null, "name:ml": null, "name:kn": "ರಾಮಗಂಗಾ", "name:hi": null, "name:en": null, "name": "Ramganga", "int_name": null, "boat": null }, "geometry": { "type": "LineString", "coordinates": [ [ 78.7994278, 28.8245418 ], [ 78.8007903, 28.8225961 ], [ 78.8012731, 28.8215621 ], [ 78.8019383, 28.820312 ], [ 78.8023889, 28.819654 ], [ 78.8028288, 28.8190618 ], [ 78.8036764, 28.8174355 ], [ 78.8048987, 28.8146614 ], [ 78.8052535, 28.8135532 ], [ 78.8053715, 28.8122747 ], [ 78.8053179, 28.8116073 ], [ 78.8054359, 28.8107424 ], [ 78.8058114, 28.8092665 ], [ 78.8059401, 28.8085238 ], [ 78.8061118, 28.8077059 ], [ 78.8064873, 28.8067846 ], [ 78.807013, 28.805365 ], [ 78.8077211, 28.8035694 ], [ 78.8083434, 28.8022437 ], [ 78.808794, 28.8014164 ], [ 78.8100386, 28.7991882 ], [ 78.8109612, 28.7978061 ], [ 78.8116693, 28.7969129 ], [ 78.8125276, 28.7962078 ], [ 78.8147056, 28.7948633 ], [ 78.8161755, 28.7939795 ], [ 78.8170659, 28.7937632 ], [ 78.8187826, 28.7931144 ], [ 78.8195228, 28.7924845 ], [ 78.8204455, 28.7920144 ], [ 78.8220334, 28.7914408 ], [ 78.823396, 28.7912998 ], [ 78.8256597, 28.7911399 ], [ 78.8275802, 28.7911869 ], [ 78.8285994, 28.7910083 ], [ 78.8292646, 28.790745 ], [ 78.830359, 28.789833 ], [ 78.8311851, 28.7889679 ], [ 78.8317859, 28.7882721 ], [ 78.831979, 28.7878302 ], [ 78.8319898, 28.7870121 ], [ 78.8317215, 28.7862505 ], [ 78.8313031, 28.7858273 ], [ 78.8302731, 28.7853008 ], [ 78.8284814, 28.7846332 ], [ 78.8257563, 28.7838621 ], [ 78.8245225, 28.7835236 ], [ 78.822881, 28.7830534 ], [ 78.8216686, 28.7826209 ], [ 78.8197052, 28.7816617 ], [ 78.8183534, 28.7808906 ], [ 78.8175809, 28.7800913 ], [ 78.8171196, 28.7794801 ], [ 78.816669, 28.7784833 ], [ 78.8165402, 28.7776558 ], [ 78.8166153, 28.7761324 ], [ 78.8168453, 28.7747389 ], [ 78.8171518, 28.7736215 ], [ 78.8180508, 28.7716006 ], [ 78.8185573, 28.7708378 ], [ 78.8192975, 28.7701325 ], [ 78.8198984, 28.7697375 ], [ 78.8209712, 28.7693896 ], [ 78.8221836, 28.7689475 ], [ 78.8238037, 28.7682892 ], [ 78.8250375, 28.7676967 ], [ 78.8256705, 28.7672641 ], [ 78.8270116, 28.7660603 ], [ 78.8281917, 28.7650258 ], [ 78.8286316, 28.7644803 ], [ 78.8299835, 28.7634457 ], [ 78.8323545, 28.7615553 ], [ 78.8329553, 28.760944 ], [ 78.8334703, 28.7604361 ], [ 78.8340497, 28.7596648 ], [ 78.8346612, 28.7587431 ], [ 78.8351118, 28.757605 ], [ 78.835144, 28.7566269 ], [ 78.8351333, 28.7556863 ], [ 78.8351801, 28.7546084 ], [ 78.8352485, 28.7543186 ], [ 78.8356475, 28.753359 ], [ 78.8356817, 28.7531292 ], [ 78.8356589, 28.7528793 ], [ 78.8354879, 28.7521696 ], [ 78.8349748, 28.7511701 ], [ 78.8349064, 28.7510602 ], [ 78.8329113, 28.7490311 ], [ 78.8324895, 28.7484614 ], [ 78.8323983, 28.7482614 ], [ 78.8323869, 28.7481915 ] ] } },
{ "type": "Feature", "properties": { "full_id": "w164424649", "osm_id": "164424649", "osm_type": "way", "waterway": "river", "intermittent": null, "alt_name": null, "wikidata": null, "name:uk": null, "layer": null, "width": null, "tunnel": null, "name:ml": null, "name:kn": null, "name:hi": null, "name:en": null, "name": "Kail Ganga", "int_name": null, "boat": null }, "geometry": { "type": "LineString", "coordinates": [ [ 79.7803531, 30.2335269 ], [ 79.7764855, 30.2303618 ], [ 79.7744068, 30.2269933 ], [ 79.7721893, 30.223197 ], [ 79.7717301, 30.2214291 ], [ 79.7717205, 30.2183549 ], [ 79.771846, 30.2151954 ], [ 79.7710199, 30.2121293 ], [ 79.7701959, 30.2104855 ], [ 79.7702549, 30.2073803 ], [ 79.7706991, 30.2064244 ], [ 79.7701648, 30.2053331 ], [ 79.7700271, 30.2043203 ], [ 79.7697828, 30.2025226 ], [ 79.7659601, 30.1983416 ], [ 79.7657999, 30.1980011 ], [ 79.7652934, 30.1969244 ], [ 79.7647446, 30.1967752 ], [ 79.7637539, 30.1965058 ], [ 79.7629754, 30.1953694 ], [ 79.7610206, 30.1947564 ], [ 79.7601211, 30.1940238 ], [ 79.7596713, 30.1943826 ], [ 79.7590832, 30.1941135 ], [ 79.7585815, 30.1941733 ], [ 79.7581663, 30.1940387 ], [ 79.7573706, 30.1943826 ], [ 79.7564538, 30.1941135 ], [ 79.7557618, 30.1940537 ], [ 79.7552602, 30.1941434 ], [ 79.7547931, 30.1938294 ], [ 79.7540146, 30.1937397 ], [ 79.7534438, 30.1933659 ], [ 79.752821, 30.1932164 ], [ 79.7524059, 30.1927529 ], [ 79.751489, 30.1918707 ], [ 79.750849, 30.1916464 ], [ 79.7503927, 30.1916508 ], [ 79.7500443, 30.1913417 ], [ 79.7493302, 30.1905401 ], [ 79.7485834, 30.1899087 ], [ 79.7476395, 30.1888233 ], [ 79.7460883, 30.1885891 ], [ 79.746195, 30.1878301 ], [ 79.7458667, 30.1872554 ], [ 79.7454481, 30.1866453 ], [ 79.7446028, 30.1858365 ], [ 79.7441514, 30.1849426 ], [ 79.744072, 30.1849438 ], [ 79.7436835, 30.1849497 ], [ 79.7437401, 30.1841549 ], [ 79.7431729, 30.1833172 ], [ 79.7421323, 30.1834386 ], [ 79.7413034, 30.1829136 ], [ 79.7407918, 30.1830062 ], [ 79.7408712, 30.1815157 ], [ 79.7404324, 30.1811155 ], [ 79.7388037, 30.1812784 ], [ 79.7354081, 30.1808515 ], [ 79.7314071, 30.1786362 ], [ 79.7284395, 30.1792171 ], [ 79.7244788, 30.178557 ], [ 79.7229328, 30.1792036 ], [ 79.7209537, 30.1787434 ], [ 79.7193408, 30.1774425 ], [ 79.7172813, 30.1765065 ], [ 79.7168772, 30.1763228 ], [ 79.7162842, 30.1759661 ], [ 79.7162139, 30.1759239 ], [ 79.7144853, 30.174884 ], [ 79.7141249, 30.1744137 ], [ 79.7133687, 30.173427 ], [ 79.7140653, 30.1717431 ], [ 79.713987, 30.1709709 ], [ 79.7136686, 30.1705928 ], [ 79.7119968, 30.1686075 ], [ 79.7118069, 30.1680148 ], [ 79.7116511, 30.1674881 ], [ 79.7117199, 30.1669569 ], [ 79.7126218, 30.1663743 ], [ 79.7126641, 30.165732 ], [ 79.7122369, 30.1646429 ], [ 79.7093321, 30.1634389 ], [ 79.7090563, 30.1612164 ], [ 79.707532, 30.1605529 ], [ 79.707296, 30.1602656 ], [ 79.7070767, 30.1599986 ], [ 79.707044, 30.1599588 ], [ 79.7077177, 30.1590479 ], [ 79.7071076, 30.1566116 ], [ 79.7074589, 30.1553081 ], [ 79.7079825, 30.1533654 ], [ 79.7082737, 30.1522848 ], [ 79.7082886, 30.1522294 ], [ 79.7085111, 30.1514039 ], [ 79.7077326, 30.1501998 ], [ 79.7066058, 30.1495517 ], [ 79.7059456, 30.1488992 ], [ 79.7058215, 30.1479334 ], [ 79.706169, 30.1470577 ], [ 79.7064222, 30.1464611 ], [ 79.7048675, 30.1422313 ], [ 79.7042121, 30.1413263 ], [ 79.7032767, 30.1407166 ], [ 79.7030249, 30.1405423 ], [ 79.7026076, 30.1404552 ], [ 79.7020392, 30.1408783 ], [ 79.7017802, 30.1407352 ], [ 79.7016722, 30.1404055 ], [ 79.7014132, 30.1401877 ], [ 79.7009743, 30.1401317 ], [ 79.7004707, 30.1399201 ], [ 79.7000821, 30.1394659 ], [ 79.700039, 30.1390241 ], [ 79.6992331, 30.138433 ], [ 79.698923, 30.1380019 ], [ 79.6989194, 30.1378105 ], [ 79.6992389, 30.137486 ], [ 79.6992959, 30.1371461 ], [ 79.6990364, 30.1369613 ], [ 79.6984615, 30.1370097 ], [ 79.6981359, 30.1368601 ], [ 79.6973371, 30.1361693 ], [ 79.6968385, 30.1353377 ], [ 79.6966045, 30.1344093 ], [ 79.6966655, 30.1341189 ], [ 79.697098, 30.1339693 ], [ 79.6973524, 30.1337537 ], [ 79.6973269, 30.1333885 ], [ 79.6967299, 30.1324155 ], [ 79.6964898, 30.1319041 ], [ 79.6964034, 30.1312383 ], [ 79.6963674, 30.1309707 ], [ 79.6957774, 30.1304044 ], [ 79.6953961, 30.1297386 ], [ 79.6944977, 30.1292948 ], [ 79.6936477, 30.1290292 ], [ 79.6927727, 30.1291011 ], [ 79.6916015, 30.1299354 ], [ 79.6887385, 30.1288151 ], [ 79.6854968, 30.127769 ], [ 79.685913, 30.1267599 ], [ 79.685476, 30.1261668 ], [ 79.6839324, 30.1254087 ], [ 79.6826496, 30.124387 ], [ 79.6814576, 30.124592 ], [ 79.6805648, 30.1243219 ], [ 79.6805325, 30.1241647 ], [ 79.6805162, 30.1240851 ], [ 79.6804534, 30.1237791 ], [ 79.6791634, 30.1233699 ], [ 79.6783428, 30.1224376 ], [ 79.6783819, 30.12188 ], [ 79.6785032, 30.1208049 ], [ 79.6766722, 30.1193771 ], [ 79.6763412, 30.1188162 ], [ 79.6753882, 30.1172015 ], [ 79.6737093, 30.1161797 ], [ 79.6735182, 30.1158088 ], [ 79.6723141, 30.1134721 ], [ 79.6730197, 30.1119196 ], [ 79.6721394, 30.1096951 ], [ 79.6702203, 30.1097907 ], [ 79.6676832, 30.1088247 ], [ 79.6676394, 30.108808 ], [ 79.6663978, 30.1091473 ], [ 79.6651549, 30.1082522 ], [ 79.6645295, 30.1058206 ], [ 79.6634825, 30.1051679 ], [ 79.6613798, 30.10285 ], [ 79.6612508, 30.1026909 ], [ 79.6608498, 30.1009439 ], [ 79.6608012, 30.0998158 ], [ 79.6603397, 30.0990772 ], [ 79.6582935, 30.0976012 ], [ 79.657157, 30.0967814 ], [ 79.6542718, 30.0956787 ], [ 79.6533413, 30.0950701 ], [ 79.6529632, 30.0951271 ], [ 79.6523475, 30.0951551 ], [ 79.6517725, 30.0954308 ], [ 79.6511858, 30.0956072 ], [ 79.6507411, 30.0952359 ], [ 79.6503007, 30.0951716 ], [ 79.6491958, 30.0948997 ], [ 79.6477163, 30.0955327 ], [ 79.6464125, 30.0957717 ], [ 79.6456869, 30.0960618 ], [ 79.6451918, 30.0961863 ], [ 79.644825, 30.0963202 ], [ 79.644491, 30.0962288 ], [ 79.6442581, 30.096165 ], [ 79.6437765, 30.0958377 ], [ 79.6434342, 30.0953482 ], [ 79.6431458, 30.0948341 ], [ 79.642732, 30.09458 ], [ 79.6421386, 30.0943368 ], [ 79.6415364, 30.0943664 ], [ 79.6406453, 30.0947361 ], [ 79.6401097, 30.0948803 ], [ 79.6395448, 30.0948375 ], [ 79.6384147, 30.0948936 ], [ 79.6373385, 30.0948428 ], [ 79.6368895, 30.0948825 ], [ 79.6361149, 30.0947726 ], [ 79.63551, 30.0947642 ], [ 79.6354182, 30.0947629 ], [ 79.6347237, 30.0949746 ], [ 79.634448, 30.0953433 ], [ 79.6340666, 30.0953169 ], [ 79.6334045, 30.0951528 ], [ 79.6311429, 30.0951076 ], [ 79.6297897, 30.0944874 ], [ 79.628752, 30.0949195 ], [ 79.6281103, 30.0957715 ], [ 79.6265052, 30.0956101 ], [ 79.6241475, 30.0958741 ], [ 79.6235758, 30.0959969 ], [ 79.6225682, 30.0959501 ], [ 79.6206508, 30.0949914 ], [ 79.6194521, 30.0945701 ], [ 79.6183047, 30.0945385 ], [ 79.6175687, 30.0937077 ], [ 79.6138811, 30.0918232 ], [ 79.6134507, 30.0909372 ], [ 79.6133031, 30.0900858 ], [ 79.6132306, 30.0896106 ], [ 79.6130227, 30.0892898 ], [ 79.6124522, 30.0890953 ], [ 79.6119356, 30.0891634 ], [ 79.6115174, 30.0895423 ], [ 79.6110484, 30.0896667 ], [ 79.6105943, 30.0897802 ], [ 79.6095596, 30.0898117 ], [ 79.6078239, 30.0890744 ], [ 79.6068294, 30.0889998 ], [ 79.6055679, 30.0892788 ], [ 79.6048564, 30.0894352 ], [ 79.6043133, 30.0892946 ], [ 79.604101, 30.0891722 ], [ 79.6036128, 30.0883911 ], [ 79.6030681, 30.0882172 ], [ 79.6022878, 30.0886625 ], [ 79.6011423, 30.0885189 ], [ 79.5999303, 30.087068 ], [ 79.5986502, 30.0860538 ], [ 79.5983697, 30.084985 ], [ 79.5982037, 30.0838357 ], [ 79.597469, 30.0834527 ], [ 79.5966762, 30.0834909 ], [ 79.5953148, 30.082514 ], [ 79.5952575, 30.0822088 ], [ 79.5953477, 30.0818339 ], [ 79.595523, 30.0812836 ], [ 79.5954854, 30.0808871 ], [ 79.5955405, 30.0806336 ], [ 79.5958413, 30.0801562 ], [ 79.5971079, 30.0790374 ], [ 79.5969419, 30.0767674 ], [ 79.5967709, 30.0760771 ], [ 79.5965934, 30.0756658 ], [ 79.5961616, 30.0753443 ], [ 79.5950492, 30.0749859 ], [ 79.5949443, 30.0748203 ], [ 79.5947987, 30.0743764 ], [ 79.5945769, 30.0742744 ], [ 79.5942269, 30.0742003 ], [ 79.5940248, 30.074065 ], [ 79.5935285, 30.0737329 ], [ 79.5929375, 30.0735756 ], [ 79.5922928, 30.0735066 ], [ 79.5918457, 30.0733236 ], [ 79.5917309, 30.0729271 ], [ 79.5917036, 30.0723788 ], [ 79.5918873, 30.0719349 ], [ 79.591972, 30.0716137 ], [ 79.5920398, 30.0708581 ], [ 79.591982, 30.0703276 ], [ 79.5919501, 30.0698347 ], [ 79.5919218, 30.0692126 ], [ 79.5919678, 30.0688111 ], [ 79.5921106, 30.0685205 ], [ 79.5921059, 30.0683575 ], [ 79.5917541, 30.0682148 ], [ 79.5914331, 30.0682074 ], [ 79.5911144, 30.0684158 ], [ 79.5908958, 30.0684411 ], [ 79.5906151, 30.0683759 ], [ 79.5904628, 30.0681706 ], [ 79.5904295, 30.0679812 ], [ 79.5905726, 30.0675883 ], [ 79.5909444, 30.0672113 ], [ 79.5910223, 30.066911 ], [ 79.5909798, 30.0667173 ], [ 79.590863, 30.0665432 ], [ 79.5905938, 30.0665126 ], [ 79.5901087, 30.0665616 ], [ 79.5899033, 30.0664452 ], [ 79.5893878, 30.0658767 ], [ 79.5886139, 30.0649539 ], [ 79.5885411, 30.0642531 ], [ 79.5890424, 30.0635061 ], [ 79.5896822, 30.0630234 ], [ 79.5901183, 30.0623708 ], [ 79.5895372, 30.0616092 ], [ 79.5891505, 30.0611318 ], [ 79.5890198, 30.0606405 ], [ 79.5891076, 30.0597993 ], [ 79.5893598, 30.0589218 ], [ 79.5892039, 30.0581668 ], [ 79.5886598, 30.0570636 ], [ 79.5881152, 30.0568974 ], [ 79.5875284, 30.0571547 ], [ 79.5869887, 30.0577564 ], [ 79.5863662, 30.0579307 ], [ 79.5853701, 30.0576576 ], [ 79.5845565, 30.0572265 ], [ 79.5845406, 30.0570682 ], [ 79.5844569, 30.056235 ], [ 79.5847392, 30.0549992 ], [ 79.5844237, 30.0540508 ], [ 79.5839708, 30.0537905 ] ] } },
{ "type": "Feature", "properties": { "full_id": "w164424650", "osm_id": "164424650", "osm_type": "way", "waterway": "river", "intermittent": null, "alt_name": null, "wikidata": null, "name:uk": null, "layer": null, "width": null, "tunnel": null, "name:ml": null, "name:kn": null, "name:hi": null, "name:en": null, "name": "Pindar", "int_name": null, "boat": null }, "geometry": { "type": "LineString", "coordinates": [ [ 79.7205189, 30.0219416 ], [ 79.7200039, 30.0220717 ], [ 79.7188199, 30.0225752 ], [ 79.7171402, 30.022649 ], [ 79.7154665, 30.0224074 ], [ 79.7124073, 30.0219584 ], [ 79.7114861, 30.0209304 ], [ 79.7102547, 30.0198455 ], [ 79.7094476, 30.019314 ], [ 79.7089609, 30.019207 ], [ 79.7080529, 30.0190075 ], [ 79.7064603, 30.0188792 ], [ 79.7062504, 30.0189053 ], [ 79.706068, 30.0196949 ], [ 79.7058692, 30.0207 ], [ 79.7057453, 30.0212016 ], [ 79.7051493, 30.021406 ], [ 79.7045231, 30.0212184 ], [ 79.7039115, 30.0202523 ], [ 79.7031189, 30.0197281 ], [ 79.7024931, 30.0193143 ], [ 79.7019374, 30.0195091 ], [ 79.7013473, 30.0202801 ], [ 79.700253, 30.0211348 ], [ 79.6993135, 30.0216371 ], [ 79.6984831, 30.0215151 ], [ 79.6981072, 30.0214599 ], [ 79.6962726, 30.020308 ], [ 79.6943092, 30.0193976 ], [ 79.6934831, 30.0194627 ], [ 79.692873, 30.0200288 ], [ 79.6926033, 30.0206796 ], [ 79.6928608, 30.0213113 ], [ 79.6927842, 30.022208 ], [ 79.6917112, 30.0228549 ], [ 79.6910459, 30.0227169 ], [ 79.6906959, 30.0227506 ], [ 79.6898372, 30.0228332 ], [ 79.6891105, 30.023001 ], [ 79.6878035, 30.0228261 ], [ 79.6868707, 30.0224762 ], [ 79.6862754, 30.0219705 ], [ 79.6860934, 30.021218 ], [ 79.6859162, 30.0203599 ], [ 79.6854498, 30.0202934 ], [ 79.6850399, 30.0203868 ], [ 79.684407, 30.0208 ], [ 79.6835896, 30.0214324 ], [ 79.6826272, 30.0218562 ], [ 79.6820099, 30.0220891 ], [ 79.6814852, 30.0220374 ], [ 79.6803984, 30.0216104 ], [ 79.6795571, 30.020884 ], [ 79.679446, 30.0207309 ], [ 79.6789485, 30.0200453 ], [ 79.678216, 30.0193047 ], [ 79.6769607, 30.0193976 ], [ 79.6759346, 30.020049 ], [ 79.674747, 30.0205394 ], [ 79.6739244, 30.0205124 ], [ 79.6725174, 30.0201498 ], [ 79.6717888, 30.0201694 ], [ 79.6711893, 30.0206646 ], [ 79.6712855, 30.0213487 ], [ 79.6712687, 30.0219687 ], [ 79.6709194, 30.022645 ], [ 79.670514, 30.0230337 ], [ 79.6698499, 30.0231725 ], [ 79.6688755, 30.022664 ], [ 79.6677181, 30.0224553 ], [ 79.6664795, 30.0224386 ], [ 79.665475, 30.0224226 ], [ 79.6649977, 30.0224875 ], [ 79.6639898, 30.022523 ], [ 79.6632912, 30.0228291 ], [ 79.6628504, 30.0232648 ], [ 79.6620989, 30.0235481 ], [ 79.6613503, 30.0237702 ], [ 79.6605523, 30.0239279 ], [ 79.6594781, 30.023406 ], [ 79.6587059, 30.0232093 ], [ 79.6583267, 30.0233357 ], [ 79.6580458, 30.0234293 ], [ 79.6570297, 30.0241914 ], [ 79.655826, 30.0259492 ], [ 79.6554511, 30.0264323 ], [ 79.6546435, 30.0269837 ], [ 79.6538084, 30.0274505 ], [ 79.653668, 30.0275349 ], [ 79.6534407, 30.0276293 ], [ 79.6531829, 30.0277185 ], [ 79.6524287, 30.0278183 ], [ 79.6517541, 30.0280625 ], [ 79.6514609, 30.0281713 ], [ 79.6515655, 30.0284941 ], [ 79.6517909, 30.028789 ], [ 79.6524636, 30.0295161 ], [ 79.6526007, 30.0303958 ], [ 79.6523873, 30.0312886 ], [ 79.6515245, 30.0315189 ], [ 79.6506201, 30.0317603 ], [ 79.6499666, 30.0319348 ], [ 79.6492477, 30.0321267 ], [ 79.6490015, 30.0321924 ], [ 79.6480736, 30.0320848 ], [ 79.6467766, 30.0318759 ], [ 79.6459643, 30.0319211 ], [ 79.6439771, 30.0320316 ], [ 79.6412691, 30.0330424 ], [ 79.6392539, 30.0340464 ], [ 79.6376741, 30.0355003 ], [ 79.6368119, 30.0358303 ], [ 79.6350282, 30.0359905 ], [ 79.6341848, 30.0361036 ], [ 79.6336377, 30.0365696 ], [ 79.6332095, 30.0372245 ], [ 79.6325844, 30.0382311 ], [ 79.6321733, 30.0387559 ], [ 79.6315563, 30.0388714 ], [ 79.6312209, 30.0385774 ], [ 79.6310147, 30.037992 ], [ 79.6309447, 30.0373343 ], [ 79.6305753, 30.0369888 ], [ 79.6298128, 30.0371625 ], [ 79.629257, 30.0375142 ], [ 79.6290122, 30.0377831 ], [ 79.6287289, 30.0380944 ], [ 79.6284064, 30.0388847 ], [ 79.6282746, 30.0393094 ], [ 79.6280308, 30.0398312 ], [ 79.6277797, 30.0399674 ], [ 79.6274219, 30.0400014 ], [ 79.6272004, 30.0399674 ], [ 79.6270365, 30.0397682 ], [ 79.6268354, 30.0392481 ], [ 79.6265597, 30.0381343 ], [ 79.6259553, 30.0374258 ], [ 79.6249258, 30.0368234 ], [ 79.6241455, 30.0368916 ], [ 79.6235057, 30.0375776 ], [ 79.6232468, 30.0381284 ], [ 79.6230418, 30.0397141 ], [ 79.6227013, 30.0403845 ], [ 79.622249, 30.0403853 ], [ 79.6217908, 30.0402447 ], [ 79.6215248, 30.0397308 ], [ 79.6209693, 30.0397166 ], [ 79.6202888, 30.0397101 ], [ 79.6198427, 30.0399121 ], [ 79.6194318, 30.0401757 ], [ 79.6191537, 30.0406268 ], [ 79.6191123, 30.041124 ], [ 79.6185074, 30.041697 ], [ 79.6178126, 30.0415416 ], [ 79.6173596, 30.0411938 ], [ 79.6162181, 30.0410184 ], [ 79.6151054, 30.0416304 ], [ 79.6140897, 30.0423404 ], [ 79.6132654, 30.0426401 ], [ 79.6118624, 30.0426135 ], [ 79.6111136, 30.042577 ], [ 79.6104385, 30.0426694 ], [ 79.6097289, 30.0428695 ], [ 79.6090588, 30.0431454 ], [ 79.6081179, 30.0435825 ], [ 79.6078204, 30.0436202 ], [ 79.6068487, 30.0432741 ], [ 79.6048689, 30.0427924 ], [ 79.6037615, 30.0434007 ], [ 79.6031952, 30.0440027 ], [ 79.6029445, 30.0441264 ], [ 79.6023202, 30.0439842 ], [ 79.6013331, 30.0432784 ], [ 79.5989982, 30.043926 ], [ 79.5981896, 30.0443279 ], [ 79.5975063, 30.0449893 ], [ 79.5970426, 30.0455137 ], [ 79.595454, 30.0472043 ], [ 79.59423, 30.0478751 ], [ 79.5931731, 30.0474558 ], [ 79.5923209, 30.0471233 ], [ 79.5913692, 30.0471828 ], [ 79.5901761, 30.0480111 ], [ 79.5893303, 30.049082 ], [ 79.5883278, 30.0499771 ], [ 79.5857685, 30.0512342 ], [ 79.5850897, 30.0515253 ], [ 79.5850056, 30.052322 ], [ 79.5848886, 30.0533035 ], [ 79.584521, 30.0538655 ], [ 79.5839708, 30.0537905 ] ] } },
{ "type": "Feature", "properties": { "full_id": "w164424651", "osm_id": "164424651", "osm_type": "way", "waterway": "river", "intermittent": null, "alt_name": null, "wikidata": null, "name:uk": null, "layer": null, "width": null, "tunnel": null, "name:ml": null, "name:kn": null, "name:hi": null, "name:en": "Pindar River", "name": "Pindar", "int_name": "Pindar", "boat": "no" }, "geometry": { "type": "LineString", "coordinates": [ [ 79.5839708, 30.0537905 ], [ 79.5811828, 30.0531627 ], [ 79.5802724, 30.0531225 ], [ 79.5794584, 30.0530992 ], [ 79.578824, 30.0530622 ], [ 79.5782983, 30.0527882 ], [ 79.5779795, 30.052264 ], [ 79.5784056, 30.0515717 ], [ 79.5790446, 30.051033 ], [ 79.580289, 30.0499985 ], [ 79.5803054, 30.0488776 ], [ 79.5800578, 30.0477362 ], [ 79.5793198, 30.0464407 ], [ 79.577733, 30.0451121 ], [ 79.5774513, 30.0446806 ], [ 79.577255, 30.0435968 ], [ 79.5770497, 30.0428685 ], [ 79.5759165, 30.0436778 ], [ 79.574645, 30.0442355 ], [ 79.573245, 30.0444486 ], [ 79.5724926, 30.0441096 ], [ 79.5717001, 30.0430834 ], [ 79.5701955, 30.0416629 ], [ 79.5694363, 30.0407522 ], [ 79.5691128, 30.0396955 ], [ 79.5687677, 30.0389322 ], [ 79.5681059, 30.0390247 ], [ 79.5671305, 30.0395769 ], [ 79.5658125, 30.0393767 ], [ 79.5650267, 30.0390247 ], [ 79.5648122, 30.0385046 ], [ 79.5648506, 30.0377575 ], [ 79.5660514, 30.0362967 ], [ 79.5674867, 30.0346043 ], [ 79.5678961, 30.0341795 ], [ 79.5675681, 30.033428 ], [ 79.5673013, 30.0324116 ], [ 79.5656465, 30.0322057 ], [ 79.5637538, 30.0323925 ], [ 79.5626235, 30.0323187 ], [ 79.5617434, 30.0319901 ], [ 79.5608882, 30.031819 ], [ 79.5600188, 30.031645 ], [ 79.5585036, 30.0316871 ], [ 79.5569997, 30.0323294 ], [ 79.5566797, 30.033006 ], [ 79.5567655, 30.0340649 ], [ 79.5565447, 30.0345013 ], [ 79.5563127, 30.0349601 ], [ 79.5551348, 30.0353095 ], [ 79.5540619, 30.0352724 ], [ 79.5533645, 30.0356346 ], [ 79.5529982, 30.0361463 ], [ 79.5511818, 30.0376503 ], [ 79.5500278, 30.0388947 ], [ 79.548431, 30.0405983 ], [ 79.5480108, 30.0409101 ], [ 79.5474529, 30.0410494 ], [ 79.5462942, 30.0406593 ], [ 79.5457363, 30.0406965 ], [ 79.5452257, 30.0409156 ], [ 79.5439982, 30.0416252 ], [ 79.5428349, 30.0426546 ], [ 79.5411873, 30.0441978 ], [ 79.5397635, 30.0460319 ], [ 79.5386858, 30.0467377 ], [ 79.5361368, 30.048407 ], [ 79.5356609, 30.0485441 ], [ 79.5334389, 30.0495283 ], [ 79.5333529, 30.0496761 ], [ 79.5324083, 30.0513001 ], [ 79.5317612, 30.0524126 ], [ 79.5307044, 30.0528289 ], [ 79.5289886, 30.0535047 ], [ 79.5262326, 30.0549561 ], [ 79.5242237, 30.054913 ], [ 79.5222481, 30.0560482 ], [ 79.5200188, 30.0583379 ], [ 79.5197411, 30.0579163 ], [ 79.5187674, 30.0570103 ], [ 79.5174885, 30.056919 ], [ 79.5171709, 30.0577439 ], [ 79.5175494, 30.0591549 ], [ 79.5176541, 30.0594414 ], [ 79.5179427, 30.0602313 ], [ 79.5177934, 30.0604548 ], [ 79.5174863, 30.0606355 ], [ 79.5172724, 30.0606798 ], [ 79.5163961, 30.0609393 ], [ 79.5153354, 30.0613955 ], [ 79.5110747, 30.064914 ], [ 79.5076048, 30.0669687 ], [ 79.5035468, 30.0698519 ], [ 79.501379, 30.0723423 ], [ 79.5009307, 30.072917 ], [ 79.5001564, 30.0731113 ], [ 79.4997519, 30.0730032 ], [ 79.4990546, 30.0732906 ], [ 79.4983231, 30.0739722 ], [ 79.4957176, 30.0759198 ], [ 79.4947989, 30.0765959 ], [ 79.4934249, 30.077525 ], [ 79.4931922, 30.0777651 ], [ 79.49276, 30.0782111 ], [ 79.4924324, 30.0789563 ], [ 79.4922772, 30.0801419 ], [ 79.49169, 30.0813616 ], [ 79.491645, 30.0831499 ], [ 79.4914734, 30.0835802 ], [ 79.4907634, 30.0840976 ], [ 79.4892407, 30.0844346 ], [ 79.4880562, 30.0846636 ], [ 79.4868815, 30.0844335 ], [ 79.4850221, 30.084746 ], [ 79.4784476, 30.0902945 ], [ 79.4756479, 30.0905416 ], [ 79.474133, 30.0890808 ], [ 79.4720829, 30.0872296 ], [ 79.4714414, 30.0870445 ], [ 79.4686702, 30.0865991 ], [ 79.4635741, 30.0890981 ], [ 79.4606689, 30.0912319 ], [ 79.4590733, 30.0916865 ], [ 79.4558596, 30.0919248 ], [ 79.4555046, 30.0919511 ], [ 79.4529948, 30.091868 ], [ 79.452151, 30.0920086 ], [ 79.4517577, 30.0925636 ], [ 79.4515744, 30.0939311 ], [ 79.4508062, 30.0945942 ], [ 79.4493935, 30.0941612 ], [ 79.4489768, 30.0929999 ], [ 79.4481332, 30.0924539 ], [ 79.4470131, 30.0928597 ], [ 79.4461907, 30.0931577 ], [ 79.4456638, 30.0938808 ], [ 79.4453955, 30.0947822 ], [ 79.4447127, 30.0971218 ], [ 79.4440298, 30.0975781 ], [ 79.4428432, 30.0967937 ], [ 79.4424046, 30.0949868 ], [ 79.4420632, 30.0942169 ], [ 79.4412775, 30.0942968 ], [ 79.4408178, 30.0944909 ], [ 79.4393974, 30.0954305 ], [ 79.4375111, 30.0957483 ], [ 79.437016, 30.0963771 ], [ 79.4364651, 30.0978001 ], [ 79.435761, 30.0987209 ], [ 79.4348674, 30.0989809 ], [ 79.433721, 30.0991246 ], [ 79.4330642, 30.0995625 ], [ 79.4326451, 30.1007735 ], [ 79.4327129, 30.1017538 ], [ 79.4332382, 30.102573 ], [ 79.4341319, 30.1036677 ], [ 79.4344087, 30.1045229 ], [ 79.4343629, 30.1053794 ], [ 79.4340787, 30.1061513 ], [ 79.4327994, 30.1078906 ], [ 79.4296953, 30.1105077 ], [ 79.429327, 30.1109483 ], [ 79.4299031, 30.1121168 ], [ 79.4298904, 30.1130998 ], [ 79.4288546, 30.1143644 ], [ 79.4282628, 30.1150869 ], [ 79.4269655, 30.1157835 ], [ 79.4261561, 30.1172738 ], [ 79.4252039, 30.1180957 ], [ 79.4239904, 30.1184101 ], [ 79.4221183, 30.1193631 ], [ 79.4190424, 30.1195124 ], [ 79.412348, 30.1201129 ], [ 79.4099873, 30.1195699 ], [ 79.4081203, 30.1192873 ], [ 79.4063045, 30.1185813 ], [ 79.4059173, 30.1184307 ], [ 79.4041995, 30.120092 ], [ 79.4000555, 30.1210089 ], [ 79.3987251, 30.1225638 ], [ 79.3949397, 30.1239441 ], [ 79.3938234, 30.1248647 ], [ 79.3921794, 30.126619 ], [ 79.3913277, 30.1273465 ], [ 79.3909854, 30.1276388 ], [ 79.3910079, 30.1281628 ], [ 79.391069, 30.1295889 ], [ 79.3886765, 30.1310253 ], [ 79.3881357, 30.1314957 ], [ 79.3862748, 30.133114 ], [ 79.3839877, 30.1338199 ], [ 79.3816609, 30.1340076 ], [ 79.3807753, 30.1342782 ], [ 79.3802985, 30.1346111 ], [ 79.3800652, 30.1349341 ], [ 79.3796824, 30.1371061 ], [ 79.3793276, 30.1378405 ], [ 79.3783912, 30.1390031 ], [ 79.3780178, 30.1401309 ], [ 79.3772394, 30.1413611 ], [ 79.3767219, 30.1418559 ], [ 79.3759828, 30.1422687 ], [ 79.3755825, 30.1425949 ], [ 79.3749974, 30.1436335 ], [ 79.3748204, 30.1444324 ], [ 79.3748954, 30.1448755 ], [ 79.3759443, 30.1462698 ], [ 79.376029, 30.1467824 ], [ 79.3760203, 30.1468279 ], [ 79.3758366, 30.1477877 ], [ 79.3758982, 30.1483602 ], [ 79.3767254, 30.1492912 ], [ 79.3770404, 30.1498329 ], [ 79.376965, 30.1506092 ], [ 79.3765404, 30.1509293 ], [ 79.3754464, 30.151518 ], [ 79.3741778, 30.1519178 ], [ 79.3728822, 30.1519931 ], [ 79.3712164, 30.1518896 ], [ 79.3701704, 30.1519946 ], [ 79.369622, 30.1521668 ], [ 79.3691434, 30.1525806 ], [ 79.3686139, 30.1537758 ], [ 79.3682668, 30.1541431 ], [ 79.366925, 30.1544408 ], [ 79.365985, 30.1550374 ], [ 79.365612, 30.1554898 ], [ 79.3654477, 30.1559729 ], [ 79.3655518, 30.1565522 ], [ 79.3654214, 30.1573675 ], [ 79.3655682, 30.1581598 ], [ 79.3663041, 30.1589199 ], [ 79.3665849, 30.159644 ], [ 79.3665545, 30.1603999 ], [ 79.366269, 30.1607845 ], [ 79.3653963, 30.1612701 ], [ 79.3642629, 30.1614566 ], [ 79.363238, 30.1620735 ], [ 79.3623121, 30.1630438 ], [ 79.3610606, 30.1647901 ], [ 79.3602391, 30.1665572 ], [ 79.3599187, 30.1669762 ], [ 79.3594931, 30.1671939 ], [ 79.3591277, 30.16729 ], [ 79.3588371, 30.1672184 ], [ 79.3583973, 30.1668321 ], [ 79.3577978, 30.1664956 ], [ 79.35611, 30.1662189 ], [ 79.3550567, 30.1663078 ], [ 79.354377, 30.1664876 ], [ 79.3533899, 30.1670682 ], [ 79.3528236, 30.1676795 ], [ 79.35267, 30.1682455 ], [ 79.3527059, 30.1687256 ], [ 79.3536818, 30.1700127 ], [ 79.3542076, 30.1706692 ], [ 79.3545244, 30.1718868 ], [ 79.3544098, 30.172757 ], [ 79.3541225, 30.1730452 ], [ 79.3536048, 30.1732813 ], [ 79.3527359, 30.1732476 ], [ 79.3525192, 30.1733721 ], [ 79.3521522, 30.173583 ], [ 79.3515195, 30.1738393 ], [ 79.3509179, 30.1737443 ], [ 79.3491327, 30.172809 ], [ 79.3489813, 30.1727297 ], [ 79.3489562, 30.1727219 ], [ 79.3474048, 30.1722404 ], [ 79.3468632, 30.1720519 ], [ 79.3468288, 30.1720232 ], [ 79.3464767, 30.17173 ], [ 79.3460511, 30.1709635 ], [ 79.3456309, 30.1708644 ], [ 79.3448824, 30.1712842 ], [ 79.3433507, 30.1713952 ], [ 79.3427898, 30.1714222 ], [ 79.3419278, 30.1716292 ], [ 79.3416108, 30.1717253 ], [ 79.3408863, 30.1721821 ], [ 79.3399465, 30.1729607 ], [ 79.3393598, 30.173253 ], [ 79.338748, 30.1733181 ], [ 79.3379155, 30.1730883 ], [ 79.3360147, 30.1727891 ], [ 79.3353126, 30.1728455 ], [ 79.3348108, 30.173195 ], [ 79.3344299, 30.1739408 ], [ 79.3341591, 30.1752284 ], [ 79.3339685, 30.1758528 ], [ 79.3333984, 30.1765648 ], [ 79.3327398, 30.1771101 ], [ 79.3316765, 30.1778125 ], [ 79.3306534, 30.1785061 ], [ 79.3296488, 30.1796923 ], [ 79.329601, 30.1798312 ], [ 79.3293342, 30.1806063 ], [ 79.3292544, 30.1808381 ], [ 79.3290646, 30.1813897 ], [ 79.3279579, 30.1838117 ], [ 79.3270711, 30.1848957 ], [ 79.3252705, 30.1870966 ], [ 79.3240924, 30.1885366 ], [ 79.322938, 30.188056 ], [ 79.3214347, 30.1880249 ], [ 79.3206345, 30.189972 ], [ 79.3194201, 30.1906789 ], [ 79.3189183, 30.191081 ], [ 79.3179325, 30.1923843 ], [ 79.3173914, 30.192547 ], [ 79.3166314, 30.1922921 ], [ 79.3139973, 30.1917703 ], [ 79.3117056, 30.1924738 ], [ 79.3094269, 30.1943213 ], [ 79.3092509, 30.1948034 ], [ 79.3090153, 30.1951437 ], [ 79.3084447, 30.1958999 ], [ 79.3081558, 30.1964281 ], [ 79.3078521, 30.1967708 ], [ 79.3074429, 30.1968474 ], [ 79.3068018, 30.1965484 ], [ 79.3060678, 30.196202 ], [ 79.3047137, 30.1961948 ], [ 79.3041834, 30.1961019 ], [ 79.3029867, 30.1955968 ], [ 79.3019097, 30.1947135 ], [ 79.3010294, 30.1944666 ], [ 79.2999243, 30.1945176 ], [ 79.2992072, 30.1949843 ], [ 79.2987219, 30.1957377 ], [ 79.2985056, 30.1960735 ], [ 79.2978584, 30.1967011 ], [ 79.2971539, 30.1972334 ], [ 79.296481, 30.1982993 ], [ 79.2964242, 30.1983892 ], [ 79.2958886, 30.1993959 ], [ 79.2956928, 30.1997638 ], [ 79.295225, 30.2002636 ], [ 79.2946429, 30.2005152 ], [ 79.2937402, 30.2004204 ], [ 79.2921839, 30.2000591 ], [ 79.2911417, 30.2000558 ], [ 79.2902685, 30.2002745 ], [ 79.2895304, 30.200825 ], [ 79.2888597, 30.2020755 ], [ 79.2884474, 30.2025273 ], [ 79.2877038, 30.2027572 ], [ 79.2873369, 30.20314 ], [ 79.2870078, 30.2032202 ], [ 79.2865143, 30.2030926 ], [ 79.2860336, 30.2027315 ], [ 79.2853037, 30.2017219 ], [ 79.2834772, 30.200537 ], [ 79.282192, 30.1998635 ], [ 79.2820303, 30.1997787 ], [ 79.2814279, 30.1997172 ], [ 79.2812635, 30.1997004 ], [ 79.2804906, 30.1999173 ], [ 79.2794361, 30.2004532 ], [ 79.278973, 30.2008415 ], [ 79.2789207, 30.2016659 ], [ 79.2786747, 30.2022147 ], [ 79.2786171, 30.2022697 ], [ 79.2782078, 30.2026611 ], [ 79.2774907, 30.2034158 ], [ 79.2769039, 30.2044111 ], [ 79.2768706, 30.2050344 ], [ 79.2771242, 30.2055833 ], [ 79.2776932, 30.2061281 ], [ 79.2780411, 30.2065296 ], [ 79.2787241, 30.2089501 ], [ 79.2786025, 30.2094203 ], [ 79.278204, 30.2095729 ], [ 79.2780652, 30.2096321 ], [ 79.2775629, 30.2098463 ], [ 79.2770081, 30.210479 ], [ 79.2759135, 30.211545 ], [ 79.2756587, 30.2120006 ], [ 79.2757259, 30.2126568 ], [ 79.2761523, 30.2139264 ], [ 79.2762131, 30.2149271 ], [ 79.2762123, 30.2154995 ], [ 79.2761048, 30.2163132 ], [ 79.2752917, 30.217066 ], [ 79.2747277, 30.2185249 ], [ 79.2745116, 30.2196866 ], [ 79.274898, 30.220588 ], [ 79.2748202, 30.2211907 ], [ 79.2738128, 30.2223096 ], [ 79.2734878, 30.2228351 ], [ 79.2732188, 30.2238534 ], [ 79.2724227, 30.22479 ], [ 79.2713592, 30.2263662 ], [ 79.2706614, 30.2270108 ], [ 79.2690589, 30.2278678 ], [ 79.2684344, 30.2279363 ], [ 79.2677071, 30.2276739 ], [ 79.2658829, 30.2274133 ], [ 79.2648478, 30.2272798 ], [ 79.2641959, 30.2272455 ], [ 79.2638732, 30.2273382 ], [ 79.2634773, 30.2274309 ], [ 79.2632384, 30.2276023 ], [ 79.2630857, 30.2278468 ], [ 79.2629432, 30.2282093 ], [ 79.262898, 30.2285306 ], [ 79.2627797, 30.2288238 ], [ 79.2624849, 30.2290089 ], [ 79.2622307, 30.2290185 ], [ 79.2619664, 30.2289392 ], [ 79.261584, 30.2288228 ], [ 79.2612745, 30.2286462 ], [ 79.2609646, 30.2285599 ], [ 79.2601659, 30.2284858 ], [ 79.2596042, 30.2284168 ], [ 79.2594002, 30.2282846 ], [ 79.2591666, 30.2280278 ], [ 79.2587704, 30.2277851 ], [ 79.2584007, 30.227665 ], [ 79.2579533, 30.2275637 ], [ 79.2574734, 30.2275326 ], [ 79.2569306, 30.2277114 ], [ 79.2565992, 30.2279885 ], [ 79.2561803, 30.2282757 ], [ 79.2562195, 30.2287199 ], [ 79.2565687, 30.2291415 ], [ 79.2566848, 30.229753 ], [ 79.2573541, 30.2310962 ], [ 79.2583199, 30.2327564 ], [ 79.2585628, 30.2339139 ], [ 79.2582715, 30.2350327 ], [ 79.2571096, 30.2364912 ], [ 79.2559817, 30.2378993 ], [ 79.2550681, 30.2387791 ], [ 79.2533144, 30.2397549 ], [ 79.2522582, 30.2398882 ], [ 79.2515952, 30.2399481 ], [ 79.2511172, 30.2401146 ], [ 79.250646, 30.2406569 ], [ 79.2505441, 30.2409091 ], [ 79.2502383, 30.2416664 ], [ 79.2493591, 30.2427602 ], [ 79.2485654, 30.2432182 ], [ 79.2470175, 30.2435314 ], [ 79.2469117, 30.2435452 ], [ 79.2461267, 30.2436477 ], [ 79.2414474, 30.2448267 ], [ 79.2400949, 30.2452571 ], [ 79.2392915, 30.2456888 ], [ 79.2390855, 30.2461824 ], [ 79.2392409, 30.2466451 ], [ 79.2400063, 30.2478363 ], [ 79.2402243, 30.2486575 ], [ 79.2400885, 30.2492132 ], [ 79.2395083, 30.2501694 ], [ 79.2391341, 30.2506106 ], [ 79.2366652, 30.2513395 ], [ 79.2353195, 30.251346 ], [ 79.2333596, 30.2511829 ], [ 79.2317043, 30.2512767 ], [ 79.2303684, 30.2512195 ], [ 79.2294618, 30.2515429 ], [ 79.2277978, 30.2515702 ], [ 79.2261777, 30.2514868 ], [ 79.2249273, 30.2516601 ], [ 79.2229993, 30.2517528 ], [ 79.2220042, 30.2522468 ], [ 79.2214436, 30.2532658 ], [ 79.2216829, 30.2543084 ], [ 79.2213535, 30.2549451 ], [ 79.2206878, 30.2562318 ], [ 79.2192936, 30.2575052 ], [ 79.2185361, 30.2588957 ], [ 79.2183811, 30.2600161 ], [ 79.2181332, 30.2607811 ], [ 79.2180528, 30.2612556 ], [ 79.2176959, 30.2615457 ], [ 79.2171374, 30.2614655 ], [ 79.2162823, 30.2620647 ], [ 79.2160737, 30.2624591 ], [ 79.2159821, 30.2629151 ] ] } },
{ "type": "Feature", "properties": { "full_id": "w197557949", "osm_id": "197557949", "osm_type": "way", "waterway": "river", "intermittent": null, "alt_name": null, "wikidata": null, "name:uk": null, "layer": null, "width": null, "tunnel": null, "name:ml": null, "name:kn": null, "name:hi": null, "name:en": null, "name": "Dhyan Gad", "int_name": null, "boat": null }, "geometry": { "type": "LineString", "coordinates": [ [ 79.6210826, 30.1983818 ], [ 79.6212656, 30.1981969 ], [ 79.6215831, 30.1969746 ], [ 79.6215755, 30.1966975 ], [ 79.6217534, 30.1961008 ], [ 79.6217887, 30.1959128 ], [ 79.621776, 30.1957332 ], [ 79.6218148, 30.195525 ], [ 79.6217663, 30.1953601 ], [ 79.621831, 30.1952399 ], [ 79.622067, 30.1950121 ], [ 79.6221408, 30.1948307 ], [ 79.6221511, 30.194692 ], [ 79.6220945, 30.1945746 ], [ 79.6221915, 30.1944516 ], [ 79.622329, 30.1941693 ], [ 79.622476, 30.1935757 ], [ 79.6226638, 30.1926963 ], [ 79.6227089, 30.1925689 ], [ 79.6229013, 30.1925227 ], [ 79.6230792, 30.1923816 ], [ 79.6232721, 30.1920369 ], [ 79.62365, 30.1919511 ], [ 79.6241997, 30.1919889 ], [ 79.6246088, 30.1918348 ], [ 79.6251843, 30.1914552 ], [ 79.6248439, 30.1907144 ], [ 79.6253839, 30.1898418 ], [ 79.625443, 30.189054 ], [ 79.624963, 30.1887574 ], [ 79.6248565, 30.1885979 ], [ 79.6248824, 30.1883785 ], [ 79.6250275, 30.1881881 ], [ 79.6251305, 30.1879495 ], [ 79.6253487, 30.1877311 ], [ 79.6254013, 30.1873506 ], [ 79.6253926, 30.1870908 ], [ 79.6252337, 30.1868854 ], [ 79.6250564, 30.1868993 ], [ 79.6249565, 30.1868519 ], [ 79.6248962, 30.1866929 ], [ 79.6249791, 30.1863115 ], [ 79.6253604, 30.185864 ], [ 79.6255013, 30.1851536 ], [ 79.6264357, 30.1847289 ], [ 79.6257596, 30.1841896 ], [ 79.6261235, 30.1835807 ], [ 79.6274031, 30.1832661 ], [ 79.6283797, 30.1836543 ], [ 79.6286781, 30.183773 ], [ 79.6289984, 30.1837208 ], [ 79.6292251, 30.1833356 ], [ 79.6297393, 30.1829617 ], [ 79.628988, 30.1825253 ], [ 79.6300211, 30.1817541 ], [ 79.6299471, 30.1814002 ], [ 79.629845, 30.1809118 ], [ 79.6294693, 30.1804145 ], [ 79.6303288, 30.1789388 ], [ 79.6315472, 30.1780905 ], [ 79.6304437, 30.1777658 ], [ 79.6305259, 30.1773091 ], [ 79.6317585, 30.1762638 ], [ 79.6312302, 30.1752692 ], [ 79.6295163, 30.1754722 ], [ 79.6290701, 30.1751271 ], [ 79.6292697, 30.1741934 ], [ 79.6286593, 30.1729958 ], [ 79.6284259, 30.172133 ], [ 79.6284205, 30.1710556 ], [ 79.6292033, 30.1708598 ], [ 79.6299113, 30.1706827 ], [ 79.6289165, 30.1696074 ], [ 79.628567, 30.1695615 ], [ 79.6275157, 30.169724 ], [ 79.6271614, 30.1694535 ], [ 79.6273444, 30.1684794 ], [ 79.6267692, 30.1677994 ], [ 79.6264874, 30.1668945 ], [ 79.6264084, 30.1662741 ], [ 79.62637, 30.1659725 ], [ 79.6262409, 30.1650691 ], [ 79.6270185, 30.1638427 ], [ 79.6271214, 30.1633741 ], [ 79.6268367, 30.1630207 ], [ 79.6266635, 30.1628057 ], [ 79.626147, 30.1621865 ], [ 79.6266062, 30.1612356 ], [ 79.6266518, 30.1611411 ], [ 79.6258652, 30.1600854 ], [ 79.6261108, 30.1596625 ], [ 79.627227, 30.1593546 ], [ 79.6277436, 30.1587963 ], [ 79.6286964, 30.1585804 ], [ 79.6288263, 30.1584782 ], [ 79.6287648, 30.1579853 ], [ 79.6288471, 30.1577914 ], [ 79.6295943, 30.1574375 ], [ 79.6299725, 30.1574493 ], [ 79.6301437, 30.1573107 ], [ 79.6302323, 30.1570553 ], [ 79.629922, 30.1560511 ], [ 79.629845, 30.1558019 ], [ 79.6304789, 30.1538021 ], [ 79.6313829, 30.1532641 ], [ 79.6295867, 30.1526246 ], [ 79.630088, 30.1502098 ], [ 79.6309393, 30.1499518 ], [ 79.6308372, 30.1495745 ], [ 79.629212, 30.1488812 ], [ 79.6287499, 30.148427 ], [ 79.6288507, 30.1482286 ], [ 79.628609, 30.147975 ], [ 79.6285722, 30.1477534 ], [ 79.6291913, 30.1474355 ], [ 79.6294248, 30.1471562 ], [ 79.6290124, 30.1465479 ], [ 79.6290949, 30.1462741 ], [ 79.6290473, 30.1460852 ], [ 79.6286509, 30.1460074 ], [ 79.628516, 30.1458513 ], [ 79.6284576, 30.1456563 ], [ 79.6286857, 30.145126 ], [ 79.62858, 30.144993 ], [ 79.6281288, 30.1448982 ], [ 79.6277326, 30.1447487 ], [ 79.6275101, 30.1445573 ], [ 79.6273386, 30.1442334 ], [ 79.6274181, 30.1440984 ], [ 79.6278297, 30.1438281 ], [ 79.6279588, 30.1435749 ], [ 79.6279645, 30.1434089 ], [ 79.6278522, 30.1432924 ], [ 79.6273258, 30.1431369 ], [ 79.6271683, 30.1429197 ], [ 79.6270394, 30.1426861 ], [ 79.6269441, 30.1424192 ] ] } },
{ "type": "Feature", "properties": { "full_id": "w197557950", "osm_id": "197557950", "osm_type": "way", "waterway": "river", "intermittent": null, "alt_name": null, "wikidata": null, "name:uk": null, "layer": null, "width": null, "tunnel": null, "name:ml": null, "name:kn": null, "name:hi": null, "name:en": null, "name": "Nandakini", "int_name": null, "boat": null }, "geometry": { "type": "LineString", "coordinates": [ [ 79.7334534, 30.2913624 ], [ 79.7325682, 30.2910335 ], [ 79.7311091, 30.2912188 ], [ 79.7300362, 30.2914226 ], [ 79.7285986, 30.2912929 ], [ 79.7271609, 30.2908112 ], [ 79.7265172, 30.2899218 ], [ 79.7247791, 30.2896995 ], [ 79.7237277, 30.2893659 ], [ 79.7228694, 30.2886804 ], [ 79.7217321, 30.287791 ], [ 79.7205519, 30.2871054 ], [ 79.7192001, 30.2866052 ], [ 79.7178483, 30.2861605 ], [ 79.7157454, 30.2860308 ], [ 79.7146296, 30.2863828 ], [ 79.7135997, 30.2859381 ], [ 79.7128272, 30.2861605 ], [ 79.7120547, 30.2861049 ], [ 79.7114539, 30.2866793 ], [ 79.7101235, 30.2868831 ], [ 79.7085786, 30.2869202 ], [ 79.7068834, 30.2880504 ], [ 79.7054028, 30.2883839 ], [ 79.7046089, 30.2885414 ], [ 79.7040081, 30.2887452 ], [ 79.7036433, 30.2888749 ], [ 79.7030961, 30.2890787 ], [ 79.7027957, 30.2894123 ], [ 79.7022056, 30.2895234 ], [ 79.7017658, 30.2896717 ], [ 79.7011971, 30.2895883 ], [ 79.7005319, 30.2897365 ], [ 79.6998668, 30.2899218 ], [ 79.6993732, 30.2899218 ], [ 79.6989763, 30.2898755 ], [ 79.6986866, 30.2902924 ], [ 79.6986008, 30.2905332 ], [ 79.6975064, 30.2908667 ], [ 79.6963048, 30.2911076 ], [ 79.6952319, 30.2915708 ], [ 79.6945023, 30.2917746 ], [ 79.6939444, 30.2915523 ], [ 79.6930446, 30.2915765 ], [ 79.6925711, 30.2915893 ], [ 79.6916914, 30.2915893 ], [ 79.6908974, 30.2918117 ], [ 79.6899104, 30.2917376 ], [ 79.6890521, 30.2917931 ], [ 79.6883869, 30.2918487 ], [ 79.6877861, 30.2914411 ], [ 79.6873569, 30.2912929 ], [ 79.6871209, 30.2915338 ], [ 79.686563, 30.2910705 ], [ 79.6861768, 30.2908853 ], [ 79.6859193, 30.2913299 ], [ 79.6852541, 30.2912188 ], [ 79.6843099, 30.2908482 ], [ 79.6833658, 30.2909038 ], [ 79.6828294, 30.2907185 ], [ 79.6819281, 30.2905888 ], [ 79.6807265, 30.2909779 ], [ 79.6796751, 30.2904221 ], [ 79.6791816, 30.2898292 ], [ 79.6787739, 30.2893474 ], [ 79.6786451, 30.2886989 ], [ 79.6779585, 30.2881245 ], [ 79.6771216, 30.2875131 ], [ 79.6753835, 30.2870313 ], [ 79.6744823, 30.2862161 ], [ 79.6733236, 30.2863272 ], [ 79.6726584, 30.2863458 ], [ 79.6719503, 30.2857158 ], [ 79.6714997, 30.2853267 ], [ 79.6706376, 30.2845241 ], [ 79.6701264, 30.2840481 ], [ 79.669311, 30.2838072 ], [ 79.6686029, 30.2831031 ], [ 79.6665859, 30.2825102 ], [ 79.6651697, 30.2833625 ], [ 79.6640968, 30.2835108 ], [ 79.663496, 30.2839925 ], [ 79.6619081, 30.283937 ], [ 79.6609854, 30.284289 ], [ 79.6595692, 30.2841222 ], [ 79.6583462, 30.2837517 ], [ 79.657166, 30.2838258 ], [ 79.6563935, 30.2833996 ], [ 79.6549129, 30.2828993 ], [ 79.6534538, 30.2823249 ], [ 79.6530032, 30.2815281 ], [ 79.6516728, 30.2809351 ], [ 79.6498489, 30.2801198 ], [ 79.6485615, 30.2794898 ], [ 79.6467376, 30.2789153 ], [ 79.6455788, 30.2785077 ], [ 79.6445703, 30.2777479 ], [ 79.644227, 30.2773958 ], [ 79.6433902, 30.2775626 ], [ 79.6421027, 30.2764508 ], [ 79.6401071, 30.2757466 ], [ 79.6394205, 30.2752833 ], [ 79.6390557, 30.2735043 ], [ 79.6386886, 30.2733484 ], [ 79.6377468, 30.2729483 ], [ 79.6372533, 30.2728928 ], [ 79.6363735, 30.2720774 ], [ 79.6354937, 30.2718179 ], [ 79.6352148, 30.271855 ], [ 79.6340775, 30.2709099 ], [ 79.6331763, 30.2701315 ], [ 79.6327042, 30.27015 ], [ 79.6316743, 30.2706504 ], [ 79.6307301, 30.2708357 ], [ 79.6300006, 30.2712249 ], [ 79.6287989, 30.2715585 ], [ 79.6284771, 30.2721144 ], [ 79.6267819, 30.2722256 ], [ 79.6265674, 30.2721607 ], [ 79.6262455, 30.2715307 ], [ 79.6261272, 30.2714075 ], [ 79.6258807, 30.2711508 ], [ 79.6246791, 30.2705763 ], [ 79.6239924, 30.2698906 ], [ 79.6234839, 30.2696397 ], [ 79.622941, 30.2693717 ], [ 79.6208596, 30.2702242 ], [ 79.6197867, 30.2697609 ], [ 79.6192717, 30.2696311 ], [ 79.6185073, 30.2700169 ], [ 79.6179843, 30.2704466 ], [ 79.6174693, 30.2702798 ], [ 79.6169183, 30.2705058 ], [ 79.616611, 30.2706319 ], [ 79.6169007, 30.2715677 ], [ 79.616731, 30.2719946 ], [ 79.6166539, 30.2721885 ], [ 79.6162462, 30.2724943 ], [ 79.6157527, 30.2726333 ], [ 79.6148085, 30.2721793 ], [ 79.6144652, 30.2716511 ], [ 79.6138, 30.271299 ], [ 79.6132958, 30.270984 ], [ 79.612813, 30.2705392 ], [ 79.6119976, 30.270391 ], [ 79.6116543, 30.2708728 ], [ 79.6118259, 30.2714287 ], [ 79.6116972, 30.2717716 ], [ 79.6110642, 30.2714751 ], [ 79.6105599, 30.2713083 ], [ 79.6102703, 30.2711693 ], [ 79.6103454, 30.2707523 ], [ 79.6102166, 30.270567 ], [ 79.6097875, 30.270567 ], [ 79.6092725, 30.2706411 ], [ 79.6086287, 30.2702798 ], [ 79.6083498, 30.270706 ], [ 79.6081352, 30.2712064 ], [ 79.6078777, 30.2713268 ], [ 79.6075161, 30.2711798 ], [ 79.6073305, 30.2711044 ], [ 79.6072447, 30.270706 ], [ 79.606719, 30.2703724 ], [ 79.6062362, 30.2702983 ], [ 79.6058392, 30.2707153 ], [ 79.605571, 30.2715121 ], [ 79.6048951, 30.2721051 ], [ 79.6043157, 30.272031 ], [ 79.6038973, 30.2718272 ], [ 79.6033072, 30.2717623 ], [ 79.6027064, 30.2719013 ], [ 79.6025884, 30.2725221 ], [ 79.6020734, 30.273041 ], [ 79.6017194, 30.2732448 ], [ 79.6007752, 30.273634 ], [ 79.6004963, 30.2743845 ], [ 79.6004319, 30.2750887 ], [ 79.5999813, 30.2755242 ], [ 79.5995092, 30.2759967 ], [ 79.5988226, 30.2759689 ], [ 79.5983076, 30.2762376 ], [ 79.5978355, 30.2762469 ], [ 79.5966768, 30.2770345 ], [ 79.5963979, 30.2770901 ], [ 79.5961618, 30.2767194 ], [ 79.5957541, 30.2764971 ], [ 79.5952928, 30.2764415 ], [ 79.5945203, 30.27646 ], [ 79.5946169, 30.2758485 ], [ 79.59481, 30.2754037 ], [ 79.5945096, 30.274959 ], [ 79.5941877, 30.2740417 ], [ 79.5941448, 30.2730039 ], [ 79.5937371, 30.2722627 ], [ 79.5933938, 30.2715585 ], [ 79.5923853, 30.2709284 ], [ 79.5909261, 30.2705392 ], [ 79.5900035, 30.2700388 ], [ 79.5899606, 30.2696867 ], [ 79.5898211, 30.2691678 ], [ 79.589746, 30.2686119 ], [ 79.5894027, 30.2681485 ], [ 79.5890694, 30.2679899 ], [ 79.588877, 30.2678984 ], [ 79.5883834, 30.2678891 ], [ 79.5878255, 30.2681856 ], [ 79.587568, 30.2683061 ], [ 79.5874822, 30.2686397 ], [ 79.5873856, 30.2691678 ], [ 79.5870209, 30.2697979 ], [ 79.586581, 30.2703168 ], [ 79.5863342, 30.2707153 ], [ 79.5860445, 30.2711137 ], [ 79.5858729, 30.2715399 ], [ 79.5856551, 30.2716201 ], [ 79.5852184, 30.2717809 ], [ 79.5844888, 30.271855 ], [ 79.5835876, 30.2714473 ], [ 79.5831799, 30.2707801 ], [ 79.5821714, 30.27015 ], [ 79.5818281, 30.2695941 ], [ 79.5811844, 30.2694458 ], [ 79.5805192, 30.2702798 ], [ 79.5797682, 30.2716326 ], [ 79.5792532, 30.2724665 ], [ 79.5780945, 30.2732634 ], [ 79.5775151, 30.2733931 ], [ 79.577322, 30.2737545 ], [ 79.5777297, 30.2743011 ], [ 79.5774293, 30.2747551 ], [ 79.5770216, 30.2748849 ], [ 79.5763886, 30.2748756 ], [ 79.5759058, 30.2746347 ], [ 79.5755196, 30.2742641 ], [ 79.5752835, 30.2738656 ], [ 79.5748758, 30.273041 ], [ 79.5745218, 30.2726518 ], [ 79.5738244, 30.2726426 ], [ 79.5731345, 30.2726295 ], [ 79.5725262, 30.2730688 ], [ 79.5718932, 30.2733097 ], [ 79.5717108, 30.2733653 ], [ 79.5714022, 30.2732801 ], [ 79.5707695, 30.2730969 ], [ 79.5705193, 30.2730351 ], [ 79.5702444, 30.2729672 ], [ 79.5695777, 30.2722158 ], [ 79.5694557, 30.2714855 ], [ 79.5696102, 30.2707763 ], [ 79.5686914, 30.270053 ], [ 79.56761, 30.2701443 ], [ 79.5671465, 30.2708676 ], [ 79.5668457, 30.2709518 ], [ 79.5652927, 30.2699125 ], [ 79.5644471, 30.2697019 ], [ 79.56339, 30.2701583 ], [ 79.562232, 30.2699861 ], [ 79.5611066, 30.270686 ], [ 79.561336, 30.271338 ], [ 79.5606064, 30.2722863 ], [ 79.5586869, 30.2723308 ], [ 79.5573529, 30.2723617 ], [ 79.5569238, 30.2727879 ], [ 79.5566878, 30.2758826 ], [ 79.5561513, 30.2761421 ], [ 79.5547351, 30.2773836 ], [ 79.5556363, 30.2776987 ], [ 79.5557222, 30.2778654 ], [ 79.5545267, 30.2788025 ], [ 79.5543274, 30.2789587 ], [ 79.5540914, 30.2799223 ], [ 79.5530614, 30.2799038 ], [ 79.5513448, 30.2794035 ], [ 79.5504436, 30.2798111 ], [ 79.5496662, 30.2795919 ], [ 79.5490059, 30.2802003 ], [ 79.5464954, 30.2800891 ], [ 79.5455679, 30.2802352 ], [ 79.5451221, 30.2792923 ], [ 79.5447358, 30.2791811 ], [ 79.5438775, 30.2796814 ], [ 79.5425257, 30.2802558 ], [ 79.5415172, 30.2801632 ], [ 79.5397577, 30.2808859 ], [ 79.5389852, 30.2799779 ], [ 79.5380625, 30.2801447 ], [ 79.5376701, 30.2808261 ], [ 79.5357443, 30.2808757 ], [ 79.5354248, 30.28118 ], [ 79.5353907, 30.2817426 ], [ 79.5353428, 30.2825316 ], [ 79.5351871, 30.2834586 ], [ 79.5346872, 30.2838832 ], [ 79.5341874, 30.2839893 ], [ 79.5331958, 30.2839186 ], [ 79.5313793, 30.2843684 ], [ 79.531057, 30.2845696 ], [ 79.5302212, 30.2847394 ], [ 79.5288854, 30.2844847 ], [ 79.5282545, 30.2846333 ], [ 79.5272711, 30.2852348 ], [ 79.5260747, 30.2854187 ], [ 79.5235098, 30.2868835 ], [ 79.5227826, 30.2869729 ], [ 79.5217807, 30.2868198 ], [ 79.520781, 30.2863528 ], [ 79.5199615, 30.2863103 ], [ 79.5192568, 30.2866854 ], [ 79.5187897, 30.2867137 ], [ 79.5181341, 30.2863103 ], [ 79.5173884, 30.2860344 ], [ 79.5166754, 30.2861547 ], [ 79.51611, 30.2865297 ], [ 79.5157904, 30.2866075 ], [ 79.5143646, 30.2863174 ], [ 79.5134795, 30.2855603 ], [ 79.5134058, 30.2850862 ], [ 79.5131927, 30.2845554 ], [ 79.5126765, 30.2846545 ], [ 79.5121192, 30.2851357 ], [ 79.5118883, 30.2858343 ], [ 79.5124142, 30.2863599 ], [ 79.5122667, 30.2868764 ], [ 79.511816, 30.2870533 ], [ 79.510931, 30.2868623 ], [ 79.5103574, 30.2868977 ], [ 79.509161, 30.2872727 ], [ 79.5084644, 30.2870887 ], [ 79.5080055, 30.2866075 ], [ 79.5078744, 30.2860485 ], [ 79.5073008, 30.2855744 ], [ 79.504785, 30.2853338 ], [ 79.5042278, 30.2851003 ], [ 79.5039902, 30.2845554 ], [ 79.50372, 30.2844536 ], [ 79.5030888, 30.2842158 ], [ 79.5028347, 30.2838053 ], [ 79.5028511, 30.2831755 ], [ 79.5022611, 30.2826448 ], [ 79.5012368, 30.2824821 ], [ 79.5006795, 30.2821282 ], [ 79.5004419, 30.2816329 ], [ 79.5005976, 30.2811234 ], [ 79.500532, 30.2804652 ], [ 79.500237, 30.2803945 ], [ 79.4995937, 30.2807946 ], [ 79.4990488, 30.280996 ], [ 79.4983359, 30.2808757 ], [ 79.4977704, 30.2802954 ], [ 79.4976147, 30.279524 ], [ 79.4977431, 30.2788606 ], [ 79.4975471, 30.2783491 ], [ 79.4972024, 30.2783427 ], [ 79.4965658, 30.2788034 ], [ 79.4956205, 30.2791408 ], [ 79.4949228, 30.2790619 ], [ 79.4944762, 30.277677 ], [ 79.494132, 30.2771816 ], [ 79.4931896, 30.2770047 ], [ 79.4925095, 30.2766792 ], [ 79.4918539, 30.2758087 ], [ 79.4913622, 30.2734804 ], [ 79.4903543, 30.2726877 ], [ 79.4891169, 30.272525 ], [ 79.4886662, 30.271612 ], [ 79.48881, 30.270757 ], [ 79.4885925, 30.2702036 ], [ 79.4868306, 30.2694605 ], [ 79.4866585, 30.2691279 ], [ 79.4871174, 30.2682007 ], [ 79.4869289, 30.2678256 ], [ 79.484405, 30.2666578 ], [ 79.4842739, 30.266311 ], [ 79.4844706, 30.2654758 ], [ 79.4840035, 30.2649308 ], [ 79.4834216, 30.2648105 ], [ 79.4817254, 30.2653484 ], [ 79.4811845, 30.2651007 ], [ 79.481078, 30.2639187 ], [ 79.4814222, 30.2626376 ], [ 79.4811845, 30.2623545 ], [ 79.4806683, 30.26222 ], [ 79.4804136, 30.2622236 ], [ 79.4796521, 30.2622342 ], [ 79.4789638, 30.2626801 ], [ 79.4785131, 30.2627367 ], [ 79.4776198, 30.2618874 ], [ 79.4770592, 30.2607371 ], [ 79.4754565, 30.2601674 ], [ 79.4735635, 30.2591269 ], [ 79.4730964, 30.2589995 ], [ 79.4720639, 30.259403 ], [ 79.4710969, 30.2597286 ], [ 79.4701136, 30.260585 ], [ 79.4694498, 30.2607691 ], [ 79.4685402, 30.2603798 ], [ 79.4664997, 30.2602382 ], [ 79.4657704, 30.2599338 ], [ 79.4644511, 30.2589004 ], [ 79.4637873, 30.2588155 ], [ 79.4632838, 30.259122 ], [ 79.4629679, 30.2599763 ], [ 79.4623942, 30.2602736 ], [ 79.4619353, 30.2601391 ], [ 79.4613781, 30.2594525 ], [ 79.4608209, 30.2592473 ], [ 79.4591983, 30.2603161 ], [ 79.4587148, 30.2609602 ], [ 79.4581494, 30.2610805 ], [ 79.4571743, 30.2619298 ], [ 79.4563712, 30.2618307 ], [ 79.4548388, 30.2614202 ], [ 79.4540439, 30.2604293 ], [ 79.4539374, 30.2599692 ], [ 79.4525197, 30.2593605 ], [ 79.4520772, 30.2590137 ], [ 79.4513397, 30.2587589 ], [ 79.4502662, 30.2588155 ], [ 79.4498202, 30.2586925 ], [ 79.4483241, 30.2580227 ], [ 79.4475085, 30.2580313 ], [ 79.4473981, 30.2583766 ], [ 79.4475783, 30.2591482 ], [ 79.4478734, 30.2606204 ], [ 79.4478078, 30.2622342 ], [ 79.4468736, 30.2631472 ], [ 79.4460541, 30.2633596 ], [ 79.4439481, 30.2622271 ], [ 79.4434319, 30.2622625 ], [ 79.4430703, 30.2625624 ], [ 79.4428408, 30.2628889 ], [ 79.4427733, 30.2631298 ], [ 79.4425618, 30.2635145 ], [ 79.4424853, 30.2637166 ], [ 79.4424718, 30.263907 ], [ 79.4425708, 30.264249 ], [ 79.4427148, 30.264661 ], [ 79.4427328, 30.2651156 ], [ 79.4426833, 30.2655509 ], [ 79.4425303, 30.2657763 ], [ 79.4422829, 30.2659667 ], [ 79.4418689, 30.266025 ], [ 79.4417438, 30.2660692 ], [ 79.441671, 30.2660949 ], [ 79.4413785, 30.2662854 ], [ 79.441095, 30.2664214 ], [ 79.4405506, 30.2665069 ], [ 79.4395967, 30.2666331 ], [ 79.4387855, 30.2666295 ], [ 79.437679, 30.2662736 ], [ 79.437193, 30.2661298 ], [ 79.436977, 30.2661337 ], [ 79.436842, 30.2662231 ], [ 79.4366305, 30.2664291 ], [ 79.4363651, 30.2666856 ], [ 79.4359691, 30.2669771 ], [ 79.4357711, 30.2669926 ], [ 79.4355056, 30.2669615 ], [ 79.4354066, 30.2670082 ], [ 79.4352626, 30.2672141 ], [ 79.4351996, 30.2674784 ], [ 79.4352041, 30.2676338 ], [ 79.4352446, 30.268073 ], [ 79.4351861, 30.268279 ], [ 79.4350107, 30.2683722 ], [ 79.4347857, 30.2684772 ], [ 79.4345787, 30.2686831 ], [ 79.4344032, 30.2689318 ], [ 79.4342277, 30.2692466 ], [ 79.4341422, 30.2694876 ], [ 79.4339892, 30.2696935 ], [ 79.4337148, 30.2697985 ], [ 79.4335663, 30.2698373 ], [ 79.4332693, 30.2698218 ], [ 79.4329093, 30.269849 ], [ 79.4318834, 30.2699073 ], [ 79.431186, 30.2699306 ], [ 79.4307585, 30.27002 ], [ 79.4300115, 30.2700122 ], [ 79.4294356, 30.2699539 ], [ 79.4288911, 30.2697713 ], [ 79.4282837, 30.2697713 ], [ 79.4279067, 30.2698915 ], [ 79.4276529, 30.2699724 ], [ 79.4272192, 30.2702371 ], [ 79.4265022, 30.2704669 ], [ 79.425629, 30.2707016 ], [ 79.4254671, 30.2707464 ], [ 79.4248888, 30.2709064 ], [ 79.4241081, 30.2713958 ], [ 79.4237682, 30.2715003 ], [ 79.4235067, 30.2715806 ], [ 79.4230499, 30.2716205 ], [ 79.4225699, 30.2714208 ], [ 79.4223102, 30.271269 ], [ 79.4218644, 30.2706517 ], [ 79.4215753, 30.2704219 ], [ 79.4212515, 30.2702771 ], [ 79.4206963, 30.2701822 ], [ 79.420066, 30.2702471 ], [ 79.4186493, 30.270347 ], [ 79.417672, 30.2705767 ], [ 79.4172672, 30.2705967 ], [ 79.4167468, 30.270392 ], [ 79.4160008, 30.2704769 ], [ 79.4154977, 30.2707066 ], [ 79.4152178, 30.2710954 ], [ 79.4151768, 30.2718172 ], [ 79.4147015, 30.2724471 ], [ 79.4134257, 30.2726463 ], [ 79.4118835, 30.2728641 ], [ 79.4112763, 30.2729989 ], [ 79.410993, 30.2731288 ], [ 79.4105998, 30.2734434 ], [ 79.4098941, 30.274513 ], [ 79.4097521, 30.2747047 ], [ 79.4094797, 30.2748606 ], [ 79.4093704, 30.2748959 ], [ 79.4089946, 30.2750093 ], [ 79.4087479, 30.2750163 ], [ 79.4086057, 30.2749977 ], [ 79.4084072, 30.2749144 ], [ 79.4081229, 30.2747592 ], [ 79.4078681, 30.2745321 ], [ 79.4076991, 30.2742333 ], [ 79.4076541, 30.2739899 ], [ 79.4075596, 30.2738002 ], [ 79.4072244, 30.2734064 ], [ 79.4067067, 30.2731446 ], [ 79.4063392, 30.2730242 ], [ 79.4060093, 30.2730404 ], [ 79.4058645, 30.2731122 ], [ 79.4057009, 30.2732187 ], [ 79.4055185, 30.2734411 ], [ 79.4053951, 30.2737492 ], [ 79.405261, 30.2739067 ], [ 79.4050625, 30.2740619 ], [ 79.4047755, 30.2742287 ], [ 79.4043785, 30.2743908 ], [ 79.4038662, 30.2746665 ], [ 79.4035873, 30.2748564 ], [ 79.4032788, 30.2751298 ], [ 79.4029838, 30.2754911 ], [ 79.4026297, 30.2760795 ], [ 79.40245, 30.276369 ], [ 79.4022676, 30.2765335 ], [ 79.4018439, 30.276969 ], [ 79.4015998, 30.2772377 ], [ 79.4015193, 30.277423 ], [ 79.4015032, 30.2774739 ], [ 79.4015086, 30.2775643 ], [ 79.4015756, 30.2778399 ], [ 79.4017124, 30.2781596 ], [ 79.4017232, 30.2782777 ], [ 79.4017044, 30.2784908 ], [ 79.401691, 30.2787873 ], [ 79.4016776, 30.2790004 ], [ 79.4016239, 30.2791741 ], [ 79.4014657, 30.2794683 ], [ 79.4011089, 30.2800752 ], [ 79.4010177, 30.2802049 ], [ 79.40072, 30.2804342 ], [ 79.40061, 30.2804666 ], [ 79.4003525, 30.2804319 ], [ 79.3997839, 30.2804087 ], [ 79.3993923, 30.2803809 ], [ 79.3991563, 30.2803624 ], [ 79.398872, 30.2802929 ], [ 79.3980888, 30.2801284 ], [ 79.397791, 30.2800682 ], [ 79.3974719, 30.2800566 ], [ 79.3968496, 30.2801099 ], [ 79.3966752, 30.2801423 ], [ 79.3965384, 30.2802072 ], [ 79.3963856, 30.2802906 ], [ 79.3961844, 30.2803971 ], [ 79.3956909, 30.2806519 ], [ 79.3952912, 30.2808835 ], [ 79.3948406, 30.2812819 ], [ 79.3945804, 30.2815228 ], [ 79.3944678, 30.2817359 ], [ 79.3943042, 30.2820602 ], [ 79.3940574, 30.2825698 ], [ 79.3939743, 30.2826624 ], [ 79.3938401, 30.282762 ], [ 79.3936309, 30.2828801 ], [ 79.3931991, 30.2830932 ], [ 79.3928665, 30.2831488 ], [ 79.3924239, 30.2831673 ], [ 79.391925, 30.2831395 ], [ 79.3914905, 30.2830608 ], [ 79.3908924, 30.2827991 ], [ 79.390415, 30.2826323 ], [ 79.3900743, 30.2826508 ], [ 79.3897498, 30.2827249 ], [ 79.3893984, 30.282894 ], [ 79.3891195, 30.2831419 ], [ 79.3889934, 30.2832438 ], [ 79.3888056, 30.2834198 ], [ 79.3886286, 30.283531 ], [ 79.3884489, 30.2836584 ], [ 79.3880251, 30.283978 ], [ 79.387832, 30.2841633 ], [ 79.3877381, 30.284469 ], [ 79.3877032, 30.2846891 ], [ 79.3877167, 30.2848651 ], [ 79.3878025, 30.2852913 ], [ 79.3879554, 30.2857892 ], [ 79.3879768, 30.286007 ], [ 79.3879473, 30.2862872 ], [ 79.3879151, 30.2866833 ], [ 79.38784, 30.2869589 ], [ 79.387596, 30.2876144 ], [ 79.3874806, 30.2879085 ], [ 79.3873572, 30.2880729 ], [ 79.3871588, 30.2883601 ], [ 79.3869335, 30.2889229 ], [ 79.3868262, 30.2894603 ], [ 79.3866652, 30.2898609 ], [ 79.3865231, 30.2900416 ], [ 79.3863165, 30.2901713 ], [ 79.3860349, 30.2902222 ], [ 79.3859384, 30.2902083 ], [ 79.385713, 30.2901458 ], [ 79.3854368, 30.2900902 ], [ 79.3852758, 30.2900879 ], [ 79.3850318, 30.2901296 ], [ 79.3847635, 30.2901968 ], [ 79.3846884, 30.2902593 ], [ 79.3846375, 30.2903242 ], [ 79.3846053, 30.2903821 ], [ 79.3845785, 30.2905141 ], [ 79.3845302, 30.2910792 ], [ 79.384431, 30.2914868 ], [ 79.3842942, 30.2918018 ], [ 79.3840796, 30.2920658 ], [ 79.3838435, 30.2922673 ], [ 79.3834627, 30.2924479 ], [ 79.3830657, 30.2925776 ], [ 79.3827197, 30.2926448 ], [ 79.3823281, 30.2927652 ], [ 79.3819097, 30.2929852 ], [ 79.376957, 30.2944759 ], [ 79.3734825, 30.2944618 ], [ 79.3714136, 30.2942446 ], [ 79.3701331, 30.2945698 ], [ 79.3695073, 30.2952652 ], [ 79.3696905, 30.2963981 ], [ 79.3696604, 30.2967713 ], [ 79.3692501, 30.2968243 ], [ 79.368513, 30.2974028 ], [ 79.3665055, 30.2981616 ], [ 79.365516, 30.2989735 ], [ 79.363862, 30.302089 ], [ 79.3607071, 30.3028248 ], [ 79.3584945, 30.3037445 ], [ 79.3573637, 30.3039992 ], [ 79.3571916, 30.3046077 ], [ 79.3564787, 30.3051878 ], [ 79.3551593, 30.3057255 ], [ 79.3533893, 30.3059448 ], [ 79.3526764, 30.3062915 ], [ 79.3518571, 30.3077023 ], [ 79.3517145, 30.3079479 ], [ 79.3512423, 30.3082865 ], [ 79.3493739, 30.3075437 ], [ 79.3478989, 30.3067089 ], [ 79.3455634, 30.304643 ], [ 79.3433427, 30.3044803 ], [ 79.3427691, 30.3045228 ], [ 79.3417365, 30.3051524 ], [ 79.340688, 30.3054245 ], [ 79.3379834, 30.3052656 ], [ 79.3363399, 30.3046136 ], [ 79.3359836, 30.3045518 ], [ 79.3347179, 30.3043321 ], [ 79.3340917, 30.3043619 ], [ 79.3332899, 30.3049032 ], [ 79.3293883, 30.306754 ], [ 79.329179, 30.3069536 ], [ 79.3282441, 30.3078454 ], [ 79.3266208, 30.3083237 ], [ 79.3261454, 30.3089966 ], [ 79.325949, 30.3100214 ], [ 79.3253781, 30.3107308 ], [ 79.3253066, 30.3108096 ], [ 79.3244936, 30.311705 ], [ 79.3242856, 30.3127948 ], [ 79.3242599, 30.3145237 ], [ 79.325024, 30.3158142 ], [ 79.3249213, 30.3164873 ], [ 79.3248367, 30.3182993 ], [ 79.3257677, 30.319746 ], [ 79.3253615, 30.3210904 ], [ 79.3239226, 30.3219233 ], [ 79.3217534, 30.3225496 ], [ 79.3217577, 30.3236292 ], [ 79.3211711, 30.3244144 ], [ 79.3208479, 30.325148 ], [ 79.3211472, 30.3268115 ], [ 79.3208461, 30.3280054 ], [ 79.3207413, 30.3284209 ], [ 79.3196894, 30.3298112 ], [ 79.3181589, 30.3307769 ], [ 79.3177336, 30.3310453 ], [ 79.3171734, 30.3313015 ], [ 79.3163693, 30.3316692 ], [ 79.3156595, 30.3319938 ], [ 79.3153617, 30.33213 ] ] } },
{ "type": "Feature", "properties": { "full_id": "w226848772", "osm_id": "226848772", "osm_type": "way", "waterway": "river", "intermittent": null, "alt_name": null, "wikidata": null, "name:uk": null, "layer": null, "width": null, "tunnel": null, "name:ml": null, "name:kn": null, "name:hi": null, "name:en": null, "name": "Balkhila Nadi", "int_name": null, "boat": null }, "geometry": { "type": "LineString", "coordinates": [ [ 79.2752328, 30.4572437 ], [ 79.2762226, 30.4570068 ], [ 79.2771184, 30.4556473 ], [ 79.2780948, 30.4545745 ], [ 79.278732, 30.4543348 ], [ 79.2800137, 30.4542043 ], [ 79.2803478, 30.4538993 ], [ 79.2811632, 30.4520681 ], [ 79.281764, 30.4514391 ], [ 79.2818176, 30.44951 ], [ 79.2819357, 30.448928 ], [ 79.2824882, 30.4481835 ], [ 79.2828677, 30.4468686 ], [ 79.2827135, 30.4462226 ], [ 79.2821012, 30.4459883 ], [ 79.2817694, 30.4456122 ], [ 79.2817801, 30.4448907 ], [ 79.2823876, 30.4443181 ], [ 79.2833601, 30.4434709 ], [ 79.2835791, 30.442441 ], [ 79.2834536, 30.4419949 ], [ 79.2840815, 30.4413712 ], [ 79.2847123, 30.4405743 ], [ 79.2848861, 30.4400808 ], [ 79.2846273, 30.4397594 ], [ 79.2845992, 30.43894 ], [ 79.2846984, 30.438476 ], [ 79.2849841, 30.438086 ], [ 79.2855406, 30.4378655 ], [ 79.2861219, 30.437287 ], [ 79.2864823, 30.4360172 ], [ 79.2871624, 30.435445 ], [ 79.2879776, 30.435328 ], [ 79.2883774, 30.4349787 ], [ 79.2887914, 30.43491 ], [ 79.2890543, 30.4345862 ], [ 79.2895225, 30.4344417 ], [ 79.2908746, 30.4341237 ], [ 79.2918662, 30.434371 ], [ 79.2927114, 30.4339851 ], [ 79.292872, 30.4336433 ], [ 79.2937837, 30.432866 ], [ 79.294177, 30.4319475 ], [ 79.2937181, 30.4310996 ], [ 79.2938877, 30.4306748 ], [ 79.2944311, 30.4305697 ], [ 79.2953407, 30.4308311 ], [ 79.2959682, 30.4312077 ], [ 79.2964961, 30.431135 ], [ 79.2968058, 30.4306639 ], [ 79.29672, 30.429378 ], [ 79.296365, 30.4277716 ], [ 79.2966802, 30.4269597 ], [ 79.2977335, 30.4264927 ], [ 79.2984301, 30.4255741 ], [ 79.3011425, 30.4244788 ], [ 79.3018613, 30.423902 ], [ 79.3043439, 30.4211573 ], [ 79.3042892, 30.4203945 ], [ 79.3043384, 30.4198433 ], [ 79.3049038, 30.4194829 ], [ 79.3055307, 30.4194804 ], [ 79.306469, 30.420027 ], [ 79.3071309, 30.4199575 ], [ 79.3074114, 30.4199281 ], [ 79.3081407, 30.4194334 ], [ 79.3084091, 30.4183169 ], [ 79.3089285, 30.4169482 ], [ 79.3090044, 30.4159243 ], [ 79.3086256, 30.4152185 ], [ 79.3077225, 30.4140304 ], [ 79.3077196, 30.4136683 ], [ 79.308002, 30.4131813 ], [ 79.3082521, 30.4130919 ], [ 79.3089026, 30.4131844 ], [ 79.3092743, 30.4130488 ], [ 79.3096753, 30.4125053 ], [ 79.3094637, 30.4121241 ], [ 79.3095781, 30.4115107 ], [ 79.3098283, 30.4110114 ], [ 79.3095388, 30.4104936 ], [ 79.3083957, 30.4102189 ], [ 79.3075971, 30.4097132 ], [ 79.3071456, 30.4091574 ], [ 79.3068772, 30.4075904 ], [ 79.3068541, 30.4074552 ], [ 79.3073342, 30.4065137 ], [ 79.3075111, 30.4058424 ], [ 79.3073227, 30.4053424 ], [ 79.3072281, 30.4046174 ], [ 79.3080823, 30.4031658 ], [ 79.3090224, 30.4019931 ], [ 79.3098227, 30.4013023 ], [ 79.3102022, 30.4003365 ], [ 79.3100383, 30.3989328 ], [ 79.3095683, 30.3978168 ], [ 79.3097945, 30.396865 ], [ 79.3111604, 30.3960512 ], [ 79.3113575, 30.3952141 ], [ 79.3111149, 30.3948741 ], [ 79.3112311, 30.3943814 ], [ 79.3118983, 30.3941373 ], [ 79.3127879, 30.3937536 ], [ 79.3141609, 30.3927602 ], [ 79.3149498, 30.3921222 ], [ 79.3153954, 30.3914288 ], [ 79.3159861, 30.3898937 ], [ 79.3161949, 30.3881797 ], [ 79.3167577, 30.3876965 ], [ 79.3176259, 30.387415 ], [ 79.3186326, 30.387537 ], [ 79.3200131, 30.3880769 ], [ 79.322078, 30.3883342 ] ] } },
{ "type": "Feature", "properties": { "full_id": "w227111018", "osm_id": "227111018", "osm_type": "way", "waterway": "river", "intermittent": null, "alt_name": null, "wikidata": null, "name:uk": null, "layer": null, "width": null, "tunnel": null, "name:ml": null, "name:kn": null, "name:hi": null, "name:en": null, "name": null, "int_name": null, "boat": null }, "geometry": { "type": "LineString", "coordinates": [ [ 79.3863165, 30.6878581 ], [ 79.3871212, 30.6890206 ], [ 79.3891489, 30.6909027 ], [ 79.3913698, 30.6929694 ], [ 79.3923354, 30.6936982 ], [ 79.3958974, 30.6953496 ], [ 79.3979037, 30.6963829 ], [ 79.4009507, 30.697656 ], [ 79.4039655, 30.6988276 ], [ 79.4061863, 30.6997132 ], [ 79.4091904, 30.6996487 ], [ 79.4111323, 30.6995841 ], [ 79.4133103, 30.6996763 ], [ 79.4149411, 30.6988184 ], [ 79.4166791, 30.6975545 ], [ 79.4187605, 30.6958755 ], [ 79.4234959, 30.6893197 ], [ 79.4273754, 30.6879689 ], [ 79.4307057, 30.6871054 ], [ 79.4368628, 30.6866729 ], [ 79.4428936, 30.6831194 ], [ 79.4476089, 30.6790524 ], [ 79.4499608, 30.6793684 ], [ 79.4537404, 30.6798763 ], [ 79.4586264, 30.6802883 ], [ 79.4649687, 30.6807332 ], [ 79.4699936, 30.682704 ], [ 79.471942, 30.6826448 ], [ 79.47263, 30.6830695 ], [ 79.4734883, 30.6828942 ], [ 79.4742179, 30.6830972 ], [ 79.4764924, 30.6828111 ], [ 79.4772327, 30.6832632 ], [ 79.4774258, 30.6837984 ], [ 79.4785309, 30.6838814 ], [ 79.479711, 30.6844074 ], [ 79.4804937, 30.6842333 ], [ 79.4835627, 30.6849886 ], [ 79.486589, 30.684825 ], [ 79.4868046, 30.6848133 ], [ 79.4872856, 30.6849056 ], [ 79.4877791, 30.6846565 ], [ 79.4885945, 30.6850994 ], [ 79.4892495, 30.6851534 ], [ 79.4899464, 30.6850163 ], [ 79.4907188, 30.6852747 ], [ 79.4912982, 30.685533 ], [ 79.4918883, 30.6851732 ], [ 79.4922209, 30.6852654 ], [ 79.4928753, 30.6858467 ], [ 79.4937102, 30.6858745 ], [ 79.495579, 30.6862158 ], [ 79.4963086, 30.686009 ], [ 79.4973385, 30.686142 ], [ 79.4983685, 30.6858283 ], [ 79.4995916, 30.6859205 ], [ 79.5001622, 30.6857176 ], [ 79.5052428, 30.686189 ], [ 79.507763, 30.6854763 ] ] } },
{ "type": "Feature", "properties": { "full_id": "w227111020", "osm_id": "227111020", "osm_type": "way", "waterway": "stream", "intermittent": null, "alt_name": null, "wikidata": null, "name:uk": null, "layer": null, "width": null, "tunnel": null, "name:ml": "അളകനന്ദ", "name:kn": "ಅಲಕನಂದಾ", "name:hi": "अलकनन्दा", "name:en": null, "name": "Alaknanda", "int_name": null, "boat": null }, "geometry": { "type": "LineString", "coordinates": [ [ 79.4098341, 30.7712285 ], [ 79.4099951, 30.7713206 ], [ 79.4101989, 30.7717539 ], [ 79.4107354, 30.7719198 ], [ 79.4110036, 30.7721687 ], [ 79.4111323, 30.7724822 ], [ 79.4111645, 30.7729984 ], [ 79.4113898, 30.7734593 ], [ 79.4117117, 30.7738557 ], [ 79.4119584, 30.7744733 ], [ 79.4119799, 30.7746484 ], [ 79.4119477, 30.7747959 ], [ 79.411701, 30.7752107 ], [ 79.4119155, 30.7756624 ], [ 79.4119584, 30.7760127 ], [ 79.4120228, 30.7761694 ], [ 79.4121408, 30.7762892 ], [ 79.4124627, 30.7764552 ], [ 79.4128489, 30.7766211 ], [ 79.4130313, 30.7766303 ], [ 79.4133639, 30.7768331 ], [ 79.4137716, 30.7772202 ], [ 79.4138574, 30.7773585 ], [ 79.4139862, 30.7776811 ], [ 79.4139969, 30.7780037 ], [ 79.4139218, 30.7785107 ], [ 79.4139218, 30.7786766 ], [ 79.4139647, 30.7788426 ], [ 79.4144797, 30.7790546 ], [ 79.4150698, 30.7792666 ], [ 79.4160461, 30.7795431 ], [ 79.4162071, 30.7796076 ], [ 79.4164216, 30.7796445 ], [ 79.4168508, 30.7796445 ], [ 79.4182134, 30.7800685 ], [ 79.4189966, 30.7802068 ], [ 79.4196832, 30.7804649 ], [ 79.4200802, 30.7804649 ], [ 79.4204664, 30.7804096 ], [ 79.4208527, 30.7804925 ], [ 79.421035, 30.780557 ], [ 79.4213462, 30.7807506 ], [ 79.4216144, 30.7810271 ], [ 79.4217646, 30.7811469 ], [ 79.4219684, 30.7811746 ], [ 79.4224354, 30.7809105 ], [ 79.4237387, 30.7817092 ], [ 79.4238675, 30.7826955 ], [ 79.4242859, 30.7828706 ], [ 79.4250154, 30.7826494 ], [ 79.4259703, 30.7826125 ], [ 79.4265282, 30.782889 ], [ 79.4270646, 30.7837462 ], [ 79.4274769, 30.7839164 ], [ 79.4275159, 30.7841884 ], [ 79.4281986, 30.7842991 ], [ 79.428442, 30.7844664 ], [ 79.4288029, 30.784397 ], [ 79.4291658, 30.7843162 ], [ 79.429366, 30.7841042 ], [ 79.4295814, 30.7839359 ], [ 79.4298206, 30.7839186 ], [ 79.4300474, 30.7840943 ], [ 79.4302072, 30.78424 ], [ 79.4303715, 30.7842486 ], [ 79.4307102, 30.7840605 ], [ 79.4311458, 30.7839905 ], [ 79.4315159, 30.7840209 ], [ 79.4320023, 30.784366 ], [ 79.4322968, 30.7843741 ], [ 79.4326776, 30.7842618 ], [ 79.4333396, 30.7844945 ], [ 79.4337215, 30.7844384 ], [ 79.4341265, 30.7842425 ], [ 79.4363983, 30.7837847 ], [ 79.436905, 30.7837231 ], [ 79.4375785, 30.7834268 ], [ 79.4390055, 30.7843686 ], [ 79.439595, 30.7844703 ], [ 79.4400293, 30.7842383 ], [ 79.4406792, 30.7841704 ], [ 79.4422699, 30.7842903 ], [ 79.4430223, 30.7843276 ], [ 79.4437869, 30.7842431 ], [ 79.4444843, 30.7844924 ], [ 79.4450705, 30.7841206 ], [ 79.4453855, 30.7841034 ], [ 79.4457321, 30.7838468 ], [ 79.4462773, 30.7837677 ], [ 79.4470597, 30.784086 ], [ 79.4478555, 30.7841804 ], [ 79.4481274, 30.7840736 ], [ 79.4488192, 30.7834683 ], [ 79.4496608, 30.7827703 ], [ 79.4503254, 30.7828835 ], [ 79.4510068, 30.7825373 ], [ 79.4517685, 30.7817253 ], [ 79.4521818, 30.7819201 ], [ 79.4526033, 30.7818144 ], [ 79.4536089, 30.7810023 ], [ 79.4544166, 30.7805517 ], [ 79.4548395, 30.7806718 ], [ 79.455295, 30.7805334 ], [ 79.4555635, 30.7805919 ], [ 79.45606, 30.7804853 ], [ 79.4564894, 30.7807784 ], [ 79.4569025, 30.7806383 ], [ 79.4571677, 30.7804559 ], [ 79.4577712, 30.7806639 ], [ 79.4584416, 30.7807167 ], [ 79.4591481, 30.7810039 ], [ 79.4596902, 30.7807902 ], [ 79.459842, 30.780367 ], [ 79.4603896, 30.7800935 ], [ 79.4612899, 30.7797667 ], [ 79.4625123, 30.7793163 ], [ 79.4629379, 30.779313 ], [ 79.4637402, 30.7796137 ], [ 79.4642554, 30.7795726 ], [ 79.4649385, 30.7794608 ], [ 79.4659676, 30.7783989 ], [ 79.4675013, 30.7783286 ], [ 79.4685145, 30.7780767 ], [ 79.4696669, 30.7778229 ], [ 79.4703639, 30.7776041 ], [ 79.4725874, 30.7769707 ], [ 79.4736951, 30.7771678 ], [ 79.4749326, 30.7771451 ], [ 79.4755603, 30.7769897 ], [ 79.4770434, 30.7763854 ], [ 79.4794393, 30.7756183 ], [ 79.4801115, 30.7755497 ], [ 79.4805615, 30.7754686 ], [ 79.4812034, 30.7751874 ], [ 79.4825528, 30.7744311 ], [ 79.4836122, 30.7740093 ], [ 79.4845805, 30.774196 ], [ 79.4863239, 30.7740162 ], [ 79.4888237, 30.7731382 ], [ 79.4892636, 30.7729515 ], [ 79.4897106, 30.7726874 ], [ 79.4902721, 30.772583 ], [ 79.4908443, 30.7721099 ], [ 79.4917313, 30.7720485 ], [ 79.4920829, 30.7718739 ], [ 79.4922844, 30.7715638 ], [ 79.4928825, 30.7714979 ], [ 79.493471, 30.7711981 ], [ 79.4936686, 30.7708694 ], [ 79.4939953, 30.7706246 ], [ 79.4947354, 30.7704026 ], [ 79.4949575, 30.770401 ] ] } },
{ "type": "Feature", "properties": { "full_id": "w227111021", "osm_id": "227111021", "osm_type": "way", "waterway": "river", "intermittent": null, "alt_name": null, "wikidata": null, "name:uk": null, "layer": null, "width": null, "tunnel": null, "name:ml": null, "name:kn": null, "name:hi": null, "name:en": null, "name": "Kalpa Ganga", "int_name": null, "boat": null }, "geometry": { "type": "LineString", "coordinates": [ [ 79.3973779, 30.6173429 ], [ 79.3990945, 30.6170844 ], [ 79.4007682, 30.6165673 ], [ 79.402399, 30.61509 ], [ 79.4038581, 30.6126893 ], [ 79.4046735, 30.6116551 ], [ 79.4062185, 30.6113966 ], [ 79.4080638, 30.611138 ], [ 79.4096946, 30.6105101 ], [ 79.4107675, 30.6105101 ], [ 79.4126987, 30.6112858 ], [ 79.4149732, 30.6115074 ], [ 79.4174408, 30.6109072 ], [ 79.4184923, 30.61003 ], [ 79.4193506, 30.6095868 ], [ 79.4205522, 30.6086264 ], [ 79.4220113, 30.6078508 ], [ 79.422698, 30.6070751 ], [ 79.4240284, 30.6064841 ], [ 79.4246292, 30.6050067 ], [ 79.4256591, 30.6041202 ], [ 79.4257021, 30.603049 ], [ 79.4263887, 30.6014976 ], [ 79.4282341, 30.6007219 ], [ 79.428749, 30.5993921 ], [ 79.4295215, 30.5987272 ], [ 79.4304227, 30.5982839 ], [ 79.4304657, 30.5974343 ], [ 79.4308519, 30.5961414 ], [ 79.4307231, 30.5940727 ], [ 79.4303798, 30.5925581 ], [ 79.4307661, 30.5918192 ], [ 79.4298219, 30.5905262 ], [ 79.4295644, 30.5890485 ], [ 79.4281911, 30.5869058 ], [ 79.4284057, 30.5859822 ], [ 79.427666, 30.5842341 ], [ 79.427247, 30.5833222 ], [ 79.4271008, 30.5817927 ], [ 79.4261741, 30.5813271 ], [ 79.4255304, 30.5801817 ], [ 79.4248867, 30.5797014 ], [ 79.4246292, 30.5785191 ], [ 79.4235134, 30.5776324 ], [ 79.4230413, 30.5763023 ], [ 79.4218397, 30.5754525 ], [ 79.4212818, 30.5740115 ], [ 79.420681, 30.5713881 ], [ 79.4197797, 30.569208 ], [ 79.4196939, 30.5666953 ], [ 79.4201016, 30.5637021 ], [ 79.4203162, 30.5631663 ], [ 79.421947, 30.5617806 ], [ 79.4221186, 30.5603763 ], [ 79.4222474, 30.5588797 ], [ 79.4237709, 30.5579558 ], [ 79.4242492, 30.55776 ], [ 79.4263887, 30.5568841 ], [ 79.4284272, 30.5560156 ], [ 79.4307875, 30.5552026 ], [ 79.4330621, 30.5546298 ], [ 79.4352722, 30.5542417 ], [ 79.4372678, 30.553632 ], [ 79.4380188, 30.5528374 ], [ 79.4383406, 30.5512852 ], [ 79.4384908, 30.5506015 ], [ 79.4401645, 30.5500656 ], [ 79.4430613, 30.5501395 ], [ 79.4446102, 30.550014 ], [ 79.4454646, 30.5497699 ], [ 79.4472885, 30.5499362 ], [ 79.4475179, 30.5499162 ], [ 79.4491982, 30.5497699 ], [ 79.4501839, 30.5494578 ], [ 79.4506573, 30.5493079 ], [ 79.451859, 30.5484764 ], [ 79.4530177, 30.5478481 ], [ 79.4534683, 30.5468686 ], [ 79.4536936, 30.5449005 ], [ 79.454391, 30.5440874 ], [ 79.4558286, 30.5430987 ], [ 79.4586393, 30.5415325 ], [ 79.4591117, 30.5412692 ], [ 79.460485, 30.5410659 ], [ 79.4623772, 30.5412915 ], [ 79.4641796, 30.5401087 ], [ 79.4644586, 30.5388705 ], [ 79.4654202, 30.538035 ], [ 79.4669223, 30.5378132 ], [ 79.4688145, 30.5386118 ], [ 79.4697547, 30.5378871 ], [ 79.4717932, 30.5379056 ], [ 79.4721833, 30.5375952 ], [ 79.4726944, 30.5363347 ], [ 79.4745827, 30.5358357 ], [ 79.4754195, 30.5361499 ], [ 79.4767753, 30.5359134 ], [ 79.4787669, 30.5348192 ], [ 79.4800544, 30.5351703 ], [ 79.4817066, 30.5341723 ], [ 79.4832945, 30.5347083 ], [ 79.4847965, 30.5338027 ], [ 79.4863025, 30.5339728 ], [ 79.4886846, 30.5335594 ], [ 79.4905802, 30.5339885 ], [ 79.4941172, 30.5339629 ], [ 79.4964927, 30.5336689 ], [ 79.4970439, 30.5333305 ], [ 79.4976957, 30.5325031 ], [ 79.4988661, 30.5320805 ], [ 79.5000241, 30.5319285 ], [ 79.501344, 30.5319459 ], [ 79.5023655, 30.5319473 ], [ 79.5032274, 30.5317043 ], [ 79.5039836, 30.5309048 ], [ 79.5035183, 30.529413 ], [ 79.5036256, 30.5288124 ], [ 79.5049089, 30.5282406 ], [ 79.5056964, 30.527054 ] ] } },
{ "type": "Feature", "properties": { "full_id": "w227111031", "osm_id": "227111031", "osm_type": "way", "waterway": "river", "intermittent": null, "alt_name": null, "wikidata": null, "name:uk": null, "layer": null, "width": null, "tunnel": null, "name:ml": null, "name:kn": null, "name:hi": null, "name:en": null, "name": "Vishnu Gad", "int_name": null, "boat": null }, "geometry": { "type": "LineString", "coordinates": [ [ 79.4844961, 30.6111103 ], [ 79.4854832, 30.6109995 ], [ 79.4860679, 30.6109718 ], [ 79.4869637, 30.6107825 ], [ 79.4878435, 30.6110272 ], [ 79.4887233, 30.6109395 ], [ 79.4892383, 30.6106948 ], [ 79.4903594, 30.6109072 ], [ 79.4914162, 30.6112627 ], [ 79.4922692, 30.6113735 ], [ 79.4928968, 30.6110965 ], [ 79.4927841, 30.6104639 ], [ 79.4936156, 30.6100484 ], [ 79.494946, 30.6092728 ], [ 79.4954824, 30.6081463 ], [ 79.4965124, 30.6077769 ], [ 79.4981432, 30.6075738 ], [ 79.4997525, 30.6064287 ], [ 79.5003533, 30.6056531 ], [ 79.5009327, 30.6053022 ], [ 79.5019197, 30.6052652 ], [ 79.5026064, 30.6049328 ], [ 79.503273, 30.6040168 ], [ 79.5038295, 30.6032521 ], [ 79.5040226, 30.6022179 ], [ 79.5050955, 30.6000385 ], [ 79.5059109, 30.597268 ], [ 79.5060825, 30.5966031 ], [ 79.50634, 30.5962152 ], [ 79.50737, 30.5961783 ], [ 79.5088076, 30.5961967 ], [ 79.5102882, 30.5961598 ], [ 79.5109963, 30.5953656 ], [ 79.5112324, 30.5945714 ], [ 79.5109534, 30.5940542 ], [ 79.5113182, 30.5923549 ], [ 79.5114898, 30.5911358 ], [ 79.5123052, 30.5901753 ], [ 79.5139146, 30.5896026 ], [ 79.5157814, 30.5894364 ], [ 79.5164251, 30.5889931 ], [ 79.5161462, 30.5879033 ], [ 79.5164037, 30.5867026 ], [ 79.5174551, 30.5852617 ], [ 79.5188284, 30.5847815 ], [ 79.5207166, 30.5846152 ], [ 79.5224547, 30.5847999 ], [ 79.5232057, 30.5845413 ], [ 79.5240211, 30.5839871 ], [ 79.5247721, 30.5831005 ], [ 79.5254159, 30.5813825 ], [ 79.5259952, 30.5805327 ], [ 79.5257592, 30.578981 ], [ 79.5250296, 30.5777986 ], [ 79.523592, 30.5758404 ], [ 79.5227122, 30.5748058 ], [ 79.5221329, 30.5729769 ], [ 79.5211887, 30.5716282 ], [ 79.5209741, 30.5707599 ], [ 79.5205664, 30.5698916 ], [ 79.5199442, 30.5679886 ], [ 79.5198154, 30.5665475 ], [ 79.5206737, 30.5662519 ], [ 79.5211243, 30.5655498 ], [ 79.5217076, 30.5651472 ], [ 79.521575, 30.564201 ], [ 79.5220363, 30.5635913 ], [ 79.5224976, 30.5633696 ], [ 79.5225191, 30.5625196 ], [ 79.522841, 30.5622794 ], [ 79.5234954, 30.5619007 ], [ 79.5236671, 30.5613833 ], [ 79.5236388, 30.5608605 ], [ 79.52371, 30.5604317 ], [ 79.5246756, 30.559203 ], [ 79.5246863, 30.558233 ], [ 79.524858, 30.5574939 ], [ 79.5264244, 30.5574015 ], [ 79.5289174, 30.5563336 ], [ 79.5314547, 30.5538945 ], [ 79.5318095, 30.5535715 ], [ 79.5321482, 30.5529436 ] ] } },
{ "type": "Feature", "properties": { "full_id": "w227163072", "osm_id": "227163072", "osm_type": "way", "waterway": "river", "intermittent": null, "alt_name": null, "wikidata": null, "name:uk": null, "layer": null, "width": null, "tunnel": null, "name:ml": null, "name:kn": null, "name:hi": null, "name:en": null, "name": "Birahi Ganga", "int_name": null, "boat": null }, "geometry": { "type": "LineString", "coordinates": [ [ 79.6386373, 30.377568 ], [ 79.638015, 30.3776606 ], [ 79.6371782, 30.3777347 ], [ 79.636116, 30.3780679 ], [ 79.6342921, 30.3782622 ], [ 79.6329832, 30.3783502 ], [ 79.6325648, 30.3785954 ], [ 79.6313417, 30.3788176 ], [ 79.6309554, 30.3787991 ], [ 79.6304834, 30.3791786 ], [ 79.6300542, 30.3795673 ], [ 79.6297538, 30.3797802 ], [ 79.6291637, 30.3797894 ], [ 79.628638, 30.379882 ], [ 79.6282411, 30.3800208 ], [ 79.6267497, 30.3808909 ], [ 79.6257658, 30.3814178 ], [ 79.6249902, 30.3809001 ], [ 79.6231985, 30.380678 ], [ 79.6216857, 30.3803818 ], [ 79.619261, 30.3802892 ], [ 79.6180165, 30.3803448 ], [ 79.6151197, 30.3796136 ], [ 79.6137571, 30.3791415 ], [ 79.611901, 30.3788083 ], [ 79.6089721, 30.3789009 ], [ 79.6071696, 30.3785029 ], [ 79.605217, 30.3784751 ], [ 79.6039617, 30.3783548 ], [ 79.6023202, 30.3779846 ], [ 79.6008074, 30.3780031 ], [ 79.6003483, 30.3778861 ], [ 79.5998633, 30.3777624 ], [ 79.5992839, 30.377457 ], [ 79.5982325, 30.3764573 ], [ 79.5981467, 30.3758927 ], [ 79.5977604, 30.3754669 ], [ 79.5971489, 30.3753466 ], [ 79.5965588, 30.3752078 ], [ 79.5953035, 30.3746524 ], [ 79.5943487, 30.3736805 ], [ 79.5927876, 30.3736157 ], [ 79.5920688, 30.3736897 ], [ 79.5916718, 30.3736296 ], [ 79.5913231, 30.3736342 ], [ 79.5907599, 30.3737407 ], [ 79.5897782, 30.3736296 ], [ 79.5894617, 30.3734769 ], [ 79.5889467, 30.3732686 ], [ 79.5885765, 30.3729955 ], [ 79.5880347, 30.3721995 ], [ 79.5876217, 30.3716348 ], [ 79.5874661, 30.3715562 ], [ 79.586994, 30.3712461 ], [ 79.5869189, 30.3708619 ], [ 79.5868653, 30.3706351 ], [ 79.58664, 30.3704824 ], [ 79.5862752, 30.3701862 ], [ 79.5862216, 30.3699224 ], [ 79.586066, 30.3695429 ], [ 79.5860392, 30.3693855 ], [ 79.585889, 30.3691541 ], [ 79.5853579, 30.3688856 ], [ 79.5849878, 30.3687051 ], [ 79.5847195, 30.3687144 ], [ 79.5841777, 30.3687884 ], [ 79.5838934, 30.3686264 ], [ 79.5830941, 30.3680942 ], [ 79.5830834, 30.3678674 ], [ 79.5830619, 30.3676175 ], [ 79.5829868, 30.3672564 ], [ 79.5827079, 30.3667704 ], [ 79.5823163, 30.3665853 ], [ 79.5818013, 30.3664742 ], [ 79.5805889, 30.3660715 ], [ 79.5801222, 30.3657753 ], [ 79.5796341, 30.3654328 ], [ 79.5788133, 30.3653217 ], [ 79.5781696, 30.3652569 ], [ 79.5779765, 30.3648774 ], [ 79.5774722, 30.3646552 ], [ 79.577204, 30.3644793 ], [ 79.577043, 30.3639702 ], [ 79.576689, 30.3636555 ], [ 79.5762384, 30.3634518 ], [ 79.5757449, 30.3634055 ], [ 79.5749938, 30.3635814 ], [ 79.5743179, 30.3643535 ], [ 79.5737858, 30.3643202 ], [ 79.5733069, 30.3643567 ], [ 79.5721829, 30.3644423 ], [ 79.5718868, 30.3643701 ], [ 79.5714189, 30.3642125 ], [ 79.5710842, 30.3642238 ], [ 79.5702923, 30.3647378 ], [ 79.5699433, 30.3645488 ], [ 79.5695114, 30.3642942 ], [ 79.5692282, 30.3641924 ], [ 79.5690908, 30.363972 ], [ 79.5684857, 30.3632685 ], [ 79.5677411, 30.3633314 ], [ 79.5674429, 30.3635647 ], [ 79.5669622, 30.3636666 ], [ 79.5665288, 30.3633777 ], [ 79.5663185, 30.3634406 ], [ 79.5654173, 30.3642905 ], [ 79.5645804, 30.3641665 ], [ 79.5639431, 30.3642294 ], [ 79.5626449, 30.3643868 ], [ 79.5610785, 30.3646988 ], [ 79.5604055, 30.3645944 ], [ 79.5601496, 30.3648384 ], [ 79.5599459, 30.3654843 ], [ 79.5595888, 30.3662318 ], [ 79.5585994, 30.3666475 ], [ 79.5579844, 30.3671557 ], [ 79.5574603, 30.3673273 ], [ 79.5573222, 30.3673725 ], [ 79.5564265, 30.3674946 ], [ 79.5556921, 30.367871 ], [ 79.5555071, 30.3680856 ], [ 79.555343, 30.368519 ], [ 79.5548282, 30.3687633 ], [ 79.554262, 30.3693428 ], [ 79.5536169, 30.3702196 ], [ 79.5535176, 30.37074 ], [ 79.5532569, 30.3712293 ], [ 79.5525313, 30.3710599 ], [ 79.5522274, 30.3714212 ], [ 79.5519005, 30.3714583 ], [ 79.5510943, 30.370908 ], [ 79.5504173, 30.3709576 ], [ 79.5499214, 30.3708808 ], [ 79.5485224, 30.3715431 ], [ 79.5470155, 30.371417 ], [ 79.5459119, 30.3710978 ], [ 79.545076, 30.3711873 ], [ 79.5438038, 30.3719685 ], [ 79.5434847, 30.3721055 ], [ 79.543103, 30.3730836 ], [ 79.5431554, 30.3737283 ], [ 79.5427293, 30.3742871 ], [ 79.5416544, 30.3743872 ], [ 79.5403404, 30.3756158 ], [ 79.5375292, 30.3756861 ], [ 79.5366392, 30.3767617 ], [ 79.536269, 30.3768684 ], [ 79.5352434, 30.3771641 ], [ 79.5318838, 30.3758088 ], [ 79.5298781, 30.3764854 ], [ 79.5283081, 30.3763051 ], [ 79.5265489, 30.3770875 ], [ 79.5245877, 30.3765006 ], [ 79.5234973, 30.3764498 ], [ 79.522487, 30.3760536 ], [ 79.5219899, 30.3758586 ], [ 79.5176102, 30.3765402 ], [ 79.5163061, 30.3771877 ], [ 79.5089949, 30.377717 ], [ 79.5075586, 30.377362 ], [ 79.5061199, 30.3782037 ], [ 79.5049565, 30.3777669 ], [ 79.5045682, 30.3777953 ], [ 79.5031212, 30.37819 ], [ 79.5021038, 30.3773738 ], [ 79.5011198, 30.3773069 ], [ 79.498426, 30.3753519 ], [ 79.4982164, 30.3743334 ], [ 79.4916301, 30.3722925 ], [ 79.4902816, 30.3725988 ], [ 79.4900924, 30.3725327 ], [ 79.4899495, 30.3722386 ], [ 79.4896586, 30.3720285 ], [ 79.4890545, 30.371963 ], [ 79.4879774, 30.3716631 ], [ 79.4871732, 30.3707333 ], [ 79.4866498, 30.3703513 ], [ 79.4854692, 30.3704006 ], [ 79.4841575, 30.3692785 ], [ 79.4845544, 30.3685958 ], [ 79.4837464, 30.3671805 ], [ 79.482025, 30.3671327 ], [ 79.4802796, 30.3662056 ], [ 79.4794806, 30.3663736 ], [ 79.4784797, 30.3665413 ], [ 79.4778109, 30.3667365 ], [ 79.4765957, 30.367057 ], [ 79.476087, 30.3664883 ], [ 79.4750775, 30.3664629 ], [ 79.4727959, 30.3665349 ], [ 79.4713695, 30.3671791 ], [ 79.4705277, 30.3672427 ], [ 79.4694767, 30.366943 ], [ 79.468625, 30.3668996 ], [ 79.468066, 30.3671687 ], [ 79.4675967, 30.3672944 ], [ 79.4665715, 30.3690918 ], [ 79.4664389, 30.3692536 ], [ 79.46613, 30.3692548 ], [ 79.4649241, 30.3687576 ], [ 79.4637705, 30.3689242 ], [ 79.4627532, 30.3689242 ], [ 79.4619781, 30.3695094 ], [ 79.4615098, 30.3700249 ], [ 79.4609117, 30.3708248 ], [ 79.4607506, 30.3714135 ], [ 79.460636, 30.3715073 ], [ 79.460323, 30.3715267 ], [ 79.4597598, 30.3713618 ], [ 79.4588776, 30.3715435 ], [ 79.4578279, 30.3718918 ], [ 79.4576967, 30.37201 ], [ 79.4570851, 30.3725606 ], [ 79.4567528, 30.3728192 ], [ 79.4561001, 30.3728392 ], [ 79.4552119, 30.3726302 ], [ 79.4542567, 30.372287 ], [ 79.4536612, 30.3725272 ], [ 79.4531607, 30.3734036 ], [ 79.4516497, 30.3740612 ], [ 79.4480523, 30.3777782 ], [ 79.4457357, 30.378602 ], [ 79.445047, 30.3789261 ], [ 79.443466, 30.3791151 ], [ 79.4424955, 30.3792502 ], [ 79.441932, 30.3789261 ], [ 79.4395215, 30.3788586 ], [ 79.438864, 30.3791421 ], [ 79.437017, 30.3802765 ], [ 79.4345908, 30.3806951 ], [ 79.433589, 30.380452 ], [ 79.4322585, 30.3799254 ], [ 79.4318671, 30.3800064 ], [ 79.431241, 30.3801954 ], [ 79.4308663, 30.3805033 ], [ 79.4305836, 30.3807356 ], [ 79.4303488, 30.3812622 ], [ 79.4300044, 30.3820859 ], [ 79.4297383, 30.3826936 ], [ 79.4289713, 30.3833147 ], [ 79.4269366, 30.3837566 ], [ 79.4264461, 30.3842982 ], [ 79.4254578, 30.3845169 ], [ 79.425559, 30.3851647 ], [ 79.4249937, 30.386064 ], [ 79.4252766, 30.386406 ], [ 79.425512, 30.386947 ], [ 79.4252333, 30.3872644 ], [ 79.4247776, 30.3877734 ], [ 79.4244163, 30.3880813 ], [ 79.4235554, 30.3878112 ], [ 79.4231484, 30.3875412 ], [ 79.4220527, 30.3869065 ], [ 79.4216457, 30.3866095 ], [ 79.4206752, 30.3866635 ], [ 79.4200022, 30.3870686 ], [ 79.4181081, 30.3875006 ], [ 79.4173505, 30.3877121 ], [ 79.4170437, 30.3877977 ], [ 79.4162924, 30.3881353 ], [ 79.4147427, 30.3888914 ], [ 79.4139444, 30.3892155 ], [ 79.4130209, 30.3909573 ], [ 79.4121756, 30.3916054 ], [ 79.4110017, 30.3919159 ], [ 79.4085441, 30.3931311 ], [ 79.4073545, 30.3950348 ], [ 79.4078085, 30.3956154 ], [ 79.4088143, 30.3964243 ], [ 79.4089356, 30.3966171 ], [ 79.4088093, 30.3967481 ], [ 79.4087287, 30.3968342 ], [ 79.4071723, 30.3979603 ], [ 79.406431, 30.3980997 ], [ 79.4042709, 30.3980997 ], [ 79.4032691, 30.3979512 ], [ 79.4010464, 30.3970061 ], [ 79.3998724, 30.3976136 ], [ 79.3986827, 30.3985722 ], [ 79.3983071, 30.3999223 ], [ 79.3982601, 30.4003813 ], [ 79.3981192, 30.4010564 ], [ 79.3975401, 30.4020554 ], [ 79.3969296, 30.4028385 ], [ 79.3966833, 30.4030855 ], [ 79.3957493, 30.4034123 ], [ 79.3948583, 30.4036128 ], [ 79.3943436, 30.4039469 ], [ 79.3940282, 30.404238 ], [ 79.3939009, 30.4045674 ], [ 79.3936519, 30.4050733 ], [ 79.39327, 30.4054218 ], [ 79.3925838, 30.4059372 ], [ 79.3917924, 30.4063095 ], [ 79.3914659, 30.4065148 ], [ 79.3909955, 30.4068918 ], [ 79.3906025, 30.4071544 ], [ 79.3899993, 30.4075219 ], [ 79.3889644, 30.4079944 ], [ 79.388245, 30.408381 ], [ 79.3878231, 30.4085145 ] ] } },
{ "type": "Feature", "properties": { "full_id": "w227167592", "osm_id": "227167592", "osm_type": "way", "waterway": "river", "intermittent": null, "alt_name": null, "wikidata": null, "name:uk": null, "layer": null, "width": null, "tunnel": null, "name:ml": null, "name:kn": null, "name:hi": null, "name:en": null, "name": "Kakra Gad", "int_name": null, "boat": null }, "geometry": { "type": "LineString", "coordinates": [ [ 79.0998157, 30.2026864 ], [ 79.1009282, 30.2020733 ], [ 79.1011528, 30.2016807 ], [ 79.1016785, 30.2015263 ], [ 79.1025869, 30.201394 ], [ 79.1034392, 30.2012661 ], [ 79.1043221, 30.2008735 ], [ 79.1054704, 30.2010147 ], [ 79.1062308, 30.2010367 ], [ 79.1066085, 30.2011911 ], [ 79.1072923, 30.2010103 ], [ 79.1077363, 30.2006795 ], [ 79.1086533, 30.2004241 ], [ 79.1091838, 30.200265 ], [ 79.109624, 30.2000061 ], [ 79.1099633, 30.1996724 ], [ 79.110418, 30.1992732 ], [ 79.1110278, 30.1987586 ], [ 79.111183, 30.198509 ], [ 79.1114031, 30.1984778 ], [ 79.1118795, 30.1983281 ], [ 79.1117388, 30.1979445 ], [ 79.1122837, 30.1976544 ], [ 79.1128755, 30.1970306 ], [ 79.1132183, 30.1966719 ], [ 79.1139112, 30.1963444 ], [ 79.1147881, 30.1958579 ], [ 79.1148531, 30.1956426 ], [ 79.115149, 30.1955491 ], [ 79.1160584, 30.1952902 ], [ 79.116726, 30.1950937 ], [ 79.1177726, 30.1949845 ], [ 79.1183319, 30.1951342 ], [ 79.1188547, 30.1950578 ], [ 79.1193135, 30.1949908 ], [ 79.1197213, 30.1949596 ], [ 79.1200641, 30.1946445 ], [ 79.1204935, 30.194342 ], [ 79.1206294, 30.1938748 ], [ 79.1209875, 30.1936545 ], [ 79.1214063, 30.1934053 ], [ 79.1216521, 30.1934079 ], [ 79.1218866, 30.1934451 ], [ 79.1220669, 30.1933319 ], [ 79.1223201, 30.1929554 ], [ 79.1225539, 30.1926086 ], [ 79.1230497, 30.1924426 ], [ 79.1235581, 30.1922989 ], [ 79.1243013, 30.1921919 ], [ 79.1251203, 30.1922711 ], [ 79.1253133, 30.1922306 ], [ 79.1259308, 30.1923453 ], [ 79.1265994, 30.1924159 ], [ 79.12727, 30.1923323 ], [ 79.1274577, 30.192293 ], [ 79.1276129, 30.1922945 ], [ 79.1278619, 30.1923881 ], [ 79.1280261, 30.1924427 ], [ 79.1282282, 30.1924193 ], [ 79.1283834, 30.1922384 ], [ 79.1284212, 30.1921417 ], [ 79.1284988, 30.1920294 ], [ 79.1286035, 30.1920512 ], [ 79.1287352, 30.192006 ], [ 79.1288814, 30.1919031 ], [ 79.1290167, 30.1918719 ], [ 79.1292513, 30.1916754 ], [ 79.1296193, 30.1914071 ], [ 79.1300524, 30.1913697 ], [ 79.130624, 30.1911489 ], [ 79.1307873, 30.1910519 ], [ 79.1311726, 30.1909636 ], [ 79.1315962, 30.1910452 ], [ 79.1318386, 30.1910695 ], [ 79.1320121, 30.1911379 ], [ 79.1321601, 30.1911886 ], [ 79.1324102, 30.191193 ], [ 79.1325837, 30.191118 ], [ 79.1329818, 30.1909261 ], [ 79.1332191, 30.1909769 ], [ 79.1334335, 30.1907497 ], [ 79.1336044, 30.1905049 ], [ 79.1337218, 30.1903902 ], [ 79.1338392, 30.190463 ], [ 79.1342628, 30.1903306 ], [ 79.1343126, 30.1902908 ], [ 79.1345358, 30.1901123 ], [ 79.1349186, 30.1899115 ], [ 79.1350207, 30.189691 ], [ 79.1350955, 30.1896595 ], [ 79.1352146, 30.1896094 ], [ 79.1356688, 30.189616 ], [ 79.135998, 30.189552 ], [ 79.1363297, 30.1895476 ], [ 79.1368988, 30.1895983 ], [ 79.1372203, 30.1896513 ], [ 79.137501, 30.1896689 ], [ 79.1378837, 30.1897064 ], [ 79.1381849, 30.1895653 ], [ 79.1385396, 30.1894726 ], [ 79.1387922, 30.1890646 ], [ 79.1391086, 30.1888197 ], [ 79.1393178, 30.1885198 ], [ 79.1395271, 30.1881338 ], [ 79.1399098, 30.1878691 ], [ 79.1402441, 30.1876331 ], [ 79.1404381, 30.187386 ], [ 79.1407647, 30.1872956 ], [ 79.1408081, 30.1871015 ], [ 79.1411959, 30.1870397 ], [ 79.1419385, 30.1871809 ], [ 79.142283, 30.1873243 ], [ 79.1423289, 30.1874743 ], [ 79.1426122, 30.1876838 ], [ 79.1427449, 30.1878073 ], [ 79.1431353, 30.1878537 ], [ 79.1435589, 30.1876706 ], [ 79.1437732, 30.1874059 ], [ 79.1438217, 30.1869714 ], [ 79.1438217, 30.1867067 ], [ 79.143712, 30.1864861 ], [ 79.1438957, 30.1861641 ], [ 79.1442912, 30.1856259 ], [ 79.1447378, 30.1855068 ], [ 79.1450823, 30.1853303 ], [ 79.1452711, 30.1851362 ], [ 79.1456564, 30.1851208 ], [ 79.1458708, 30.1850285 ], [ 79.1462612, 30.1848605 ], [ 79.1466031, 30.1848053 ], [ 79.1471186, 30.1844237 ], [ 79.1472844, 30.1842539 ], [ 79.1476136, 30.1843929 ], [ 79.148027, 30.1843554 ], [ 79.1482873, 30.1839561 ], [ 79.1483383, 30.1834267 ], [ 79.1483051, 30.1830914 ], [ 79.1487185, 30.1829966 ], [ 79.149211, 30.182626 ], [ 79.1493641, 30.1823172 ], [ 79.1494305, 30.1819488 ], [ 79.1497877, 30.1817172 ], [ 79.1499791, 30.1816444 ], [ 79.150219, 30.1815187 ], [ 79.1503874, 30.1812165 ], [ 79.1505226, 30.1807047 ], [ 79.1504359, 30.1803761 ], [ 79.150321, 30.1802084 ], [ 79.1503899, 30.1795599 ], [ 79.1508544, 30.1791937 ], [ 79.1514668, 30.1789819 ], [ 79.1526074, 30.179143 ], [ 79.1532683, 30.1794474 ], [ 79.1536562, 30.1798599 ], [ 79.1541742, 30.1798687 ], [ 79.1546361, 30.1800253 ], [ 79.1552485, 30.1799062 ], [ 79.1555366, 30.1799115 ], [ 79.1558507, 30.1799172 ], [ 79.1563355, 30.1797562 ], [ 79.1566596, 30.1795599 ], [ 79.1572542, 30.1795886 ], [ 79.1579074, 30.1792775 ], [ 79.1581014, 30.1791011 ], [ 79.1586883, 30.1789599 ], [ 79.1593951, 30.1786025 ], [ 79.1597702, 30.17864 ], [ 79.1606965, 30.178543 ], [ 79.1612171, 30.1786356 ], [ 79.161832, 30.178693 ], [ 79.162054, 30.1789025 ], [ 79.1622497, 30.1790158 ], [ 79.1629456, 30.1794579 ], [ 79.1630405, 30.1796052 ], [ 79.1632742, 30.1797389 ], [ 79.163515, 30.1801308 ], [ 79.1638893, 30.1804756 ], [ 79.164188, 30.1806033 ], [ 79.164601, 30.1806443 ], [ 79.1647398, 30.1806838 ], [ 79.1650192, 30.1809572 ], [ 79.1651739, 30.1810271 ], [ 79.1660279, 30.1811759 ], [ 79.1662528, 30.1812686 ], [ 79.1664725, 30.1813187 ], [ 79.1665762, 30.1812975 ], [ 79.1667695, 30.1811364 ], [ 79.1669803, 30.1810711 ], [ 79.167135, 30.1811334 ], [ 79.1672685, 30.1811456 ], [ 79.1674618, 30.1810195 ], [ 79.1679363, 30.1806898 ], [ 79.16797, 30.180667 ], [ 79.1684073, 30.1803708 ], [ 79.1690238, 30.1798262 ], [ 79.1696277, 30.1793966 ], [ 79.1697768, 30.1793643 ], [ 79.1702142, 30.1794675 ], [ 79.1705721, 30.1794546 ], [ 79.1708927, 30.1792977 ], [ 79.1712928, 30.1791817 ], [ 79.1715512, 30.1791388 ], [ 79.1718097, 30.1789454 ], [ 79.1720607, 30.1785974 ], [ 79.1722023, 30.1785157 ], [ 79.172334, 30.1783825 ], [ 79.1724359, 30.1780624 ], [ 79.1725279, 30.1777982 ], [ 79.1729628, 30.1769861 ], [ 79.1731815, 30.1768293 ], [ 79.1733704, 30.1766961 ], [ 79.173599, 30.1762234 ], [ 79.1741606, 30.1756842 ], [ 79.1745956, 30.1754629 ], [ 79.1750204, 30.1754465 ], [ 79.1752036, 30.1755099 ], [ 79.1755354, 30.1757222 ], [ 79.1757357, 30.1757297 ], [ 79.1760029, 30.1755807 ], [ 79.1761429, 30.1754242 ], [ 79.1763132, 30.1749437 ], [ 79.1763778, 30.1747947 ], [ 79.1764984, 30.1747276 ], [ 79.1767527, 30.1746903 ], [ 79.1771491, 30.1746978 ], [ 79.1774163, 30.1746792 ], [ 79.17758, 30.1745767 ], [ 79.177677, 30.1743942 ], [ 79.177929, 30.174139 ], [ 79.1779872, 30.1739807 ], [ 79.177985, 30.173869 ], [ 79.1780605, 30.1737348 ], [ 79.1781811, 30.1735225 ], [ 79.1782651, 30.1732618 ], [ 79.1784267, 30.1729954 ], [ 79.1786055, 30.1728278 ], [ 79.178737, 30.1727235 ], [ 79.178765, 30.1726061 ], [ 79.1788447, 30.172554 ], [ 79.1790214, 30.1725204 ], [ 79.1794135, 30.1724329 ], [ 79.1796742, 30.1723305 ], [ 79.1799521, 30.1721572 ], [ 79.1801115, 30.1721181 ], [ 79.180439, 30.1721628 ], [ 79.180592, 30.1721777 ], [ 79.1807299, 30.1721367 ], [ 79.1809087, 30.1720417 ], [ 79.1811026, 30.171848 ], [ 79.1811528, 30.171827 ], [ 79.1812405, 30.1717903 ], [ 79.1813849, 30.1717903 ], [ 79.1815551, 30.1717866 ], [ 79.1816779, 30.1717437 ], [ 79.181958, 30.1715742 ], [ 79.1820915, 30.1715109 ], [ 79.1822704, 30.1714755 ], [ 79.1825074, 30.1714867 ], [ 79.1826926, 30.1714308 ], [ 79.1828952, 30.1712073 ], [ 79.1831472, 30.1711235 ], [ 79.1835286, 30.1711253 ], [ 79.183869, 30.1710378 ], [ 79.1840371, 30.1708646 ], [ 79.1844443, 30.1706522 ], [ 79.1846474, 30.1704986 ], [ 79.1849042, 30.1705676 ], [ 79.1852763, 30.1705465 ], [ 79.1854709, 30.170441 ], [ 79.1859138, 30.1701776 ], [ 79.1864073, 30.1700907 ], [ 79.187174, 30.1700335 ], [ 79.18763, 30.170348 ], [ 79.1879155, 30.1704252 ], [ 79.1880736, 30.1706562 ], [ 79.1884162, 30.1710709 ], [ 79.1892951, 30.1716703 ], [ 79.1896893, 30.171858 ], [ 79.1900589, 30.1719083 ], [ 79.1906863, 30.1718584 ], [ 79.1910424, 30.1719266 ], [ 79.1912299, 30.1720924 ], [ 79.1916705, 30.1722851 ], [ 79.1921761, 30.1724507 ], [ 79.1923784, 30.1725417 ], [ 79.1929608, 30.1731834 ], [ 79.1934518, 30.1736572 ], [ 79.1941369, 30.1744765 ], [ 79.1943428, 30.1747817 ], [ 79.1945366, 30.1750688 ], [ 79.1947078, 30.1751101 ], [ 79.195083, 30.1750315 ], [ 79.1953584, 30.1750835 ], [ 79.1959836, 30.1756496 ], [ 79.1961629, 30.1758489 ], [ 79.1964015, 30.1759554 ], [ 79.1966979, 30.1759787 ], [ 79.1973099, 30.1757391 ], [ 79.1975087, 30.1756986 ], [ 79.1976217, 30.1755494 ], [ 79.197895, 30.1755461 ], [ 79.1982415, 30.1757124 ], [ 79.1987957, 30.1757697 ], [ 79.1993385, 30.1757956 ], [ 79.2001122, 30.1758622 ], [ 79.2005714, 30.1760488 ], [ 79.2021414, 30.1769542 ], [ 79.2024841, 30.1772633 ], [ 79.2026665, 30.1773786 ], [ 79.2029305, 30.1773786 ], [ 79.2032816, 30.1772375 ], [ 79.2038423, 30.1770751 ], [ 79.2041081, 30.1770255 ], [ 79.2043758, 30.1770822 ], [ 79.2045165, 30.1771714 ], [ 79.2046453, 30.1771645 ], [ 79.204968, 30.1770601 ], [ 79.2054192, 30.1767139 ], [ 79.2056179, 30.1766433 ], [ 79.2057867, 30.1766739 ], [ 79.2059021, 30.1768089 ], [ 79.2061379, 30.1771319 ], [ 79.2066289, 30.1774873 ], [ 79.2069372, 30.1778032 ], [ 79.2072683, 30.1779414 ], [ 79.2074135, 30.1778769 ], [ 79.2076217, 30.1774675 ], [ 79.2076105, 30.1769721 ], [ 79.2073182, 30.176458 ], [ 79.207187, 30.1762523 ], [ 79.2070814, 30.1761592 ], [ 79.2070052, 30.1761286 ], [ 79.2069562, 30.1760369 ], [ 79.2070008, 30.1759498 ], [ 79.2072311, 30.175811 ], [ 79.2075333, 30.1757545 ], [ 79.2078475, 30.1758524 ], [ 79.2081362, 30.1760263 ], [ 79.2084396, 30.1763427 ], [ 79.2087681, 30.1764054 ], [ 79.2090497, 30.1764903 ], [ 79.2095696, 30.1767417 ], [ 79.2098387, 30.1769357 ], [ 79.2099094, 30.1771333 ], [ 79.2099078, 30.1776873 ], [ 79.2099503, 30.1780157 ], [ 79.2101109, 30.1783145 ], [ 79.2109908, 30.1788396 ], [ 79.2117673, 30.1791555 ], [ 79.2127612, 30.1789663 ] ] } },
{ "type": "Feature", "properties": { "full_id": "w227295946", "osm_id": "227295946", "osm_type": "way", "waterway": "river", "intermittent": null, "alt_name": null, "wikidata": null, "name:uk": null, "layer": null, "width": null, "tunnel": null, "name:ml": null, "name:kn": null, "name:hi": null, "name:en": null, "name": "Bhiundar Ganga", "int_name": null, "boat": null }, "geometry": { "type": "LineString", "coordinates": [ [ 79.6838378, 30.646109 ], [ 79.6822929, 30.6476597 ], [ 79.6816492, 30.6491734 ], [ 79.6815633, 30.649801 ], [ 79.68122, 30.6506871 ], [ 79.6799326, 30.6518685 ], [ 79.6792888, 30.6536037 ], [ 79.678173, 30.6547851 ], [ 79.6774435, 30.6558188 ], [ 79.6762418, 30.6573694 ], [ 79.6758556, 30.6582923 ], [ 79.6747827, 30.6587722 ], [ 79.6743106, 30.6599535 ], [ 79.6736884, 30.6614301 ], [ 79.672594, 30.6622238 ], [ 79.6721649, 30.6632205 ], [ 79.6708345, 30.6646233 ], [ 79.6701693, 30.6656938 ], [ 79.6693969, 30.6665797 ], [ 79.668045, 30.6671888 ], [ 79.6666074, 30.6682593 ], [ 79.6650195, 30.6691452 ], [ 79.6637221, 30.6694242 ], [ 79.6636462, 30.6694405 ], [ 79.6628783, 30.6694011 ], [ 79.6622085, 30.6693667 ], [ 79.6602559, 30.6693667 ], [ 79.6586466, 30.6697173 ], [ 79.657681, 30.6703448 ], [ 79.6564793, 30.6712492 ], [ 79.6558785, 30.6717475 ], [ 79.6550846, 30.6720428 ], [ 79.6547932, 30.6720428 ], [ 79.6540546, 30.6720428 ], [ 79.6530032, 30.6726334 ], [ 79.6519947, 30.6725596 ], [ 79.6514582, 30.6725226 ], [ 79.6508145, 30.6729471 ], [ 79.6506643, 30.6733901 ], [ 79.6502781, 30.6737776 ], [ 79.6494627, 30.6741652 ], [ 79.6487975, 30.6746081 ], [ 79.6483577, 30.6751706 ], [ 79.6479606, 30.6756785 ], [ 79.6475959, 30.6766382 ], [ 79.6462675, 30.6774818 ], [ 79.6462011, 30.677524 ], [ 79.644978, 30.6778931 ], [ 79.6435833, 30.6775609 ], [ 79.6426177, 30.6775609 ], [ 79.6413731, 30.6778746 ], [ 79.64015, 30.6777455 ], [ 79.6394849, 30.6774502 ], [ 79.6378541, 30.6772103 ], [ 79.6351719, 30.6770073 ], [ 79.6329192, 30.6772878 ], [ 79.631803, 30.6766935 ], [ 79.6309876, 30.6757892 ], [ 79.6299577, 30.6748665 ], [ 79.6282233, 30.6745953 ], [ 79.6263289, 30.6742694 ], [ 79.6257188, 30.6741645 ], [ 79.6245686, 30.6740446 ], [ 79.6236526, 30.6739491 ], [ 79.6211689, 30.6735546 ], [ 79.6199049, 30.6733547 ], [ 79.6183514, 30.6736226 ], [ 79.61761, 30.6738119 ], [ 79.6170633, 30.6739515 ], [ 79.6159482, 30.6742646 ], [ 79.6159049, 30.6742772 ], [ 79.6147861, 30.6746014 ], [ 79.61278, 30.6752143 ], [ 79.6126079, 30.675222 ], [ 79.6115685, 30.6752684 ], [ 79.6101114, 30.6749025 ], [ 79.6093844, 30.6747276 ], [ 79.6087565, 30.6744441 ], [ 79.6081247, 30.6744888 ], [ 79.6071639, 30.6741421 ], [ 79.6065596, 30.6736529 ], [ 79.6063237, 30.6733455 ], [ 79.605688, 30.6732119 ], [ 79.6041094, 30.6734108 ], [ 79.6032593, 30.6734017 ], [ 79.6021749, 30.6735322 ], [ 79.6006734, 30.6739908 ], [ 79.599554, 30.6738825 ], [ 79.5986613, 30.6739818 ], [ 79.59808, 30.6742973 ], [ 79.5978281, 30.674434 ], [ 79.5977903, 30.6744515 ], [ 79.5975493, 30.6745633 ], [ 79.5974788, 30.674596 ], [ 79.5972419, 30.6747058 ], [ 79.5970738, 30.6747838 ], [ 79.5963871, 30.6745989 ], [ 79.5950997, 30.674765 ], [ 79.5945269, 30.6749269 ], [ 79.5942066, 30.675055 ], [ 79.5930183, 30.6745343 ], [ 79.5925766, 30.6743564 ] ] } },
{ "type": "Feature", "properties": { "full_id": "w227301408", "osm_id": "227301408", "osm_type": "way", "waterway": "river", "intermittent": null, "alt_name": null, "wikidata": null, "name:uk": null, "layer": null, "width": null, "tunnel": null, "name:ml": null, "name:kn": null, "name:hi": null, "name:en": null, "name": "Nagol Gad", "int_name": null, "boat": null }, "geometry": { "type": "LineString", "coordinates": [ [ 79.2078885, 30.4154938 ], [ 79.2078401, 30.4151268 ], [ 79.2075433, 30.4148018 ], [ 79.2071325, 30.4143363 ], [ 79.2067205, 30.4142543 ], [ 79.206214, 30.4142047 ], [ 79.2060115, 30.4140642 ], [ 79.2058046, 30.4137415 ], [ 79.2055273, 30.4134113 ], [ 79.205162, 30.4130734 ], [ 79.2049138, 30.41249 ], [ 79.2050083, 30.4120741 ], [ 79.205206, 30.411517 ], [ 79.2054525, 30.4108072 ], [ 79.2054393, 30.410587 ], [ 79.2053163, 30.4103674 ], [ 79.2051228, 30.4101143 ], [ 79.2050553, 30.4097472 ], [ 79.2052709, 30.4090706 ], [ 79.2054308, 30.4086767 ], [ 79.205899, 30.4085782 ], [ 79.2065378, 30.4086246 ], [ 79.2071425, 30.408755 ], [ 79.207888, 30.4088415 ], [ 79.2079028, 30.4084182 ], [ 79.2076301, 30.4079468 ], [ 79.2065579, 30.4071106 ], [ 79.2058271, 30.4069836 ], [ 79.2059242, 30.4065182 ], [ 79.2058691, 30.4058963 ], [ 79.2060878, 30.4053366 ], [ 79.20624, 30.4049637 ], [ 79.2064046, 30.4046386 ], [ 79.2061996, 30.4037511 ], [ 79.2047114, 30.4032109 ], [ 79.2044602, 30.4028268 ], [ 79.2044488, 30.4021768 ], [ 79.2044945, 30.4015662 ], [ 79.2044945, 30.4010147 ], [ 79.2041519, 30.4004927 ], [ 79.2037979, 30.3998821 ], [ 79.2037066, 30.3993207 ], [ 79.2038208, 30.3987495 ], [ 79.2042204, 30.3985131 ], [ 79.2046315, 30.3983851 ], [ 79.2050654, 30.398454 ], [ 79.2056363, 30.3983654 ], [ 79.2064128, 30.3976366 ], [ 79.2068696, 30.3968388 ], [ 79.2071322, 30.3967009 ], [ 79.2075889, 30.3963759 ], [ 79.2075661, 30.3958933 ], [ 79.2076118, 30.3953614 ], [ 79.208, 30.3949576 ], [ 79.2082512, 30.394672 ], [ 79.2086851, 30.3941992 ], [ 79.2092218, 30.393884 ], [ 79.2095758, 30.393234 ], [ 79.209407, 30.3927366 ], [ 79.2095461, 30.3924253 ], [ 79.2096168, 30.3922668 ], [ 79.2102837, 30.3921308 ], [ 79.2111287, 30.391727 ], [ 79.2121098, 30.3911877 ], [ 79.2135576, 30.3897481 ], [ 79.2140332, 30.3892746 ], [ 79.2147478, 30.3889802 ], [ 79.2150093, 30.3887963 ], [ 79.2149507, 30.3878425 ], [ 79.2152023, 30.3871975 ], [ 79.2153899, 30.3867884 ], [ 79.215545, 30.3863088 ], [ 79.2154678, 30.3859451 ], [ 79.2154107, 30.3856595 ], [ 79.2155092, 30.3853832 ], [ 79.2158488, 30.3848324 ], [ 79.2165989, 30.3846722 ], [ 79.2177894, 30.3846452 ], [ 79.2185965, 30.3840834 ], [ 79.2193616, 30.38365 ], [ 79.2198754, 30.3831673 ], [ 79.2206405, 30.3822808 ], [ 79.2210287, 30.3813154 ], [ 79.2208917, 30.3806554 ], [ 79.2207661, 30.3803205 ], [ 79.2205491, 30.3795324 ], [ 79.2206747, 30.3787247 ], [ 79.2207775, 30.378173 ], [ 79.2214398, 30.3775623 ], [ 79.2217823, 30.3773948 ], [ 79.2228671, 30.3770993 ], [ 79.2231412, 30.3767939 ], [ 79.2229014, 30.3760846 ], [ 79.2228671, 30.3754837 ], [ 79.2236207, 30.3753655 ], [ 79.2237121, 30.3745675 ], [ 79.2236207, 30.3737597 ], [ 79.2238834, 30.3732573 ], [ 79.2239861, 30.3731095 ], [ 79.2245685, 30.372942 ], [ 79.2247398, 30.3725972 ], [ 79.2246256, 30.3721047 ], [ 79.2243401, 30.3717303 ], [ 79.2242324, 30.3714329 ], [ 79.2242161, 30.3713881 ], [ 79.2243197, 30.3711072 ], [ 79.2251293, 30.3707015 ], [ 79.2263607, 30.3700097 ], [ 79.2268904, 30.3698891 ], [ 79.2272665, 30.3696934 ], [ 79.2273584, 30.3692761 ], [ 79.2273163, 30.3684017 ], [ 79.2270392, 30.3677115 ], [ 79.2271609, 30.3672596 ], [ 79.2277086, 30.3670802 ], [ 79.2278799, 30.3666861 ], [ 79.2284394, 30.3662329 ], [ 79.2285422, 30.3660753 ], [ 79.2284508, 30.3658586 ], [ 79.2271377, 30.3659275 ], [ 79.2266924, 30.3658487 ], [ 79.2262813, 30.3655137 ], [ 79.2261086, 30.3650598 ], [ 79.2263384, 30.3646369 ], [ 79.2270235, 30.364095 ], [ 79.2278685, 30.3632477 ], [ 79.2283138, 30.3627452 ], [ 79.2282267, 30.3622169 ], [ 79.2283604, 30.3614252 ], [ 79.2284823, 30.3607952 ], [ 79.2287058, 30.3602102 ], [ 79.2290446, 30.3601146 ], [ 79.2292184, 30.359407 ], [ 79.2303592, 30.3583593 ], [ 79.2306709, 30.3583554 ], [ 79.2312027, 30.3581735 ], [ 79.2312907, 30.3581369 ], [ 79.2314023, 30.3580905 ], [ 79.2318422, 30.3579075 ], [ 79.2323446, 30.3573459 ], [ 79.2326949, 30.3568344 ], [ 79.2329766, 30.3561133 ], [ 79.233257, 30.3548948 ], [ 79.2333506, 30.3548271 ], [ 79.2337713, 30.3545225 ], [ 79.2348215, 30.3542793 ], [ 79.2348686, 30.3542802 ], [ 79.2361801, 30.3543033 ], [ 79.2362731, 30.3543033 ], [ 79.2364505, 30.3543033 ], [ 79.2379788, 30.354303 ], [ 79.2399592, 30.3543401 ], [ 79.2411459, 30.3542159 ], [ 79.2414761, 30.3542277 ], [ 79.2416051, 30.3542323 ], [ 79.2423245, 30.3544589 ], [ 79.2430096, 30.3546166 ], [ 79.2435006, 30.354725 ], [ 79.244357, 30.3547644 ], [ 79.2449635, 30.3549447 ], [ 79.2457443, 30.354401 ], [ 79.2464581, 30.3537593 ], [ 79.2467093, 30.3530597 ], [ 79.2471432, 30.3523207 ], [ 79.2473601, 30.3517788 ], [ 79.2479882, 30.3509412 ], [ 79.2488674, 30.3503993 ], [ 79.2497957, 30.350265 ], [ 79.2500652, 30.3501991 ], [ 79.2504319, 30.3498871 ], [ 79.2506446, 30.3497127 ], [ 79.2509142, 30.3495232 ], [ 79.2519618, 30.3493547 ], [ 79.2523921, 30.3490104 ], [ 79.2528297, 30.3488325 ], [ 79.2532179, 30.3483989 ], [ 79.2536518, 30.3478175 ], [ 79.2538459, 30.3475416 ], [ 79.2540857, 30.3472066 ], [ 79.2545082, 30.3472559 ], [ 79.2549764, 30.3474825 ], [ 79.2553189, 30.3476303 ], [ 79.2557186, 30.3476993 ], [ 79.2561753, 30.3476303 ], [ 79.2563809, 30.3471475 ], [ 79.2565065, 30.3468715 ], [ 79.2570089, 30.3459748 ], [ 79.2573857, 30.345285 ], [ 79.2583335, 30.3449106 ], [ 79.2590186, 30.3447726 ], [ 79.2596352, 30.3446543 ], [ 79.2606857, 30.3441518 ], [ 79.2615292, 30.3428205 ], [ 79.2618222, 30.3427141 ], [ 79.2626311, 30.343148 ], [ 79.263591, 30.3433203 ], [ 79.2651717, 30.3427565 ], [ 79.2656646, 30.3417965 ], [ 79.2666359, 30.342151 ], [ 79.2673874, 30.3416235 ], [ 79.2679997, 30.3413065 ], [ 79.2683184, 30.3408285 ], [ 79.2679163, 30.3395809 ], [ 79.269097, 30.3388189 ], [ 79.2711894, 30.3388553 ], [ 79.2712648, 30.3395393 ], [ 79.2725717, 30.340461 ], [ 79.2738068, 30.3404367 ], [ 79.2745212, 30.3401422 ], [ 79.2753856, 30.340032 ], [ 79.2758915, 30.3402247 ], [ 79.2768425, 30.3404186 ], [ 79.2773657, 30.3407901 ], [ 79.2776683, 30.3407458 ], [ 79.2782963, 30.3406275 ], [ 79.2785989, 30.3404501 ], [ 79.2789072, 30.3403663 ], [ 79.2793069, 30.3402382 ], [ 79.2796608, 30.3397997 ], [ 79.2800833, 30.3391887 ], [ 79.2810596, 30.3384545 ], [ 79.2814878, 30.3381096 ], [ 79.2822986, 30.3376365 ], [ 79.2834005, 30.3371044 ], [ 79.2837944, 30.3367151 ], [ 79.2845024, 30.3360548 ], [ 79.2846965, 30.3354487 ], [ 79.2845195, 30.334818 ], [ 79.2845594, 30.3337536 ], [ 79.2846965, 30.3330193 ], [ 79.2848792, 30.3323837 ], [ 79.2850048, 30.3322013 ], [ 79.2852902, 30.3318268 ], [ 79.2854101, 30.3315065 ], [ 79.2854387, 30.3312749 ], [ 79.2853473, 30.3310236 ], [ 79.2851761, 30.3303731 ], [ 79.2850847, 30.3300282 ], [ 79.2850162, 30.3298606 ], [ 79.2849591, 30.3292348 ], [ 79.284902, 30.3290081 ], [ 79.2852902, 30.3286582 ], [ 79.2855814, 30.3284611 ], [ 79.2858726, 30.3282442 ], [ 79.2859011, 30.3279732 ], [ 79.2859011, 30.3273868 ], [ 79.2861352, 30.326756 ], [ 79.2865406, 30.3257654 ], [ 79.2867461, 30.3252677 ], [ 79.2872257, 30.3244644 ], [ 79.2877281, 30.3241194 ], [ 79.2879222, 30.3238878 ], [ 79.2879577, 30.3238803 ], [ 79.2886416, 30.323735 ], [ 79.2888472, 30.3236857 ], [ 79.2892068, 30.3234886 ], [ 79.2893667, 30.3234048 ], [ 79.2895728, 30.3233152 ], [ 79.2896008, 30.3230352 ], [ 79.2897147, 30.3227171 ], [ 79.2898527, 30.3222306 ], [ 79.2898748, 30.3216405 ], [ 79.2899376, 30.3213497 ], [ 79.2903887, 30.320985 ], [ 79.2910624, 30.3208717 ], [ 79.2914449, 30.3208815 ], [ 79.2918274, 30.320985 ], [ 79.2922157, 30.3211575 ], [ 79.2924926, 30.3213547 ], [ 79.2927695, 30.3215518 ], [ 79.2930207, 30.3217243 ], [ 79.2937172, 30.3217637 ], [ 79.2942425, 30.3215173 ], [ 79.2955214, 30.3207288 ], [ 79.2959853, 30.3205297 ], [ 79.2965737, 30.3207331 ], [ 79.2972079, 30.3209431 ], [ 79.2977137, 30.3209062 ], [ 79.2979628, 30.3206514 ], [ 79.2982571, 30.3205598 ], [ 79.298852, 30.3202369 ], [ 79.2995153, 30.320179 ] ] } },
{ "type": "Feature", "properties": { "full_id": "w229336821", "osm_id": "229336821", "osm_type": "way", "waterway": "river", "intermittent": null, "alt_name": null, "wikidata": null, "name:uk": null, "layer": null, "width": null, "tunnel": null, "name:ml": null, "name:kn": "ರಾಮಗಂಗಾ", "name:hi": null, "name:en": null, "name": "Ramganga", "int_name": null, "boat": null }, "geometry": { "type": "LineString", "coordinates": [ [ 79.1672013, 29.6177526 ], [ 79.167038, 29.6176116 ], [ 79.166996, 29.6174249 ], [ 79.1667112, 29.6169622 ], [ 79.1652686, 29.6155133 ], [ 79.1646897, 29.6148842 ], [ 79.1644143, 29.614044 ], [ 79.1646477, 29.6135001 ], [ 79.1658989, 29.612112 ], [ 79.1660016, 29.6116169 ], [ 79.1656187, 29.61059 ], [ 79.1651612, 29.6100444 ], [ 79.1646197, 29.6097197 ], [ 79.1637887, 29.6088024 ], [ 79.1631911, 29.6077876 ], [ 79.1603152, 29.6045485 ], [ 79.1591761, 29.6028274 ], [ 79.1580091, 29.6000836 ], [ 79.1577569, 29.5994907 ], [ 79.1573367, 29.5987681 ], [ 79.1566831, 29.5984028 ], [ 79.1560481, 29.5983054 ], [ 79.1555346, 29.5984028 ], [ 79.1546289, 29.5986301 ], [ 79.1540033, 29.5985814 ], [ 79.1530229, 29.5986707 ], [ 79.1521546, 29.5989467 ], [ 79.1507446, 29.5998966 ], [ 79.1499883, 29.6005786 ], [ 79.1492787, 29.6013742 ], [ 79.1484103, 29.6035824 ], [ 79.1476073, 29.6049544 ], [ 79.1466643, 29.605474 ], [ 79.1456372, 29.6057256 ], [ 79.1435457, 29.605685 ], [ 79.1415755, 29.6054658 ], [ 79.1400723, 29.604995 ], [ 79.1390919, 29.6043374 ], [ 79.138625, 29.6036555 ], [ 79.1376166, 29.6010413 ], [ 79.1372618, 29.6003675 ], [ 79.1364027, 29.599856 ], [ 79.1355157, 29.5996774 ], [ 79.1345913, 29.5999697 ], [ 79.1336296, 29.6006273 ], [ 79.1316501, 29.6030304 ], [ 79.12968, 29.607057 ], [ 79.1284381, 29.6087293 ], [ 79.1282887, 29.60933 ], [ 79.1284568, 29.6102392 ], [ 79.128905, 29.6106857 ], [ 79.1294466, 29.6108399 ], [ 79.1299134, 29.6107182 ], [ 79.1313793, 29.6096223 ], [ 79.1318369, 29.609395 ], [ 79.1322851, 29.6094599 ], [ 79.1326772, 29.6097927 ], [ 79.1328079, 29.6107344 ], [ 79.1327893, 29.6117166 ], [ 79.132033, 29.6131372 ], [ 79.1311459, 29.6139165 ], [ 79.12799, 29.6151747 ], [ 79.126412, 29.6154264 ], [ 79.1257864, 29.6150448 ], [ 79.1249927, 29.614225 ], [ 79.1234708, 29.6122118 ], [ 79.1221542, 29.6110591 ], [ 79.1206323, 29.6102555 ], [ 79.1202401, 29.6098333 ], [ 79.1201561, 29.6091433 ], [ 79.1202775, 29.6086562 ], [ 79.1198199, 29.6071706 ], [ 79.1199133, 29.6066267 ], [ 79.1202401, 29.606302 ], [ 79.1217341, 29.6049544 ], [ 79.1220235, 29.6045728 ], [ 79.1220609, 29.6040533 ], [ 79.1214166, 29.6026975 ], [ 79.1202961, 29.6015853 ], [ 79.1180179, 29.6002214 ], [ 79.1164772, 29.5997424 ], [ 79.1136574, 29.599783 ], [ 79.110128, 29.6004893 ], [ 79.1066825, 29.6018694 ], [ 79.1061223, 29.6028923 ], [ 79.1049832, 29.6045566 ], [ 79.1045152, 29.6049055 ], [ 79.1039237, 29.6049965 ], [ 79.1032633, 29.6052511 ], [ 79.1006269, 29.6051297 ], [ 79.0985664, 29.6049596 ], [ 79.0975532, 29.6050352 ], [ 79.0969541, 29.605322 ], [ 79.0962543, 29.6055914 ] ] } },
{ "type": "Feature", "properties": { "full_id": "w229776317", "osm_id": "229776317", "osm_type": "way", "waterway": "river", "intermittent": null, "alt_name": null, "wikidata": null, "name:uk": null, "layer": null, "width": null, "tunnel": null, "name:ml": null, "name:kn": "ರಾಮಗಂಗಾ", "name:hi": null, "name:en": null, "name": "Ramganga", "int_name": null, "boat": null }, "geometry": { "type": "LineString", "coordinates": [ [ 79.3489413, 29.9819348 ], [ 79.3489938, 29.981844 ], [ 79.3482039, 29.9811891 ], [ 79.3477138, 29.9807764 ], [ 79.3468466, 29.9801092 ], [ 79.3468632, 29.9798164 ], [ 79.3469972, 29.9795733 ], [ 79.3472465, 29.9792486 ], [ 79.3475274, 29.9788397 ], [ 79.3476588, 29.9783807 ], [ 79.3477198, 29.977815 ], [ 79.3476635, 29.9772085 ], [ 79.3476194, 29.9760635 ], [ 79.3470195, 29.9746474 ], [ 79.3471448, 29.9731656 ], [ 79.3470214, 29.9726779 ], [ 79.3470404, 29.972278 ], [ 79.3472451, 29.9716159 ], [ 79.3474705, 29.971256 ], [ 79.3487071, 29.9703629 ], [ 79.3502157, 29.969656 ], [ 79.3510854, 29.9692396 ], [ 79.3515725, 29.968782 ], [ 79.3520216, 29.9680834 ], [ 79.3523726, 29.9672943 ], [ 79.3527923, 29.966734 ], [ 79.3532105, 29.9664909 ], [ 79.3534073, 29.9664561 ], [ 79.3537875, 29.9666343 ], [ 79.3541095, 29.9666459 ], [ 79.3543511, 29.9665181 ], [ 79.3546776, 29.9661383 ], [ 79.3550634, 29.9659155 ], [ 79.3552277, 29.9658206 ], [ 79.3558181, 29.965747 ], [ 79.3562654, 29.9657199 ], [ 79.3566545, 29.9655261 ], [ 79.3588416, 29.9635776 ], [ 79.3591204, 29.963247 ], [ 79.3592216, 29.962899 ], [ 79.3591393, 29.9626716 ], [ 79.358763, 29.9622387 ], [ 79.3586017, 29.9619592 ], [ 79.358472, 29.9616633 ], [ 79.3584436, 29.9612714 ], [ 79.3585131, 29.960918 ], [ 79.3587404, 29.960569 ], [ 79.3592415, 29.960242 ], [ 79.3599616, 29.9600638 ], [ 79.3605967, 29.9597887 ], [ 79.3612721, 29.9593469 ], [ 79.3629185, 29.9574601 ], [ 79.363786, 29.9568301 ], [ 79.3648192, 29.9561597 ], [ 79.3651948, 29.9557207 ], [ 79.3653782, 29.9551726 ], [ 79.3655743, 29.9547178 ], [ 79.3657767, 29.9545424 ], [ 79.3669279, 29.9543012 ], [ 79.3677249, 29.9539067 ], [ 79.3679526, 29.9534956 ], [ 79.3683158, 29.9532429 ] ] } },
{ "type": "Feature", "properties": { "full_id": "w231020115", "osm_id": "231020115", "osm_type": "way", "waterway": "river", "intermittent": null, "alt_name": null, "wikidata": null, "name:uk": null, "layer": null, "width": null, "tunnel": null, "name:ml": null, "name:kn": null, "name:hi": null, "name:en": null, "name": "Ātā Gād", "int_name": null, "boat": null }, "geometry": { "type": "LineString", "coordinates": [ [ 79.2378553, 30.1406286 ], [ 79.2374568, 30.1408119 ], [ 79.2372133, 30.1409664 ], [ 79.2371026, 30.1410963 ], [ 79.2368716, 30.1416111 ], [ 79.2366502, 30.1418819 ], [ 79.2363403, 30.1420433 ], [ 79.2358279, 30.14218 ], [ 79.2353662, 30.1421691 ], [ 79.2351227, 30.1422593 ], [ 79.2348475, 30.1424727 ], [ 79.2344332, 30.1426477 ], [ 79.2339557, 30.1426887 ], [ 79.2335319, 30.142634 ], [ 79.2331998, 30.1426668 ], [ 79.2328582, 30.1427352 ], [ 79.2319189, 30.1431619 ], [ 79.2314951, 30.1435995 ], [ 79.2311662, 30.1438866 ], [ 79.2307266, 30.144543 ], [ 79.2304704, 30.1451338 ], [ 79.230404, 30.145462 ], [ 79.2308304, 30.146058 ], [ 79.2317062, 30.1470546 ], [ 79.2317497, 30.1472444 ], [ 79.2316834, 30.1473117 ], [ 79.2313792, 30.1473275 ], [ 79.2309082, 30.1471989 ], [ 79.2305743, 30.1472227 ], [ 79.2304074, 30.1473848 ], [ 79.2303228, 30.1477052 ], [ 79.2303617, 30.1478376 ], [ 79.2305743, 30.14798 ], [ 79.2315073, 30.1484941 ], [ 79.2317703, 30.1487492 ], [ 79.2318046, 30.1488916 ], [ 79.2316879, 30.1490873 ], [ 79.230755, 30.1501709 ], [ 79.2306109, 30.15043 ], [ 79.2306544, 30.150604 ], [ 79.2308647, 30.1509777 ], [ 79.2309379, 30.1511636 ], [ 79.2308442, 30.1517923 ], [ 79.2309013, 30.1520514 ], [ 79.230931, 30.1522056 ], [ 79.2306635, 30.1529293 ], [ 79.2305103, 30.1530519 ], [ 79.2302496, 30.1530993 ], [ 79.2296574, 30.1532654 ], [ 79.229511, 30.1533485 ], [ 79.2293532, 30.1538369 ], [ 79.2293212, 30.153995 ], [ 79.228921, 30.1543668 ], [ 79.2283622, 30.1547355 ], [ 79.2280428, 30.1548306 ], [ 79.2277631, 30.1548001 ], [ 79.227276, 30.1545939 ], [ 79.22703, 30.1545726 ], [ 79.2268979, 30.1546402 ], [ 79.22678, 30.1548019 ], [ 79.2265344, 30.155311 ], [ 79.2265323, 30.1556178 ], [ 79.2263634, 30.1559919 ], [ 79.2261099, 30.1561712 ], [ 79.2257896, 30.1565219 ], [ 79.2256236, 30.1565852 ], [ 79.2255436, 30.1567988 ], [ 79.2256236, 30.157036 ], [ 79.2255985, 30.1572001 ], [ 79.2255802, 30.1573464 ], [ 79.2257219, 30.1576371 ], [ 79.2257082, 30.1578289 ], [ 79.2256168, 30.1584556 ], [ 79.225427, 30.1587305 ], [ 79.2251182, 30.1589697 ], [ 79.2248095, 30.1590982 ], [ 79.2245649, 30.1592623 ], [ 79.2244825, 30.159462 ], [ 79.2244894, 30.1598416 ], [ 79.2243819, 30.1600393 ], [ 79.2240252, 30.1601599 ], [ 79.2236913, 30.1602885 ], [ 79.2235702, 30.160415 ], [ 79.2235359, 30.1605435 ], [ 79.2237028, 30.1606878 ], [ 79.2239246, 30.1608559 ], [ 79.2240549, 30.1610259 ], [ 79.2240618, 30.1611801 ], [ 79.2237988, 30.1616151 ], [ 79.2233735, 30.1620105 ], [ 79.2231883, 30.1620244 ], [ 79.2229939, 30.1619868 ], [ 79.2228544, 30.1620125 ], [ 79.2227584, 30.1621015 ], [ 79.2227172, 30.1624929 ], [ 79.2227675, 30.1625799 ], [ 79.2226052, 30.162837 ], [ 79.2226555, 30.1631058 ], [ 79.2225137, 30.1633154 ], [ 79.2220678, 30.1636278 ], [ 79.2210205, 30.164209 ], [ 79.2208993, 30.1644107 ], [ 79.2207918, 30.164727 ], [ 79.2205563, 30.164812 ], [ 79.2203573, 30.1648595 ], [ 79.2201744, 30.1650335 ], [ 79.2200372, 30.1653439 ], [ 79.2200395, 30.1657551 ], [ 79.2199686, 30.166018 ], [ 79.2198565, 30.1662335 ], [ 79.219525, 30.1665222 ], [ 79.2193558, 30.1668543 ], [ 79.2192666, 30.1671865 ], [ 79.2185051, 30.1680089 ], [ 79.2179471, 30.1686474 ], [ 79.2176682, 30.1688016 ], [ 79.2174464, 30.1688175 ], [ 79.2173343, 30.1689044 ], [ 79.2172245, 30.169114 ], [ 79.2170622, 30.1694797 ], [ 79.2164837, 30.1703674 ], [ 79.2163099, 30.170484 ], [ 79.2161407, 30.1704919 ], [ 79.2159097, 30.1704564 ], [ 79.2157016, 30.1704741 ], [ 79.2155781, 30.1705532 ], [ 79.2154912, 30.1707134 ], [ 79.2152694, 30.1710435 ], [ 79.2150499, 30.1712036 ], [ 79.2143204, 30.171431 ], [ 79.213934, 30.1714685 ], [ 79.213735, 30.1715358 ], [ 79.2136377, 30.171665 ], [ 79.213607, 30.1717058 ], [ 79.2135384, 30.1719687 ], [ 79.213607, 30.172289 ], [ 79.2135635, 30.1725519 ], [ 79.2132731, 30.1729176 ], [ 79.2131153, 30.1732082 ], [ 79.2129164, 30.1733644 ], [ 79.2126809, 30.1736708 ], [ 79.2125963, 30.1739238 ], [ 79.2126008, 30.1741433 ], [ 79.212594, 30.1743568 ], [ 79.2124842, 30.1746592 ], [ 79.2121252, 30.1753907 ], [ 79.2120956, 30.1758147 ], [ 79.212183, 30.1762201 ], [ 79.2123543, 30.1765053 ], [ 79.2123511, 30.1769162 ], [ 79.212377, 30.1772657 ], [ 79.2124934, 30.1776319 ], [ 79.2125354, 30.177822 ], [ 79.2124129, 30.1781517 ], [ 79.2122871, 30.1784759 ], [ 79.2122757, 30.1786163 ], [ 79.2124129, 30.1787764 ], [ 79.2127612, 30.1789663 ], [ 79.2130119, 30.1789186 ], [ 79.213777, 30.1786323 ], [ 79.2140967, 30.1785139 ], [ 79.2147247, 30.1784546 ], [ 79.2152157, 30.1783855 ], [ 79.215741, 30.1785237 ], [ 79.2161292, 30.1788297 ], [ 79.2164832, 30.1792048 ], [ 79.2179494, 30.1796535 ], [ 79.2185326, 30.1798116 ], [ 79.2190549, 30.1800555 ], [ 79.2192988, 30.1803092 ], [ 79.2193026, 30.180708 ], [ 79.2188833, 30.1814198 ], [ 79.2187842, 30.1818877 ], [ 79.2188185, 30.182181 ], [ 79.219173, 30.1825599 ], [ 79.2192645, 30.1827511 ], [ 79.2192302, 30.1829949 ], [ 79.2191197, 30.1832915 ], [ 79.219051, 30.1838253 ], [ 79.2190167, 30.1841647 ], [ 79.2190167, 30.184425 ], [ 79.2190947, 30.1845576 ], [ 79.2191273, 30.1846129 ], [ 79.2195237, 30.1849028 ], [ 79.2203243, 30.1853048 ], [ 79.2204844, 30.1854696 ], [ 79.2205606, 30.1856311 ], [ 79.2204501, 30.1859738 ], [ 79.2203776, 30.1863593 ], [ 79.2203776, 30.1866328 ], [ 79.2204425, 30.1868569 ], [ 79.220858, 30.1871963 ], [ 79.2215873, 30.1872789 ], [ 79.2220212, 30.1872395 ], [ 79.2225579, 30.1872098 ], [ 79.2230603, 30.1873974 ], [ 79.2228091, 30.1882561 ], [ 79.2225351, 30.1886114 ], [ 79.2220555, 30.1890753 ], [ 79.2217015, 30.1894207 ], [ 79.2217358, 30.189707 ], [ 79.2219527, 30.1901314 ], [ 79.2222094, 30.1902534 ], [ 79.2224095, 30.1903485 ], [ 79.2234257, 30.1904867 ], [ 79.2239853, 30.1906841 ], [ 79.2244877, 30.1910196 ], [ 79.2249216, 30.1913947 ], [ 79.2254354, 30.1915723 ], [ 79.2271368, 30.1918092 ], [ 79.2276278, 30.1919671 ], [ 79.2283814, 30.1921349 ], [ 79.2290437, 30.1923224 ], [ 79.2299344, 30.1927172 ], [ 79.2307794, 30.193191 ], [ 79.2315672, 30.1935068 ], [ 79.2321669, 30.1936481 ], [ 79.2325786, 30.1934584 ], [ 79.2328209, 30.1934307 ], [ 79.2334164, 30.1936566 ], [ 79.2338408, 30.1937311 ], [ 79.2342799, 30.1940118 ], [ 79.2348764, 30.1940376 ], [ 79.2353089, 30.1942806 ], [ 79.2359354, 30.1944506 ], [ 79.2366143, 30.1944403 ], [ 79.2368913, 30.194498 ], [ 79.2371108, 30.1948459 ], [ 79.2372663, 30.1950356 ], [ 79.2374795, 30.1951351 ], [ 79.2380392, 30.1951621 ], [ 79.2387888, 30.1958044 ], [ 79.2390148, 30.195976 ], [ 79.2389665, 30.1964281 ], [ 79.2390373, 30.196714 ], [ 79.2396427, 30.1973378 ], [ 79.2400397, 30.1975273 ], [ 79.2403854, 30.1976129 ], [ 79.2407432, 30.1975393 ], [ 79.2412594, 30.1974188 ], [ 79.2419516, 30.1975866 ], [ 79.2425748, 30.1983526 ], [ 79.2427804, 30.1985993 ], [ 79.243317, 30.1990336 ], [ 79.2437509, 30.1993691 ], [ 79.2441848, 30.1995862 ], [ 79.2445388, 30.1997244 ], [ 79.2450184, 30.2000007 ], [ 79.2456579, 30.2003659 ], [ 79.2460918, 30.2008593 ], [ 79.2467084, 30.2016784 ], [ 79.246754, 30.2019843 ], [ 79.2469596, 30.2023988 ], [ 79.2474049, 30.2026653 ], [ 79.2478617, 30.2029021 ], [ 79.2480672, 30.203208 ], [ 79.2481471, 30.2035929 ], [ 79.2482271, 30.2040567 ], [ 79.2483412, 30.204639 ], [ 79.2483983, 30.2051126 ], [ 79.2485582, 30.2062475 ], [ 79.2481814, 30.207254 ], [ 79.2481243, 30.2076093 ], [ 79.2478773, 30.2077691 ], [ 79.2478, 30.2082277 ], [ 79.2479261, 30.2086724 ], [ 79.2482692, 30.2091909 ], [ 79.248444, 30.2093559 ], [ 79.2486495, 30.2098691 ], [ 79.2488322, 30.2103921 ], [ 79.2492433, 30.2107966 ], [ 79.2494945, 30.2109151 ], [ 79.2504994, 30.2112111 ], [ 79.2506478, 30.2114874 ], [ 79.2510246, 30.2119117 ], [ 79.2514699, 30.2122669 ], [ 79.2519609, 30.2126024 ], [ 79.252452, 30.2129379 ], [ 79.253, 30.2132438 ], [ 79.2534568, 30.2134412 ], [ 79.2537537, 30.2140233 ], [ 79.2534111, 30.2145562 ], [ 79.2532513, 30.2147338 ], [ 79.2529201, 30.2152469 ], [ 79.2526917, 30.215612 ], [ 79.2527831, 30.2160659 ], [ 79.2527945, 30.216579 ], [ 79.2525319, 30.2173585 ], [ 79.2522807, 30.2178222 ], [ 79.252018, 30.218434 ], [ 79.2519724, 30.2187892 ], [ 79.252098, 30.2192924 ], [ 79.2528516, 30.2199239 ], [ 79.2531713, 30.2202298 ], [ 79.2536852, 30.2207034 ], [ 79.2540391, 30.2212461 ], [ 79.2538828, 30.221614 ], [ 79.2538726, 30.2218317 ], [ 79.2539271, 30.2221204 ], [ 79.2541744, 30.2222673 ], [ 79.2543373, 30.2222778 ], [ 79.2546436, 30.222261 ], [ 79.2550936, 30.2227031 ], [ 79.2552503, 30.2232561 ], [ 79.2554358, 30.2239515 ], [ 79.2557813, 30.2246082 ], [ 79.2567111, 30.2253308 ], [ 79.2569052, 30.2260412 ], [ 79.2568406, 30.2267327 ], [ 79.2564834, 30.2272697 ], [ 79.2560453, 30.2281469 ], [ 79.2561803, 30.2282757 ] ] } },
{ "type": "Feature", "properties": { "full_id": "w235367063", "osm_id": "235367063", "osm_type": "way", "waterway": "river", "intermittent": null, "alt_name": null, "wikidata": null, "name:uk": null, "layer": null, "width": "60 m", "tunnel": null, "name:ml": null, "name:kn": "ರಾಮಗಂಗಾ", "name:hi": null, "name:en": null, "name": "Ramganga", "int_name": null, "boat": null }, "geometry": { "type": "LineString", "coordinates": [ [ 78.7576642, 29.5166907 ], [ 78.7575642, 29.5157018 ], [ 78.7572304, 29.5147234 ], [ 78.7560797, 29.5139607 ], [ 78.7556419, 29.5124058 ], [ 78.7556896, 29.511483 ], [ 78.7564998, 29.5104046 ], [ 78.7573637, 29.508126 ], [ 78.7582889, 29.5073079 ] ] } },
{ "type": "Feature", "properties": { "full_id": "w235367064", "osm_id": "235367064", "osm_type": "way", "waterway": "river", "intermittent": null, "alt_name": null, "wikidata": null, "name:uk": null, "layer": null, "width": null, "tunnel": null, "name:ml": null, "name:kn": "ರಾಮಗಂಗಾ", "name:hi": null, "name:en": null, "name": "Ramganga", "int_name": null, "boat": null }, "geometry": { "type": "LineString", "coordinates": [ [ 78.7604611, 29.495519 ], [ 78.7589919, 29.4940041 ], [ 78.7565224, 29.4903393 ], [ 78.7537373, 29.4880731 ], [ 78.751396, 29.487114 ], [ 78.7482233, 29.4864745 ], [ 78.745818, 29.4845964 ] ] } },
{ "type": "Feature", "properties": { "full_id": "w297279727", "osm_id": "297279727", "osm_type": "way", "waterway": "river", "intermittent": null, "alt_name": null, "wikidata": null, "name:uk": null, "layer": "-1", "width": null, "tunnel": "culvert", "name:ml": null, "name:kn": null, "name:hi": null, "name:en": null, "name": "Dhauli Ganga", "int_name": null, "boat": null }, "geometry": { "type": "LineString", "coordinates": [ [ 79.8285966, 30.7504169 ], [ 79.8286498, 30.748519 ], [ 79.8297288, 30.7474757 ], [ 79.8314147, 30.7468962 ], [ 79.8356296, 30.7450415 ], [ 79.8358656, 30.7439692 ], [ 79.8358993, 30.7425782 ], [ 79.8352924, 30.7396801 ], [ 79.8331344, 30.7389845 ], [ 79.8319205, 30.7388686 ], [ 79.8315496, 30.7384339 ], [ 79.8332018, 30.7373905 ], [ 79.8339099, 30.7363471 ], [ 79.8337413, 30.7344343 ], [ 79.8328646, 30.7328982 ], [ 79.8319205, 30.7324345 ], [ 79.8314147, 30.731536 ], [ 79.8313135, 30.7303766 ], [ 79.8310775, 30.7286375 ], [ 79.8310775, 30.7276231 ], [ 79.831381, 30.7264926 ], [ 79.8314147, 30.7252173 ], [ 79.8322577, 30.7241448 ], [ 79.8331681, 30.7222317 ], [ 79.8329658, 30.7210722 ], [ 79.8327635, 30.7202606 ], [ 79.8331664, 30.7195228 ], [ 79.8333112, 30.7187668 ], [ 79.8335465, 30.7184127 ], [ 79.8338668, 30.7182777 ], [ 79.8348144, 30.7176069 ], [ 79.8347866, 30.7165502 ], [ 79.8355621, 30.714492 ], [ 79.8371469, 30.7131585 ], [ 79.8382259, 30.7122018 ], [ 79.8394061, 30.7112162 ], [ 79.8406874, 30.7106074 ], [ 79.8416315, 30.7098246 ], [ 79.8423396, 30.7096507 ], [ 79.8428074, 30.7096713 ], [ 79.843518, 30.7097872 ], [ 79.8446614, 30.7097387 ], [ 79.8453167, 30.7095237 ], [ 79.8458464, 30.7093608 ], [ 79.8462848, 30.7090709 ], [ 79.8477347, 30.7085201 ], [ 79.8495218, 30.7078823 ], [ 79.8510054, 30.7072445 ], [ 79.8522193, 30.7067226 ], [ 79.8540064, 30.7059688 ], [ 79.8553214, 30.7057949 ], [ 79.8576143, 30.7057949 ], [ 79.8586259, 30.705418 ], [ 79.8605141, 30.7051281 ], [ 79.8621326, 30.7048672 ], [ 79.8633465, 30.7051861 ], [ 79.8645267, 30.7050411 ], [ 79.8656731, 30.705389 ], [ 79.8664824, 30.7055919 ], [ 79.86773, 30.705534 ], [ 79.8683032, 30.7058239 ], [ 79.869171, 30.7063444 ], [ 79.8694621, 30.7062711 ], [ 79.8697531, 30.7058819 ], [ 79.871203, 30.7056209 ], [ 79.8719449, 30.705273 ], [ 79.8729901, 30.70536 ], [ 79.8733273, 30.7047802 ], [ 79.8747772, 30.7044613 ], [ 79.8758225, 30.7039974 ], [ 79.8769015, 30.7035625 ], [ 79.8780143, 30.7029827 ], [ 79.8788235, 30.7030117 ], [ 79.8795991, 30.7032436 ], [ 79.8805432, 30.7033596 ], [ 79.8816222, 30.7033016 ], [ 79.8825326, 30.7034176 ], [ 79.8828805, 30.7031698 ], [ 79.8833756, 30.7026638 ], [ 79.8833081, 30.7020549 ], [ 79.8827686, 30.701504 ], [ 79.8824865, 30.7009109 ], [ 79.8824652, 30.7008662 ], [ 79.8828698, 30.7001704 ], [ 79.883207, 30.6992716 ], [ 79.8827012, 30.6984018 ], [ 79.8830047, 30.6977059 ], [ 79.8835104, 30.697097 ], [ 79.8838814, 30.6964302 ], [ 79.8844209, 30.6959952 ], [ 79.8848929, 30.6954154 ], [ 79.885601, 30.6948355 ], [ 79.8865789, 30.6946615 ], [ 79.8871858, 30.6942846 ], [ 79.8874556, 30.6938496 ], [ 79.8871858, 30.6930378 ], [ 79.886444, 30.6927768 ], [ 79.8856685, 30.6923419 ], [ 79.8855336, 30.6919359 ], [ 79.8859719, 30.6908341 ], [ 79.8857696, 30.6900222 ], [ 79.8852301, 30.6895873 ], [ 79.8851627, 30.6884854 ], [ 79.885129, 30.6877895 ], [ 79.8854999, 30.6873545 ], [ 79.8855673, 30.6865426 ], [ 79.8850615, 30.6860496 ], [ 79.8844546, 30.6851507 ], [ 79.8842185, 30.6839038 ], [ 79.8838814, 30.6837008 ], [ 79.8825663, 30.6836718 ], [ 79.8819594, 30.6833238 ], [ 79.8804757, 30.6829758 ], [ 79.8798351, 30.6826859 ], [ 79.8791607, 30.6817289 ], [ 79.8786549, 30.6811489 ], [ 79.8779805, 30.6808589 ], [ 79.8775422, 30.6807429 ], [ 79.8766722, 30.6806961 ], [ 79.8759237, 30.6806559 ], [ 79.875047, 30.679815 ], [ 79.8735971, 30.679757 ], [ 79.8723495, 30.67938 ], [ 79.8711019, 30.67938 ], [ 79.8700566, 30.679554 ], [ 79.8696857, 30.680076 ], [ 79.8690113, 30.6803079 ], [ 79.8675614, 30.67967 ], [ 79.8665161, 30.678887 ], [ 79.8654034, 30.677959 ], [ 79.8646616, 30.676944 ], [ 79.863066, 30.6762708 ], [ 79.8628745, 30.67619 ], [ 79.8609525, 30.675407 ], [ 79.85957, 30.6741599 ], [ 79.8579178, 30.6734929 ], [ 79.8554226, 30.6733189 ], [ 79.8531634, 30.6725939 ], [ 79.8488474, 30.6712308 ], [ 79.847094, 30.6705057 ], [ 79.846251, 30.6697227 ], [ 79.8454418, 30.6697517 ], [ 79.8443628, 30.6699547 ], [ 79.8433849, 30.6689396 ], [ 79.8429941, 30.6685441 ], [ 79.8428365, 30.668055 ], [ 79.8410796, 30.6666151 ], [ 79.8395747, 30.6647921 ], [ 79.8373155, 30.6619497 ], [ 79.8356633, 30.6586721 ], [ 79.8345363, 30.6562664 ], [ 79.8344489, 30.6559073 ], [ 79.8343266, 30.6554044 ], [ 79.8340702, 30.6545223 ], [ 79.8344198, 30.6528182 ], [ 79.8344897, 30.6511341 ], [ 79.8341867, 30.6485277 ], [ 79.8335575, 30.6473649 ], [ 79.8322525, 30.6451995 ], [ 79.8318097, 30.644217 ], [ 79.8317361, 30.6429264 ], [ 79.8320452, 30.6422217 ], [ 79.8314866, 30.6417365 ], [ 79.8310592, 30.6414114 ], [ 79.8308115, 30.640479 ], [ 79.8312769, 30.6398288 ], [ 79.8309241, 30.6386229 ], [ 79.830458, 30.6373396 ], [ 79.8309474, 30.6349334 ], [ 79.8305046, 30.6335498 ], [ 79.8291995, 30.631725 ], [ 79.8297822, 30.6306622 ], [ 79.8295491, 30.6297598 ], [ 79.8280576, 30.6289777 ], [ 79.8265661, 30.6270325 ], [ 79.8256805, 30.6260499 ], [ 79.8246342, 30.6255961 ], [ 79.8245852, 30.6244255 ], [ 79.8246551, 30.623503 ], [ 79.8240647, 30.6227191 ], [ 79.8238395, 30.6224201 ], [ 79.8241191, 30.6212769 ], [ 79.8232103, 30.6203143 ], [ 79.8226742, 30.619492 ], [ 79.8214624, 30.6189104 ], [ 79.8212482, 30.6176341 ], [ 79.8205396, 30.6175632 ], [ 79.8196992, 30.6169109 ], [ 79.8187434, 30.6161309 ], [ 79.8178865, 30.6155494 ], [ 79.8166835, 30.6149254 ], [ 79.8148708, 30.6140745 ], [ 79.8128604, 30.6134357 ], [ 79.8115421, 30.6135498 ], [ 79.8104215, 30.6132094 ], [ 79.8098126, 30.6121108 ], [ 79.8089147, 30.611182 ], [ 79.8079477, 30.6104198 ], [ 79.8075677, 30.6096869 ], [ 79.807423, 30.6091326 ], [ 79.8079177, 30.6082986 ], [ 79.808517, 30.6073602 ], [ 79.8086913, 30.6064017 ], [ 79.8083347, 30.605117 ], [ 79.8074389, 30.6043967 ], [ 79.8064793, 30.6036522 ], [ 79.8057531, 30.6035495 ], [ 79.805556, 30.6031178 ], [ 79.8054093, 30.6013215 ], [ 79.8048609, 30.6003804 ], [ 79.8038966, 30.5995802 ], [ 79.8022257, 30.5992392 ], [ 79.7998881, 30.5994853 ], [ 79.7984372, 30.5996951 ], [ 79.797307, 30.5997921 ], [ 79.795873, 30.5996404 ], [ 79.794074, 30.599139 ], [ 79.7928085, 30.5987615 ], [ 79.7904031, 30.597824 ], [ 79.7885957, 30.597155 ], [ 79.7873711, 30.5966731 ], [ 79.786065, 30.594713 ], [ 79.7848074, 30.592807 ], [ 79.7829454, 30.591282 ], [ 79.7818189, 30.5891531 ], [ 79.7802197, 30.5877258 ], [ 79.7789465, 30.5864104 ], [ 79.7780487, 30.5854846 ], [ 79.7779702, 30.5849186 ], [ 79.777925, 30.5841884 ], [ 79.7771554, 30.5830453 ], [ 79.7768367, 30.5814382 ], [ 79.7772963, 30.5799678 ], [ 79.7751469, 30.5775593 ], [ 79.7745949, 30.576426 ], [ 79.7737156, 30.5755326 ], [ 79.7732271, 30.5749762 ], [ 79.7724653, 30.5743237 ], [ 79.7714969, 30.5740679 ], [ 79.7707079, 30.5724178 ], [ 79.7690929, 30.5710807 ], [ 79.7678265, 30.5699868 ], [ 79.7675925, 30.5693634 ], [ 79.7681397, 30.568104 ], [ 79.7671794, 30.5666798 ], [ 79.7671419, 30.5660886 ], [ 79.7667824, 30.5650724 ], [ 79.7664337, 30.5641579 ], [ 79.7662246, 30.5633326 ], [ 79.7657847, 30.5628876 ], [ 79.7655702, 30.5620854 ], [ 79.7650926, 30.5615204 ], [ 79.7645026, 30.5611801 ], [ 79.7641539, 30.5602731 ], [ 79.7626518, 30.5597188 ], [ 79.7619008, 30.5593262 ], [ 79.760887, 30.5583422 ], [ 79.7602808, 30.557289 ], [ 79.7597356, 30.5565291 ], [ 79.7599857, 30.5557415 ], [ 79.75968, 30.5551271 ], [ 79.7582369, 30.5545173 ], [ 79.7563218, 30.5535842 ], [ 79.7552436, 30.5525494 ], [ 79.7541868, 30.5523276 ], [ 79.753645, 30.55157 ], [ 79.7530066, 30.5509972 ], [ 79.7529868, 30.5509359 ], [ 79.7527045, 30.5500616 ], [ 79.7526472, 30.5484193 ], [ 79.7520947, 30.547865 ], [ 79.750936, 30.5474353 ], [ 79.7493535, 30.5469133 ], [ 79.7483128, 30.5456474 ], [ 79.7473671, 30.543201 ], [ 79.7457796, 30.5395427 ], [ 79.7448472, 30.5368529 ], [ 79.7443646, 30.5360607 ], [ 79.7441339, 30.5356093 ], [ 79.7440984, 30.5349105 ], [ 79.7447723, 30.5335531 ], [ 79.7447652, 30.5331352 ], [ 79.7442693, 30.532724 ], [ 79.743545, 30.5321234 ], [ 79.7431469, 30.5319637 ], [ 79.7420311, 30.5318851 ], [ 79.7412125, 30.5317471 ], [ 79.7406761, 30.5314179 ], [ 79.7400932, 30.5305631 ], [ 79.7398218, 30.5302239 ], [ 79.7387321, 30.5294462 ], [ 79.7386301, 30.5289972 ], [ 79.7388554, 30.5284981 ], [ 79.7389551, 30.5276975 ], [ 79.7390485, 30.5270703 ], [ 79.738858, 30.526455 ], [ 79.737388, 30.52533 ], [ 79.7373556, 30.5251932 ], [ 79.7366119, 30.5233608 ], [ 79.7360628, 30.5225486 ], [ 79.736315, 30.5217012 ], [ 79.7358968, 30.5196489 ], [ 79.7356324, 30.5184564 ], [ 79.7357308, 30.5169779 ], [ 79.7355339, 30.516278 ], [ 79.7352202, 30.5150364 ], [ 79.7357123, 30.5144778 ], [ 79.7354335, 30.5135623 ], [ 79.734616, 30.512565 ], [ 79.7331523, 30.5114018 ], [ 79.7321294, 30.5089236 ], [ 79.7317839, 30.5082751 ], [ 79.7314525, 30.5067965 ], [ 79.7293274, 30.5055292 ], [ 79.7279549, 30.5045226 ], [ 79.726249, 30.504162 ], [ 79.7248836, 30.5033915 ], [ 79.7239745, 30.5031822 ], [ 79.7223329, 30.5036167 ], [ 79.7214639, 30.503515 ], [ 79.7201082, 30.5021012 ], [ 79.7179313, 30.5012653 ], [ 79.7162841, 30.500248 ], [ 79.715402, 30.4993961 ], [ 79.7139933, 30.4995811 ], [ 79.7114895, 30.4993773 ], [ 79.7108277, 30.4993649 ], [ 79.7096715, 30.4983032 ], [ 79.7061956, 30.4967371 ], [ 79.7048907, 30.4969978 ], [ 79.7040572, 30.4967241 ], [ 79.7034341, 30.4960433 ], [ 79.702924, 30.4957415 ], [ 79.7017912, 30.4957983 ], [ 79.7010684, 30.4958145 ], [ 79.6992652, 30.4944067 ], [ 79.6974206, 30.4934201 ], [ 79.6954465, 30.4928469 ], [ 79.6950388, 30.4925695 ], [ 79.6948129, 30.4917428 ], [ 79.6946955, 30.4910533 ], [ 79.6937191, 30.4903969 ], [ 79.6931827, 30.489722 ], [ 79.6918952, 30.4886126 ], [ 79.6907365, 30.4881873 ], [ 79.6905699, 30.4879689 ] ] } },
{ "type": "Feature", "properties": { "full_id": "w297279728", "osm_id": "297279728", "osm_type": "way", "waterway": "stream", "intermittent": null, "alt_name": null, "wikidata": null, "name:uk": null, "layer": null, "width": null, "tunnel": null, "name:ml": null, "name:kn": null, "name:hi": null, "name:en": null, "name": "Dhauli Ganga", "int_name": null, "boat": null }, "geometry": { "type": "LineString", "coordinates": [ [ 79.8090678, 30.8416864 ], [ 79.8094967, 30.8409174 ], [ 79.8100771, 30.8406303 ], [ 79.8106007, 30.8402674 ], [ 79.8111684, 30.839807 ], [ 79.8114901, 30.8394279 ], [ 79.811755, 30.83887 ], [ 79.8121398, 30.8383609 ], [ 79.8122029, 30.8380089 ], [ 79.8120137, 30.8374835 ], [ 79.8121272, 30.8365519 ], [ 79.8123165, 30.8361402 ], [ 79.8126508, 30.8357665 ], [ 79.8127833, 30.8355065 ], [ 79.8126508, 30.8351111 ], [ 79.8124111, 30.8346832 ], [ 79.8125057, 30.8344557 ], [ 79.8127896, 30.8341145 ], [ 79.8129284, 30.8338166 ], [ 79.812941, 30.8334916 ], [ 79.812676, 30.8322837 ], [ 79.8126256, 30.8315145 ], [ 79.8124931, 30.8311408 ], [ 79.8124742, 30.8303987 ], [ 79.812184, 30.8298625 ], [ 79.8122282, 30.8293479 ], [ 79.8119948, 30.8284379 ], [ 79.8120768, 30.8276849 ], [ 79.8120263, 30.8274195 ], [ 79.8114838, 30.8266557 ], [ 79.8114838, 30.8263794 ], [ 79.8117109, 30.8259244 ], [ 79.8117046, 30.8257348 ], [ 79.8115153, 30.8254911 ], [ 79.8114459, 30.8251119 ], [ 79.8115216, 30.8247489 ], [ 79.8114144, 30.8241585 ], [ 79.8113009, 30.8238876 ], [ 79.8107079, 30.8233947 ], [ 79.810588, 30.8230967 ], [ 79.8106007, 30.8223167 ], [ 79.8103736, 30.8220296 ], [ 79.8099257, 30.8218075 ], [ 79.8098058, 30.8216179 ], [ 79.8099572, 30.8208649 ], [ 79.809932, 30.8205344 ], [ 79.8091561, 30.8192343 ], [ 79.8086704, 30.8186763 ], [ 79.8083297, 30.8181454 ], [ 79.8080963, 30.8172732 ], [ 79.8074971, 30.8170131 ], [ 79.8071249, 30.816466 ], [ 79.8070366, 30.8162655 ], [ 79.8072889, 30.8157238 ], [ 79.8073331, 30.8152254 ], [ 79.8075665, 30.8141906 ], [ 79.8074277, 30.813936 ], [ 79.8070492, 30.8137084 ], [ 79.8068347, 30.8132859 ], [ 79.8061104, 30.8124113 ], [ 79.8057067, 30.8122216 ], [ 79.8052083, 30.8118424 ], [ 79.8043063, 30.8117015 ], [ 79.8037322, 30.8115715 ], [ 79.8028617, 30.8117178 ], [ 79.80254, 30.8115878 ], [ 79.8013604, 30.8105096 ], [ 79.8010567, 30.8097014 ], [ 79.8013279, 30.8090133 ], [ 79.801801, 30.808244 ], [ 79.8029491, 30.8076101 ], [ 79.8037629, 30.806754 ], [ 79.8041603, 30.8060984 ], [ 79.8053273, 30.8050528 ], [ 79.805895, 30.8049769 ], [ 79.8062861, 30.8050582 ], [ 79.8064564, 30.8049661 ], [ 79.80657, 30.8046735 ], [ 79.8074089, 30.8040829 ], [ 79.8084561, 30.8032268 ], [ 79.8087715, 30.802788 ], [ 79.8092194, 30.8025008 ], [ 79.8097114, 30.8024412 ], [ 79.8099259, 30.8021161 ], [ 79.8101782, 30.8012166 ], [ 79.8100773, 30.8006098 ], [ 79.8108469, 30.799667 ], [ 79.811137, 30.799033 ], [ 79.8114587, 30.7985725 ], [ 79.8127204, 30.7979114 ], [ 79.8134571, 30.797502 ], [ 79.8140726, 30.7971335 ], [ 79.8144503, 30.796581 ], [ 79.8148799, 30.7959588 ], [ 79.8151568, 30.7955023 ], [ 79.8151066, 30.7953069 ], [ 79.8152221, 30.7948043 ], [ 79.8150701, 30.7945401 ], [ 79.8155598, 30.7936961 ], [ 79.8153051, 30.7932038 ], [ 79.8155611, 30.7928918 ], [ 79.8167281, 30.7923987 ], [ 79.8181916, 30.7914396 ], [ 79.8188477, 30.7912337 ], [ 79.8198002, 30.7907893 ], [ 79.8213268, 30.790307 ], [ 79.8219323, 30.7898139 ], [ 79.8225821, 30.7892015 ], [ 79.8228659, 30.7885133 ], [ 79.8234084, 30.7878251 ], [ 79.8238121, 30.7873699 ], [ 79.824771, 30.7868009 ], [ 79.826184, 30.7864757 ], [ 79.8266508, 30.7866221 ], [ 79.8272438, 30.7867413 ], [ 79.8278367, 30.7864595 ], [ 79.8283161, 30.7859826 ], [ 79.8285811, 30.785316 ], [ 79.8290668, 30.7843189 ], [ 79.8294074, 30.7838691 ], [ 79.8303852, 30.7834301 ], [ 79.8308268, 30.7833109 ], [ 79.8321089, 30.7833588 ], [ 79.8326053, 30.7834149 ], [ 79.8330316, 30.7832881 ], [ 79.8333595, 30.7827321 ], [ 79.8337002, 30.78251 ], [ 79.8340837, 30.7820091 ], [ 79.8345479, 30.7817786 ], [ 79.8349428, 30.7815803 ], [ 79.8349775, 30.7811269 ], [ 79.8358417, 30.7799129 ], [ 79.8364653, 30.7792071 ], [ 79.8364977, 30.7791704 ], [ 79.8368908, 30.7787841 ], [ 79.837353, 30.7782507 ], [ 79.8378666, 30.7772302 ], [ 79.8385037, 30.7762926 ], [ 79.8393301, 30.775924 ], [ 79.8402132, 30.7759511 ], [ 79.8416073, 30.7761083 ], [ 79.8418028, 30.7760541 ], [ 79.8419542, 30.775794 ], [ 79.842339, 30.7756476 ], [ 79.8425661, 30.7753279 ], [ 79.8426608, 30.7750569 ], [ 79.8425787, 30.7748509 ], [ 79.8427869, 30.7743902 ], [ 79.8430771, 30.7741951 ], [ 79.8434352, 30.7738778 ], [ 79.8437159, 30.7732467 ], [ 79.8442331, 30.7719134 ], [ 79.8446305, 30.7714418 ], [ 79.8449964, 30.7709432 ], [ 79.8459931, 30.7700272 ], [ 79.8464599, 30.7698212 ], [ 79.8467879, 30.769534 ], [ 79.8474629, 30.768477 ], [ 79.847343, 30.7679296 ], [ 79.8473304, 30.7669594 ], [ 79.8477531, 30.765794 ], [ 79.8478792, 30.7651327 ], [ 79.8481126, 30.7648888 ], [ 79.8481378, 30.764607 ], [ 79.8481063, 30.7643034 ], [ 79.8482508, 30.763805 ], [ 79.8484665, 30.7633777 ], [ 79.8485043, 30.7630742 ], [ 79.8481574, 30.7626676 ], [ 79.8475532, 30.7622414 ], [ 79.8471462, 30.7619122 ], [ 79.8470623, 30.761703 ], [ 79.8471262, 30.7614732 ], [ 79.8470661, 30.7612258 ], [ 79.8470535, 30.7609872 ], [ 79.8470025, 30.7606673 ], [ 79.8464757, 30.7601083 ], [ 79.8459569, 30.759834 ], [ 79.8453623, 30.7596145 ], [ 79.8443845, 30.7593779 ], [ 79.8429399, 30.7590521 ], [ 79.8417865, 30.7586611 ], [ 79.8413076, 30.7579478 ], [ 79.8399109, 30.7573271 ], [ 79.8389411, 30.7568504 ], [ 79.8380751, 30.7562228 ], [ 79.8374007, 30.7560239 ], [ 79.8363671, 30.7559759 ], [ 79.8357884, 30.7559176 ], [ 79.8350461, 30.7559245 ], [ 79.8335236, 30.7560602 ], [ 79.8325332, 30.7557783 ], [ 79.8318961, 30.7553989 ], [ 79.8312085, 30.7548568 ], [ 79.8309436, 30.7544123 ], [ 79.8309492, 30.7533606 ], [ 79.8306058, 30.7528815 ], [ 79.8301958, 30.7518623 ], [ 79.8289202, 30.7509626 ], [ 79.8285966, 30.7504169 ] ] } },
{ "type": "Feature", "properties": { "full_id": "w297295418", "osm_id": "297295418", "osm_type": "way", "waterway": "river", "intermittent": null, "alt_name": null, "wikidata": null, "name:uk": null, "layer": null, "width": null, "tunnel": null, "name:ml": "അളകനന്ദ", "name:kn": "ಅಲಕನಂದಾ", "name:hi": "अलकनन्दा", "name:en": null, "name": "Alaknanda", "int_name": null, "boat": null }, "geometry": { "type": "LineString", "coordinates": [ [ 79.4949575, 30.770401 ], [ 79.4951601, 30.7700408 ], [ 79.4962867, 30.7696688 ], [ 79.4966986, 30.769416 ], [ 79.4970659, 30.7689715 ], [ 79.4986431, 30.7658848 ], [ 79.4987894, 30.7636151 ], [ 79.4986414, 30.762759 ], [ 79.4987321, 30.7619537 ], [ 79.4985356, 30.7610905 ], [ 79.4987462, 30.7600012 ], [ 79.4987577, 30.7596547 ], [ 79.4987598, 30.7595925 ], [ 79.4987843, 30.7588543 ], [ 79.4983639, 30.757897 ], [ 79.4983131, 30.7574491 ], [ 79.498307, 30.7572076 ], [ 79.4983033, 30.7570591 ], [ 79.4982799, 30.7561306 ], [ 79.4979184, 30.7557044 ], [ 79.4972573, 30.7554738 ], [ 79.497044, 30.7552962 ], [ 79.4968507, 30.754888 ], [ 79.4973615, 30.7538463 ], [ 79.497229, 30.7533202 ], [ 79.4971956, 30.7531894 ], [ 79.4971659, 30.752745 ], [ 79.4969053, 30.7524857 ], [ 79.4962643, 30.7521411 ], [ 79.4958668, 30.7516245 ], [ 79.4955146, 30.7510657 ], [ 79.4955173, 30.7503472 ], [ 79.4958457, 30.7499426 ], [ 79.4964511, 30.7494465 ], [ 79.4967715, 30.749147 ], [ 79.4968899, 30.7488129 ], [ 79.4968172, 30.7483393 ], [ 79.4966659, 30.7478099 ], [ 79.4964443, 30.7472611 ], [ 79.4960182, 30.7473078 ], [ 79.4956873, 30.7473864 ], [ 79.4952966, 30.7475195 ], [ 79.4946842, 30.7475135 ], [ 79.4942371, 30.7474318 ], [ 79.4938007, 30.7472896 ], [ 79.4933396, 30.7469901 ], [ 79.4931766, 30.746436 ], [ 79.4929594, 30.746134 ], [ 79.492713, 30.7458799 ], [ 79.4921886, 30.7455653 ], [ 79.4918771, 30.7452165 ], [ 79.491858, 30.7450427 ], [ 79.4919424, 30.744907 ], [ 79.4919118, 30.7447837 ], [ 79.4918756, 30.7446844 ], [ 79.4915893, 30.7444079 ], [ 79.4914703, 30.7442055 ], [ 79.4914126, 30.7439667 ], [ 79.4914704, 30.7433298 ], [ 79.4914709, 30.7431595 ], [ 79.4914717, 30.7428379 ], [ 79.4915513, 30.7424988 ], [ 79.4921176, 30.7421322 ], [ 79.4922842, 30.7418275 ], [ 79.4924919, 30.7414721 ], [ 79.4925148, 30.7412663 ], [ 79.4926432, 30.741112 ], [ 79.4927427, 30.7409355 ], [ 79.4929002, 30.7406219 ], [ 79.4928967, 30.7402967 ], [ 79.4928685, 30.740144 ], [ 79.492814, 30.7399534 ], [ 79.4926642, 30.7396108 ], [ 79.4925601, 30.7390054 ], [ 79.4927195, 30.7382783 ], [ 79.4928815, 30.7373441 ], [ 79.4927162, 30.736581 ], [ 79.4926664, 30.7362809 ], [ 79.4927334, 30.7357008 ], [ 79.4926347, 30.7354555 ], [ 79.4922098, 30.7348552 ], [ 79.4921315, 30.7345651 ], [ 79.4922324, 30.7342456 ], [ 79.4928021, 30.7333156 ], [ 79.4930392, 30.7322403 ], [ 79.4934651, 30.7310949 ], [ 79.4935155, 30.7308979 ], [ 79.4936936, 30.7302022 ], [ 79.4939195, 30.7290507 ], [ 79.4937526, 30.728039 ], [ 79.4941856, 30.7275761 ], [ 79.4942467, 30.7269176 ], [ 79.4942919, 30.7266007 ], [ 79.4942886, 30.7255927 ], [ 79.4947333, 30.7250477 ], [ 79.4948159, 30.7238468 ], [ 79.4952901, 30.7232861 ], [ 79.4957552, 30.7227443 ], [ 79.4956474, 30.7222813 ], [ 79.4952273, 30.7215817 ], [ 79.4952933, 30.7206714 ], [ 79.495112, 30.7194147 ], [ 79.4950733, 30.7190498 ], [ 79.4951914, 30.7185255 ], [ 79.4949639, 30.7176913 ], [ 79.4953674, 30.7173951 ], [ 79.495223, 30.7169307 ], [ 79.4953277, 30.7166089 ], [ 79.4957841, 30.7162851 ], [ 79.4961406, 30.7153158 ], [ 79.4962648, 30.7149781 ], [ 79.4960272, 30.7145418 ], [ 79.4963598, 30.7133981 ], [ 79.4965217, 30.7123945 ], [ 79.4970668, 30.7111225 ], [ 79.4977755, 30.7107028 ], [ 79.4988245, 30.7092779 ], [ 79.500082, 30.7086493 ], [ 79.5009859, 30.7085781 ], [ 79.5017321, 30.707808 ], [ 79.5019822, 30.7066603 ], [ 79.5029295, 30.7059719 ], [ 79.5031346, 30.7056241 ], [ 79.5027851, 30.70442 ], [ 79.5034527, 30.7036265 ], [ 79.5035353, 30.7027487 ], [ 79.5029316, 30.7013692 ], [ 79.5031662, 30.7008592 ], [ 79.5037105, 30.700416 ], [ 79.5036673, 30.6995167 ], [ 79.5041975, 30.6983727 ], [ 79.505123, 30.6980016 ], [ 79.5072843, 30.6981632 ], [ 79.508557, 30.6974154 ], [ 79.5109038, 30.6972067 ], [ 79.5120136, 30.6968411 ], [ 79.5128223, 30.695848 ], [ 79.512807, 30.6952542 ], [ 79.5127411, 30.6946493 ], [ 79.5118542, 30.6937872 ], [ 79.5110917, 30.6935076 ], [ 79.5105933, 30.6932137 ], [ 79.5102125, 30.6929459 ], [ 79.5100424, 30.6925164 ], [ 79.5096659, 30.6913456 ], [ 79.5102969, 30.6905721 ], [ 79.5101834, 30.6895017 ], [ 79.5102952, 30.6890228 ], [ 79.5099995, 30.6885259 ], [ 79.5096469, 30.6883519 ], [ 79.5088209, 30.6881659 ], [ 79.5084221, 30.6879074 ], [ 79.5081729, 30.6877925 ], [ 79.507809, 30.6869869 ], [ 79.5077589, 30.6867965 ], [ 79.5076233, 30.6862818 ], [ 79.5078591, 30.6858512 ], [ 79.507763, 30.6854763 ] ] } },
{ "type": "Feature", "properties": { "full_id": "w297295425", "osm_id": "297295425", "osm_type": "way", "waterway": "river", "intermittent": null, "alt_name": null, "wikidata": "Q18391937", "name:uk": "Сарасваті", "layer": null, "width": "15-20 Metres", "tunnel": "no", "name:ml": "സരസ്വതി", "name:kn": null, "name:hi": null, "name:en": null, "name": "Saraswati", "int_name": null, "boat": null }, "geometry": { "type": "LineString", "coordinates": [ [ 79.3800431, 30.9961921 ], [ 79.3877164, 30.9884959 ], [ 79.3898328, 30.9866706 ], [ 79.3916484, 30.985507 ], [ 79.3929116, 30.9851496 ], [ 79.3934595, 30.9844189 ], [ 79.3943118, 30.9839491 ], [ 79.3955903, 30.9825026 ], [ 79.3963362, 30.9805749 ], [ 79.3971558, 30.9792143 ], [ 79.3987477, 30.9778979 ], [ 79.3997214, 30.9776485 ], [ 79.4010521, 30.9769848 ], [ 79.4015478, 30.9764778 ], [ 79.4016747, 30.9761004 ], [ 79.4019566, 30.9752623 ], [ 79.4032994, 30.9749293 ], [ 79.4053355, 30.973556 ], [ 79.4064443, 30.9720484 ], [ 79.4077228, 30.9714891 ], [ 79.4081938, 30.9705897 ], [ 79.4079141, 30.9684391 ], [ 79.4078302, 30.9679052 ], [ 79.4082175, 30.9674242 ], [ 79.4095308, 30.9670103 ], [ 79.4108907, 30.9637772 ], [ 79.4150357, 30.9571147 ], [ 79.4178164, 30.955712 ], [ 79.4238685, 30.9526259 ], [ 79.4264306, 30.9499987 ], [ 79.4270735, 30.9497408 ], [ 79.4274764, 30.9492244 ], [ 79.4277609, 30.948429 ], [ 79.4281567, 30.948236 ], [ 79.4288825, 30.9477489 ], [ 79.4290218, 30.9473871 ], [ 79.4292791, 30.9467661 ], [ 79.4296683, 30.9463059 ], [ 79.4305231, 30.9456988 ], [ 79.43188, 30.9448088 ], [ 79.4323815, 30.9444963 ], [ 79.4329083, 30.9437365 ], [ 79.4332437, 30.9432634 ], [ 79.4335625, 30.9430117 ], [ 79.4336835, 30.9428358 ], [ 79.4336221, 30.9424231 ], [ 79.4335749, 30.9421567 ], [ 79.4339134, 30.9420499 ], [ 79.4339369, 30.9418483 ], [ 79.4339305, 30.941468 ], [ 79.4343601, 30.9413735 ], [ 79.4346954, 30.9411616 ], [ 79.4347884, 30.9406739 ], [ 79.435148, 30.9404952 ], [ 79.435932, 30.9402013 ], [ 79.4366752, 30.9394801 ], [ 79.4380111, 30.9384902 ], [ 79.4379616, 30.9380136 ], [ 79.4380023, 30.9376641 ], [ 79.4382706, 30.9373179 ], [ 79.4381611, 30.9369678 ], [ 79.4378558, 30.9365693 ], [ 79.4378735, 30.9362584 ], [ 79.4386596, 30.9351712 ], [ 79.4391048, 30.9345245 ], [ 79.4395837, 30.9339847 ], [ 79.4405529, 30.9337809 ], [ 79.4415013, 30.9334765 ], [ 79.4425564, 30.9324283 ], [ 79.4427291, 30.931736 ], [ 79.4432616, 30.9313067 ], [ 79.443474, 30.930919 ], [ 79.4437721, 30.9305685 ], [ 79.4437655, 30.9302655 ], [ 79.4438993, 30.9299539 ], [ 79.4442459, 30.9296435 ], [ 79.4447592, 30.9295835 ], [ 79.4450835, 30.9293772 ], [ 79.4453361, 30.9289893 ], [ 79.4452367, 30.9287105 ], [ 79.4451143, 30.92836 ], [ 79.4453779, 30.9280147 ], [ 79.4458519, 30.9277179 ], [ 79.4464989, 30.9276622 ], [ 79.4467699, 30.9274723 ], [ 79.4468644, 30.9268683 ], [ 79.4472868, 30.9265674 ], [ 79.447607, 30.9259381 ], [ 79.4480468, 30.9252464 ], [ 79.4483155, 30.9247284 ], [ 79.4481475, 30.9244456 ], [ 79.4478613, 30.9243193 ], [ 79.44791, 30.9240449 ], [ 79.4481552, 30.923584 ], [ 79.4482129, 30.9230848 ], [ 79.4481766, 30.9224504 ], [ 79.4481011, 30.9216807 ], [ 79.4484625, 30.9211122 ], [ 79.4489483, 30.9206653 ], [ 79.4489244, 30.9201057 ], [ 79.4487914, 30.9195633 ], [ 79.4492536, 30.918861 ], [ 79.449873, 30.918156 ], [ 79.4500705, 30.9170702 ], [ 79.4504418, 30.91652 ], [ 79.4513389, 30.9130871 ], [ 79.4531714, 30.9095129 ], [ 79.4572606, 30.9067008 ], [ 79.4588141, 30.9057943 ], [ 79.4594799, 30.904814 ], [ 79.4603497, 30.9042436 ], [ 79.4607321, 30.9035641 ], [ 79.4608951, 30.9023293 ], [ 79.4612289, 30.9015564 ], [ 79.4607723, 30.9005589 ], [ 79.4612099, 30.8993064 ], [ 79.4615293, 30.8987288 ], [ 79.4613536, 30.8979954 ], [ 79.4610139, 30.8972248 ], [ 79.460754, 30.8960753 ], [ 79.4610282, 30.8948501 ], [ 79.4611856, 30.8942665 ], [ 79.4609761, 30.8940005 ], [ 79.4607577, 30.8936007 ], [ 79.4606453, 30.8929169 ], [ 79.4603906, 30.8926655 ], [ 79.4603349, 30.8924037 ], [ 79.4607376, 30.8918912 ], [ 79.4606053, 30.8915755 ], [ 79.4605546, 30.8911903 ], [ 79.4607451, 30.8903101 ], [ 79.4612867, 30.8894222 ], [ 79.4616241, 30.8885226 ], [ 79.4622522, 30.8880696 ], [ 79.4622732, 30.8876629 ], [ 79.461999, 30.8869181 ], [ 79.4619697, 30.8859989 ], [ 79.4622975, 30.8852969 ], [ 79.4629316, 30.8848299 ], [ 79.4631911, 30.8834721 ], [ 79.4641111, 30.8819114 ], [ 79.4647034, 30.8815039 ], [ 79.4650333, 30.8807641 ], [ 79.4650291, 30.8785231 ], [ 79.465007, 30.8781873 ], [ 79.4654327, 30.8777017 ], [ 79.4657061, 30.8766485 ], [ 79.4656786, 30.8743755 ], [ 79.4647721, 30.8694904 ], [ 79.4643219, 30.8683513 ], [ 79.4638365, 30.8679822 ], [ 79.4636068, 30.8675267 ], [ 79.4636256, 30.866989 ], [ 79.4634229, 30.8663866 ], [ 79.4636573, 30.8658632 ], [ 79.4632237, 30.8651806 ], [ 79.4628812, 30.8648348 ], [ 79.4630044, 30.8642234 ], [ 79.4631185, 30.8637764 ], [ 79.4629962, 30.863321 ], [ 79.4636854, 30.8625909 ], [ 79.4641523, 30.8624322 ], [ 79.4672581, 30.8588066 ], [ 79.4679482, 30.8578989 ], [ 79.4684254, 30.8576249 ], [ 79.468521, 30.8573245 ], [ 79.4684888, 30.8569678 ], [ 79.4684778, 30.856736 ], [ 79.4685403, 30.8562482 ], [ 79.4687638, 30.8553915 ], [ 79.4728821, 30.8511704 ], [ 79.4748562, 30.8490887 ], [ 79.4773237, 30.848764 ], [ 79.4778471, 30.8476406 ], [ 79.480049, 30.8435068 ], [ 79.4836048, 30.8419108 ], [ 79.4865089, 30.8376032 ], [ 79.4907778, 30.8284172 ], [ 79.4898337, 30.8265193 ], [ 79.4907563, 30.8241976 ], [ 79.4911426, 30.8211756 ], [ 79.4903701, 30.8198119 ], [ 79.4907349, 30.8170846 ], [ 79.4915503, 30.8163844 ], [ 79.4917434, 30.8129014 ], [ 79.4927519, 30.8108742 ], [ 79.4928806, 30.8089575 ], [ 79.4932025, 30.807262 ], [ 79.4940179, 30.806746 ], [ 79.4935673, 30.8048108 ], [ 79.4944803, 30.7995132 ], [ 79.4954931, 30.7965767 ], [ 79.4953537, 30.7953961 ], [ 79.4942271, 30.7932957 ], [ 79.4942808, 30.7917649 ], [ 79.4933903, 30.7899225 ], [ 79.4931865, 30.7892395 ], [ 79.4937444, 30.788705 ], [ 79.4937014, 30.787857 ], [ 79.4930577, 30.787175 ], [ 79.4930148, 30.7862164 ], [ 79.492886, 30.7854975 ], [ 79.4920707, 30.7852025 ], [ 79.4917702, 30.7848523 ], [ 79.4920599, 30.7840053 ], [ 79.4919097, 30.7828439 ], [ 79.4915234, 30.7785117 ], [ 79.4933026, 30.7766929 ], [ 79.4930111, 30.7742926 ], [ 79.4931547, 30.7736207 ], [ 79.4938945, 30.7727611 ], [ 79.4947089, 30.7708811 ], [ 79.4949575, 30.770401 ] ] } },
{ "type": "Feature", "properties": { "full_id": "w297364639", "osm_id": "297364639", "osm_type": "way", "waterway": "stream", "intermittent": null, "alt_name": null, "wikidata": null, "name:uk": null, "layer": null, "width": null, "tunnel": null, "name:ml": null, "name:kn": null, "name:hi": null, "name:en": null, "name": "Pindar", "int_name": null, "boat": null }, "geometry": { "type": "LineString", "coordinates": [ [ 80.0085167, 30.2746945 ], [ 80.0079637, 30.2743495 ], [ 80.0072528, 30.2736953 ], [ 80.0070636, 30.2733219 ], [ 80.0067135, 30.2732635 ], [ 80.006535, 30.2734392 ], [ 80.0061956, 30.2735778 ], [ 80.0059007, 30.273421 ], [ 80.00558, 30.273421 ], [ 80.0052704, 30.273273 ], [ 80.0050326, 30.2731202 ], [ 80.0051117, 30.2724365 ], [ 80.0050767, 30.2712876 ], [ 80.0047645, 30.2705937 ] ] } },
{ "type": "Feature", "properties": { "full_id": "w297367788", "osm_id": "297367788", "osm_type": "way", "waterway": "stream", "intermittent": null, "alt_name": "Yong Gad", "wikidata": null, "name:uk": null, "layer": null, "width": null, "tunnel": null, "name:ml": null, "name:kn": null, "name:hi": null, "name:en": "Hoti River", "name": "Hoti River", "int_name": null, "boat": null }, "geometry": { "type": "LineString", "coordinates": [ [ 79.9835357, 30.8748649 ], [ 79.9807357, 30.8718322 ], [ 79.9769734, 30.86988 ], [ 79.9739802, 30.8680679 ], [ 79.9732694, 30.8676376 ], [ 79.9722478, 30.8662572 ], [ 79.9707033, 30.8652018 ], [ 79.9685762, 30.8639899 ], [ 79.9665732, 30.8630991 ], [ 79.9642682, 30.8614453 ], [ 79.9633834, 30.8601387 ] ] } },
{ "type": "Feature", "properties": { "full_id": "w297367790", "osm_id": "297367790", "osm_type": "way", "waterway": "river", "intermittent": null, "alt_name": null, "wikidata": null, "name:uk": null, "layer": null, "width": null, "tunnel": null, "name:ml": null, "name:kn": null, "name:hi": null, "name:en": null, "name": "Pindari River", "int_name": null, "boat": null }, "geometry": { "type": "LineString", "coordinates": [ [ 79.9958443, 30.2307754 ], [ 79.9962188, 30.2301723 ], [ 79.996264, 30.2297332 ], [ 79.9959992, 30.2294269 ], [ 79.9962331, 30.2290708 ], [ 79.9967337, 30.2287817 ], [ 79.9965881, 30.2282529 ], [ 79.9966268, 30.2278325 ], [ 79.9964827, 30.2272246 ], [ 79.9965932, 30.2265939 ], [ 79.9968365, 30.2262882 ], [ 79.9969416, 30.2260063 ], [ 79.9968752, 30.2258438 ], [ 79.9968255, 30.2256814 ], [ 79.9970024, 30.2252992 ], [ 79.9970632, 30.2250698 ], [ 79.9970885, 30.2248336 ], [ 79.9971718, 30.2247353 ], [ 79.9974177, 30.2243828 ], [ 79.9974907, 30.2236945 ], [ 79.9973316, 30.2232115 ], [ 79.9971932, 30.2229631 ], [ 79.9971149, 30.2227438 ], [ 79.9970079, 30.2224516 ], [ 79.9973231, 30.2223465 ], [ 79.9973839, 30.2221841 ], [ 79.9972181, 30.2218209 ], [ 79.9969914, 30.2217206 ], [ 79.9966762, 30.221668 ], [ 79.9965767, 30.2215199 ], [ 79.9966872, 30.2209896 ], [ 79.9965158, 30.2206838 ], [ 79.9965435, 30.2201248 ], [ 79.9960845, 30.2196231 ], [ 79.9959518, 30.2191405 ], [ 79.9956698, 30.2187296 ], [ 79.9956588, 30.2180129 ], [ 79.9957196, 30.2175781 ], [ 79.9955205, 30.2172006 ], [ 79.9956919, 30.216761 ], [ 79.9959242, 30.2164552 ], [ 79.995891, 30.2161781 ], [ 79.9961324, 30.2159728 ], [ 79.9962449, 30.2158771 ], [ 79.9962525, 30.2152452 ], [ 79.9961585, 30.214538 ], [ 79.996153, 30.213439 ], [ 79.9960313, 30.2126744 ], [ 79.9961309, 30.2120437 ], [ 79.9960921, 30.2117618 ], [ 79.9957383, 30.2114512 ], [ 79.9955834, 30.2113031 ], [ 79.9956387, 30.2109829 ], [ 79.9959152, 30.2106245 ], [ 79.9961198, 30.2103713 ], [ 79.9960037, 30.2097214 ], [ 79.996446, 30.2091384 ], [ 79.9965622, 30.2088087 ], [ 79.996341, 30.208393 ], [ 79.9963907, 30.2079677 ], [ 79.9968552, 30.2070789 ], [ 79.9967612, 30.2067061 ], [ 79.9970709, 30.2060562 ], [ 79.9972754, 30.2057361 ], [ 79.9971704, 30.2055115 ], [ 79.9971206, 30.2051531 ], [ 79.9966174, 30.2047516 ], [ 79.9960092, 30.2039775 ], [ 79.9960534, 30.2034901 ], [ 79.9958544, 30.2029883 ], [ 79.9958323, 30.2023336 ], [ 79.9959705, 30.2008282 ], [ 79.9962359, 30.1997864 ], [ 79.9961917, 30.1995523 ], [ 79.9962414, 30.1991269 ], [ 79.9960424, 30.1985009 ], [ 79.9960258, 30.1979035 ], [ 79.9958544, 30.1974208 ], [ 79.995965, 30.196962 ], [ 79.9958046, 30.1962738 ], [ 79.9959041, 30.1959823 ], [ 79.9961152, 30.1957101 ], [ 79.9962414, 30.1955474 ], [ 79.9963023, 30.1951603 ], [ 79.9960313, 30.194711 ], [ 79.995871, 30.1940037 ], [ 79.9957106, 30.1930479 ], [ 79.9958046, 30.192331 ], [ 79.9955171, 30.1917813 ], [ 79.9955558, 30.1907012 ], [ 79.99513, 30.1898648 ], [ 79.9950913, 30.1892817 ], [ 79.9954784, 30.1887177 ], [ 79.9958765, 30.188235 ], [ 79.9959981, 30.1874942 ], [ 79.9959484, 30.1869397 ], [ 79.9957106, 30.1866243 ], [ 79.9958575, 30.1858073 ], [ 79.9956215, 30.1849432 ], [ 79.9960546, 30.1848447 ], [ 79.996188, 30.1845571 ], [ 79.99604, 30.1841367 ], [ 79.9959194, 30.1837879 ], [ 79.9959539, 30.1836609 ], [ 79.9960369, 30.1835127 ], [ 79.9962303, 30.183355 ], [ 79.9961309, 30.1828625 ], [ 79.9963459, 30.1819477 ], [ 79.9962982, 30.1815592 ], [ 79.9962746, 30.1813666 ], [ 79.9965175, 30.1810577 ], [ 79.9961634, 30.1795169 ], [ 79.9956244, 30.1791475 ], [ 79.9947905, 30.1781497 ], [ 79.9932433, 30.1774928 ], [ 79.9929099, 30.1773618 ], [ 79.9921692, 30.1768094 ], [ 79.9918271, 30.1766493 ], [ 79.9907426, 30.1758621 ], [ 79.9904419, 30.1752344 ], [ 79.9905407, 30.1747428 ], [ 79.9897962, 30.1741844 ], [ 79.9893498, 30.1733576 ], [ 79.9891007, 30.1728772 ], [ 79.9881541, 30.1710519 ], [ 79.9879315, 30.1706227 ], [ 79.9872046, 30.1695361 ], [ 79.9865416, 30.1693678 ], [ 79.9862299, 30.1690343 ], [ 79.9853126, 30.1686563 ], [ 79.9851506, 30.1680344 ], [ 79.98509, 30.1667539 ], [ 79.9833009, 30.1647484 ], [ 79.9825955, 30.163108 ], [ 79.9824174, 30.1622536 ], [ 79.981903, 30.1613075 ], [ 79.9814867, 30.1611396 ], [ 79.9807432, 30.1609021 ], [ 79.9805506, 30.1605788 ], [ 79.9802625, 30.1598608 ], [ 79.9763846, 30.155473 ], [ 79.9763202, 30.1546677 ], [ 79.9758288, 30.1535786 ], [ 79.9752119, 30.1526982 ], [ 79.9739652, 30.1526064 ], [ 79.9727389, 30.1526091 ], [ 79.9714976, 30.1508205 ], [ 79.971238, 30.1501405 ], [ 79.9704054, 30.149556 ], [ 79.9700471, 30.1491394 ], [ 79.9702016, 30.1488806 ], [ 79.9704612, 30.1484306 ], [ 79.97034, 30.1480962 ], [ 79.969693, 30.1478944 ], [ 79.9690053, 30.147835 ], [ 79.968162, 30.1474203 ], [ 79.9676057, 30.1469063 ], [ 79.967353, 30.1464921 ], [ 79.9674217, 30.1459823 ], [ 79.9675784, 30.145408 ], [ 79.9680397, 30.1448615 ], [ 79.9686705, 30.1445062 ], [ 79.9681234, 30.1438409 ], [ 79.9670226, 30.1431358 ], [ 79.9664797, 30.1421765 ], [ 79.9661321, 30.1411039 ], [ 79.9653832, 30.1406307 ], [ 79.9645399, 30.1390608 ], [ 79.9629585, 30.1375484 ], [ 79.9621946, 30.1368284 ], [ 79.9615938, 30.1357874 ], [ 79.9607977, 30.1341432 ], [ 79.960614, 30.133963 ] ] } },
{ "type": "Feature", "properties": { "full_id": "w297367791", "osm_id": "297367791", "osm_type": "way", "waterway": "stream", "intermittent": null, "alt_name": null, "wikidata": null, "name:uk": null, "layer": null, "width": null, "tunnel": null, "name:ml": null, "name:kn": null, "name:hi": null, "name:en": null, "name": "Pindari River", "int_name": null, "boat": null }, "geometry": { "type": "LineString", "coordinates": [ [ 80.0047645, 30.2705937 ], [ 80.0045753, 30.2702919 ], [ 80.0046323, 30.2696032 ], [ 80.0034331, 30.2688563 ], [ 80.0029176, 30.2683803 ], [ 80.000806, 30.2673247 ], [ 79.9985058, 30.2663982 ], [ 79.9976874, 30.2651565 ], [ 79.9965152, 30.2645738 ], [ 79.9956305, 30.2632748 ], [ 79.9957632, 30.2623769 ], [ 79.99479, 30.2602182 ], [ 79.9940269, 30.2595305 ], [ 79.9938531, 30.2588686 ], [ 79.9939191, 30.2576256 ], [ 79.9935846, 30.2569909 ], [ 79.992916, 30.2559817 ], [ 79.9933886, 30.2538961 ], [ 79.9927293, 30.2525844 ], [ 79.9925803, 30.2518729 ], [ 79.9928519, 30.2515496 ], [ 79.9929356, 30.2510826 ], [ 79.9928138, 30.2506321 ], [ 79.9928012, 30.2502817 ], [ 79.9930658, 30.24965 ], [ 79.993206, 30.2491883 ], [ 79.9934644, 30.2487821 ], [ 79.9930973, 30.2479504 ], [ 79.9926885, 30.2475624 ], [ 79.9923923, 30.2472207 ], [ 79.9924028, 30.2467762 ], [ 79.9926602, 30.2461647 ], [ 79.9930034, 30.2453076 ], [ 79.9932844, 30.244691 ], [ 79.9930705, 30.2442209 ], [ 79.9931007, 30.2435356 ], [ 79.9934979, 30.242737 ], [ 79.9935946, 30.2424586 ], [ 79.9935625, 30.241828 ], [ 79.9937772, 30.2409189 ], [ 79.9940406, 30.2402414 ], [ 79.9946258, 30.2393323 ], [ 79.994595, 30.2388858 ], [ 79.9947728, 30.2382547 ], [ 79.9951222, 30.237568 ], [ 79.995241, 30.2371445 ], [ 79.9952418, 30.2367211 ], [ 79.9951299, 30.2361586 ], [ 79.9955598, 30.235712 ], [ 79.9955637, 30.2343661 ], [ 79.995635, 30.2339768 ], [ 79.9954829, 30.2336755 ], [ 79.9957233, 30.2332004 ], [ 79.9955377, 30.2324994 ], [ 79.9955362, 30.2318708 ], [ 79.9957492, 30.2310893 ], [ 79.9958443, 30.2307754 ] ] } },
{ "type": "Feature", "properties": { "full_id": "w297367792", "osm_id": "297367792", "osm_type": "way", "waterway": "stream", "intermittent": null, "alt_name": "Yong Gad", "wikidata": null, "name:uk": null, "layer": null, "width": null, "tunnel": null, "name:ml": null, "name:kn": null, "name:hi": null, "name:en": "Hoti River", "name": "Hoti River", "int_name": null, "boat": null }, "geometry": { "type": "LineString", "coordinates": [ [ 79.9633834, 30.8601387 ], [ 79.962396, 30.8597722 ], [ 79.9618089, 30.8596653 ], [ 79.961462, 30.8592758 ], [ 79.9609816, 30.8585504 ], [ 79.9611595, 30.85797 ], [ 79.9608331, 30.8575436 ], [ 79.9604557, 30.8562693 ], [ 79.960727, 30.854309 ], [ 79.9607576, 30.8540877 ], [ 79.9616131, 30.8531481 ], [ 79.9621648, 30.8529228 ], [ 79.9626446, 30.8527269 ], [ 79.9636007, 30.8524569 ], [ 79.9638146, 30.8521005 ], [ 79.9637014, 30.8514309 ], [ 79.9641543, 30.8509449 ], [ 79.9657845, 30.8502898 ], [ 79.9669075, 30.8493135 ], [ 79.9667787, 30.8482081 ], [ 79.9675727, 30.8475449 ], [ 79.9683022, 30.8466054 ], [ 79.9687958, 30.8458501 ], [ 79.9687743, 30.8451869 ], [ 79.9693322, 30.8438604 ], [ 79.9699116, 30.8433077 ], [ 79.9699545, 30.8427551 ], [ 79.9693322, 30.8412812 ], [ 79.9707699, 30.8401942 ], [ 79.9718857, 30.8385545 ], [ 79.9726796, 30.8366568 ], [ 79.973495, 30.8356619 ], [ 79.97298, 30.8345564 ], [ 79.9730873, 30.8337458 ], [ 79.9746537, 30.832714 ], [ 79.9748039, 30.8315348 ], [ 79.9745035, 30.8303555 ], [ 79.9747181, 30.8291579 ], [ 79.9754905, 30.8281444 ], [ 79.9762452, 30.8278072 ], [ 79.9770677, 30.8270021 ], [ 79.9786019, 30.8258596 ], [ 79.98137, 30.8235931 ], [ 79.9818402, 30.8232254 ], [ 79.9827003, 30.8228929 ], [ 79.983201, 30.8220607 ], [ 79.9842238, 30.8205158 ], [ 79.9855327, 30.8193918 ], [ 79.9858439, 30.8181049 ], [ 79.9865484, 30.8169838 ], [ 79.9872064, 30.8149875 ], [ 79.9874462, 30.8144351 ], [ 79.9875498, 30.8129419 ], [ 79.9875283, 30.8111174 ], [ 79.9873798, 30.8101163 ], [ 79.986906, 30.8095509 ] ] } },
{ "type": "Feature", "properties": { "full_id": "w297367800", "osm_id": "297367800", "osm_type": "way", "waterway": "stream", "intermittent": null, "alt_name": "Yong Gad", "wikidata": null, "name:uk": null, "layer": null, "width": null, "tunnel": null, "name:ml": null, "name:kn": null, "name:hi": null, "name:en": "Hoti River", "name": "Hoti River", "int_name": null, "boat": null }, "geometry": { "type": "LineString", "coordinates": [ [ 79.986906, 30.8095509 ], [ 79.9872064, 30.8088875 ], [ 79.9882686, 30.8080121 ], [ 79.9888801, 30.8072288 ], [ 79.990983, 30.805994 ], [ 79.9924207, 30.8052383 ], [ 79.993751, 30.8048697 ], [ 79.9944484, 30.8042523 ], [ 79.9947381, 30.8041786 ], [ 79.995178, 30.8036257 ], [ 79.9956608, 30.802483 ], [ 79.996165, 30.8023263 ], [ 79.9961436, 30.8018563 ], [ 79.9963903, 30.8014232 ], [ 79.9971843, 30.7997091 ], [ 79.9974525, 30.7995432 ], [ 79.9977207, 30.7993589 ], [ 79.9974203, 30.7989442 ], [ 79.9984503, 30.797313 ], [ 79.9996841, 30.796714 ], [ 80.0007033, 30.7964743 ], [ 80.0014114, 30.7960412 ], [ 80.0022912, 30.7957924 ], [ 80.0039327, 30.7942164 ], [ 80.0056708, 30.7932763 ], [ 80.0068939, 30.7926681 ], [ 80.0076878, 30.7915437 ], [ 80.0084817, 30.7905944 ], [ 80.008868, 30.7898755 ], [ 80.0096619, 30.7899308 ], [ 80.0108281, 30.7895991 ], [ 80.0118291, 30.7890736 ], [ 80.0126552, 30.7882994 ], [ 80.0125801, 30.7875529 ], [ 80.0131488, 30.7868339 ], [ 80.0137925, 30.786668 ], [ 80.013771, 30.7860505 ], [ 80.0149941, 30.7828706 ], [ 80.0149941, 30.7825756 ], [ 80.0149941, 30.7822623 ], [ 80.0142753, 30.781617 ], [ 80.0144255, 30.7808612 ], [ 80.0144791, 30.7795984 ], [ 80.0140285, 30.7790361 ], [ 80.0131595, 30.7779484 ], [ 80.013138, 30.7767778 ], [ 80.0128591, 30.7749065 ], [ 80.0126552, 30.7739479 ], [ 80.0129878, 30.7730537 ], [ 80.0143075, 30.77121 ], [ 80.0147366, 30.7709519 ], [ 80.0154018, 30.7695784 ], [ 80.0162065, 30.7679559 ], [ 80.0167322, 30.7667298 ], [ 80.0163996, 30.7634294 ], [ 80.0167322, 30.7620373 ], [ 80.0171935, 30.7615855 ], [ 80.0172043, 30.7610969 ], [ 80.0175798, 30.7606728 ], [ 80.0180411, 30.7596034 ], [ 80.0190711, 30.7587828 ], [ 80.0197899, 30.7586261 ], [ 80.0200689, 30.7582112 ], [ 80.0209808, 30.7577133 ], [ 80.0220108, 30.7574183 ], [ 80.0219357, 30.7567176 ], [ 80.0217426, 30.7555098 ], [ 80.0220215, 30.7549566 ], [ 80.0220931, 30.7539824 ], [ 80.0223756, 30.7537672 ], [ 80.022583, 30.7531556 ], [ 80.0225197, 30.7527795 ], [ 80.0221288, 30.7520615 ], [ 80.0224614, 30.7517849 ], [ 80.0234914, 30.750448 ], [ 80.0237381, 30.7495075 ], [ 80.0235021, 30.7485946 ], [ 80.0238454, 30.7474974 ], [ 80.0242424, 30.7461327 ], [ 80.0239956, 30.7454688 ], [ 80.0242317, 30.7435232 ], [ 80.0243926, 30.7424443 ], [ 80.0246, 30.7414731 ], [ 80.024693, 30.7407753 ], [ 80.0250694, 30.7402853 ], [ 80.0251583, 30.7400871 ], [ 80.0251222, 30.7397794 ], [ 80.0249612, 30.7394105 ], [ 80.0250149, 30.739097 ], [ 80.025723, 30.7384515 ], [ 80.0259805, 30.7374648 ], [ 80.0263238, 30.7368654 ], [ 80.026356, 30.7357864 ], [ 80.0257873, 30.7349841 ], [ 80.0256251, 30.7347435 ], [ 80.0256203, 30.7345028 ], [ 80.0256836, 30.7338283 ] ] } },
{ "type": "Feature", "properties": { "full_id": "w297368686", "osm_id": "297368686", "osm_type": "way", "waterway": "river", "intermittent": null, "alt_name": null, "wikidata": null, "name:uk": null, "layer": null, "width": null, "tunnel": null, "name:ml": null, "name:kn": null, "name:hi": null, "name:en": null, "name": "Dhauli Ganga", "int_name": null, "boat": null }, "geometry": { "type": "LineString", "coordinates": [ [ 79.6902371, 30.4877383 ], [ 79.6900177, 30.4875863 ], [ 79.6893954, 30.4874754 ], [ 79.6876037, 30.4881503 ], [ 79.6859407, 30.4879747 ], [ 79.6843229, 30.4883203 ], [ 79.6826363, 30.4878082 ], [ 79.6813214, 30.4877811 ], [ 79.6806943, 30.487836 ], [ 79.678184, 30.4890578 ], [ 79.6775508, 30.4891026 ], [ 79.6755338, 30.488742 ], [ 79.6752, 30.488747 ], [ 79.6736884, 30.4887698 ], [ 79.6718109, 30.488705 ], [ 79.6704483, 30.4888622 ], [ 79.6689999, 30.4893984 ], [ 79.6671116, 30.4899254 ], [ 79.6659507, 30.4898934 ], [ 79.6653521, 30.4898515 ], [ 79.6644401, 30.4894262 ], [ 79.6637535, 30.4891118 ], [ 79.6630347, 30.4892967 ], [ 79.6614361, 30.4898792 ], [ 79.6604168, 30.4897498 ], [ 79.6596658, 30.4896018 ], [ 79.6590543, 30.4898052 ], [ 79.658314, 30.4899994 ], [ 79.6575679, 30.4898934 ], [ 79.6557712, 30.489759 ], [ 79.6550846, 30.4898607 ], [ 79.6537757, 30.4901658 ], [ 79.6530032, 30.4901935 ], [ 79.6527564, 30.4903692 ], [ 79.6524024, 30.4908592 ], [ 79.6515441, 30.4912752 ], [ 79.6499991, 30.4916265 ], [ 79.6481001, 30.4921258 ], [ 79.6466195, 30.4921165 ], [ 79.6459544, 30.4921535 ], [ 79.6455229, 30.4920378 ], [ 79.6448707, 30.4922275 ], [ 79.6442914, 30.4924586 ], [ 79.6436798, 30.4927822 ], [ 79.6429825, 30.4928469 ], [ 79.6416148, 30.4928458 ], [ 79.6404826, 30.4933276 ], [ 79.6396672, 30.4938176 ], [ 79.6391415, 30.4939655 ], [ 79.638648, 30.4939285 ], [ 79.6372747, 30.4934848 ], [ 79.6366846, 30.4933276 ], [ 79.6360516, 30.4930965 ], [ 79.6349895, 30.4924401 ], [ 79.6346033, 30.4924124 ], [ 79.634026, 30.4924889 ], [ 79.6337664, 30.4925233 ], [ 79.6328223, 30.4923939 ], [ 79.6319961, 30.4924863 ], [ 79.6311593, 30.4927544 ], [ 79.630655, 30.4930225 ], [ 79.6299898, 30.4934718 ], [ 79.6297163, 30.4935125 ], [ 79.628799, 30.4931381 ], [ 79.6281016, 30.4932629 ], [ 79.6270975, 30.4936265 ], [ 79.6258225, 30.4944354 ], [ 79.6251074, 30.4945872 ], [ 79.6239379, 30.4951935 ], [ 79.6227141, 30.4962083 ], [ 79.6225563, 30.4965406 ], [ 79.6225805, 30.4969164 ], [ 79.623671, 30.4994622 ], [ 79.623254, 30.5001959 ], [ 79.6222847, 30.5009811 ], [ 79.6221377, 30.5011001 ], [ 79.6209559, 30.502635 ], [ 79.6201107, 30.503824 ], [ 79.6195094, 30.5051753 ], [ 79.6190259, 30.5054904 ], [ 79.6183006, 30.5059978 ], [ 79.6178295, 30.5066654 ], [ 79.6178481, 30.5071888 ], [ 79.6176615, 30.5075416 ], [ 79.6164409, 30.5084652 ], [ 79.6161558, 30.5090901 ], [ 79.6158954, 30.5097737 ], [ 79.6155607, 30.5099873 ], [ 79.6154491, 30.5102223 ], [ 79.6151197, 30.5104569 ], [ 79.6151304, 30.5110208 ], [ 79.6150982, 30.5119266 ], [ 79.6146595, 30.5129694 ], [ 79.6136309, 30.5137499 ], [ 79.6132204, 30.514825 ], [ 79.6122829, 30.516604 ], [ 79.61113, 30.5180092 ], [ 79.6107056, 30.5188032 ], [ 79.6096275, 30.5201573 ], [ 79.6093536, 30.5212355 ], [ 79.6091789, 30.5222525 ], [ 79.6093878, 30.5236881 ], [ 79.609403, 30.5245909 ], [ 79.6092475, 30.5253461 ], [ 79.6083009, 30.5266885 ], [ 79.607019, 30.5279085 ], [ 79.6060402, 30.5287661 ], [ 79.6056152, 30.5293389 ], [ 79.6054039, 30.5302228 ], [ 79.6043346, 30.5315755 ], [ 79.6036513, 30.5319273 ], [ 79.6033716, 30.5326752 ], [ 79.6033072, 30.5334515 ], [ 79.6030926, 30.5342462 ], [ 79.6015318, 30.5366198 ], [ 79.5983934, 30.5382752 ], [ 79.5972562, 30.5395504 ], [ 79.5952042, 30.5408397 ], [ 79.5950858, 30.5411173 ], [ 79.5945954, 30.5422671 ], [ 79.5943885, 30.5424644 ], [ 79.5933021, 30.5435007 ], [ 79.5925998, 30.5441706 ], [ 79.5886824, 30.5483561 ], [ 79.5868921, 30.5503428 ], [ 79.5865219, 30.5516089 ], [ 79.5851057, 30.5534937 ], [ 79.5841048, 30.555119 ], [ 79.5831423, 30.5556371 ], [ 79.5826488, 30.5560806 ], [ 79.5821339, 30.5562469 ], [ 79.5819354, 30.5567178 ], [ 79.5813077, 30.5571523 ], [ 79.5806855, 30.5577251 ], [ 79.579972, 30.5585471 ], [ 79.5795589, 30.5586213 ], [ 79.5790547, 30.5594712 ], [ 79.5787643, 30.5604969 ], [ 79.5784539, 30.5607274 ], [ 79.5780194, 30.5608382 ], [ 79.5777726, 30.5611896 ], [ 79.5772683, 30.5616192 ], [ 79.5763778, 30.5620026 ], [ 79.5755586, 30.5624925 ] ] } },
{ "type": "Feature", "properties": { "full_id": "w329047784", "osm_id": "329047784", "osm_type": "way", "waterway": "river", "intermittent": null, "alt_name": null, "wikidata": null, "name:uk": null, "layer": null, "width": null, "tunnel": null, "name:ml": null, "name:kn": "ರಾಮಗಂಗಾ", "name:hi": null, "name:en": "Ramganga River", "name": "Ramganga", "int_name": null, "boat": null }, "geometry": { "type": "LineString", "coordinates": [ [ 78.8323869, 28.7481915 ], [ 78.8323998, 28.7479941 ], [ 78.8324698, 28.7477382 ], [ 78.8325632, 28.7475438 ], [ 78.8327617, 28.7471753 ], [ 78.8330126, 28.746812 ], [ 78.8334445, 28.7462236 ], [ 78.8349794, 28.7451746 ], [ 78.8369288, 28.7443559 ], [ 78.8404539, 28.7426877 ], [ 78.8413293, 28.742002 ], [ 78.8423682, 28.7408762 ], [ 78.8427884, 28.7402826 ], [ 78.8434187, 28.7385222 ], [ 78.8436405, 28.7377648 ], [ 78.843979, 28.7358202 ], [ 78.8444926, 28.7345613 ], [ 78.8468388, 28.7328315 ], [ 78.8489398, 28.731634 ], [ 78.8497452, 28.7309789 ], [ 78.8502588, 28.7301498 ], [ 78.8504572, 28.7289113 ], [ 78.8501187, 28.7272224 ], [ 78.8498153, 28.726598 ], [ 78.8491616, 28.7259327 ], [ 78.8487414, 28.7256666 ], [ 78.8484262, 28.7255233 ], [ 78.8478426, 28.7254516 ], [ 78.8460684, 28.7255744 ], [ 78.8450178, 28.726076 ], [ 78.8442825, 28.7269358 ], [ 78.8436755, 28.7280003 ], [ 78.8428117, 28.7288192 ], [ 78.8423331, 28.7290956 ], [ 78.8415861, 28.7293515 ], [ 78.8404188, 28.7294026 ], [ 78.839345, 28.7292491 ], [ 78.8384929, 28.7289318 ], [ 78.8383762, 28.7288704 ], [ 78.8371038, 28.7277649 ], [ 78.8365202, 28.7268232 ], [ 78.8363451, 28.7260453 ], [ 78.836116, 28.7224606 ], [ 78.8359368, 28.7219681 ], [ 78.8354946, 28.7213288 ], [ 78.8349329, 28.7208152 ], [ 78.8339649, 28.7202178 ], [ 78.8331283, 28.71983 ], [ 78.8325188, 28.719327 ], [ 78.832232, 28.7187401 ], [ 78.832244, 28.7183104 ], [ 78.8323276, 28.7180798 ], [ 78.8325308, 28.7177654 ], [ 78.8326264, 28.717671 ], [ 78.8328296, 28.7175453 ], [ 78.8330566, 28.7174719 ], [ 78.8335705, 28.717409 ], [ 78.834168, 28.7174719 ], [ 78.8353034, 28.7179435 ], [ 78.8382791, 28.7198825 ], [ 78.8383986, 28.7199453 ], [ 78.8387213, 28.7200711 ], [ 78.8391874, 28.7201235 ], [ 78.8395698, 28.7201235 ], [ 78.8399761, 28.7200711 ], [ 78.8428084, 28.7183523 ], [ 78.8431828, 28.7179501 ], [ 78.8437036, 28.7172546 ], [ 78.8440943, 28.7164137 ], [ 78.8439641, 28.7153341 ], [ 78.8435971, 28.7139845 ], [ 78.8427093, 28.7108597 ], [ 78.8423897, 28.7097384 ], [ 78.8421648, 28.7082227 ], [ 78.8420464, 28.7071533 ], [ 78.8421767, 28.7066238 ], [ 78.8429579, 28.7057413 ], [ 78.8440469, 28.7050769 ], [ 78.844982, 28.7048277 ], [ 78.8462013, 28.704755 ], [ 78.8475033, 28.7050249 ], [ 78.8503679, 28.7056583 ], [ 78.8512202, 28.7058555 ], [ 78.85341, 28.7056687 ], [ 78.8545345, 28.7044124 ], [ 78.8547831, 28.7034987 ], [ 78.854937, 28.7029692 ], [ 78.8548186, 28.7017233 ], [ 78.854615, 28.7003013 ], [ 78.8546379, 28.6994265 ], [ 78.8549933, 28.6985316 ], [ 78.855704, 28.6977774 ], [ 78.8564721, 28.6975361 ], [ 78.8578133, 28.6978579 ], [ 78.8586846, 28.6988835 ], [ 78.859659, 28.7001304 ], [ 78.8603354, 28.7021816 ], [ 78.8611301, 28.7049936 ], [ 78.8614224, 28.7059437 ], [ 78.8621504, 28.7072961 ], [ 78.8626892, 28.7083166 ], [ 78.8635375, 28.7095533 ], [ 78.8642425, 28.7103828 ], [ 78.865343, 28.7112827 ], [ 78.8663919, 28.7121121 ], [ 78.867693, 28.7125243 ], [ 78.8687878, 28.71264 ], [ 78.869189, 28.7127053 ], [ 78.8701749, 28.7124439 ], [ 78.8709946, 28.7121926 ], [ 78.8715334, 28.7116748 ], [ 78.8724734, 28.7108805 ], [ 78.873316, 28.709488 ], [ 78.8739178, 28.7086183 ], [ 78.8745196, 28.7072157 ], [ 78.8748865, 28.705617 ], [ 78.8747145, 28.7041288 ], [ 78.8745082, 28.7020977 ], [ 78.8741757, 28.700871 ], [ 78.8741299, 28.6995437 ], [ 78.874256, 28.6987292 ], [ 78.8735452, 28.6978645 ], [ 78.872353, 28.6962958 ], [ 78.871711, 28.6948478 ], [ 78.8721352, 28.6941439 ], [ 78.8725823, 28.6935405 ], [ 78.8738318, 28.6924545 ], [ 78.8753221, 28.6915494 ], [ 78.877397, 28.6907047 ], [ 78.8798617, 28.68987 ], [ 78.8810195, 28.6897896 ], [ 78.8822003, 28.6895181 ], [ 78.8834842, 28.6890555 ], [ 78.8843325, 28.6888644 ], [ 78.8855133, 28.6887337 ], [ 78.8874277, 28.6886029 ], [ 78.8893651, 28.6886029 ], [ 78.8907178, 28.6888041 ], [ 78.8927124, 28.6896287 ], [ 78.8964725, 28.6932489 ], [ 78.897894, 28.6947774 ], [ 78.8988226, 28.6957528 ], [ 78.8994874, 28.696145 ], [ 78.9006223, 28.6962053 ], [ 78.901555, 28.6956143 ], [ 78.9023169, 28.6944198 ], [ 78.902398, 28.693538 ], [ 78.9018954, 28.6928554 ], [ 78.9005823, 28.6915471 ], [ 78.9002418, 28.6911062 ], [ 78.9000797, 28.6905658 ], [ 78.8999824, 28.6895703 ], [ 78.9004688, 28.6884041 ], [ 78.9008092, 28.6874512 ], [ 78.9013929, 28.6865836 ], [ 78.9021386, 28.6848201 ], [ 78.9018792, 28.6831987 ], [ 78.9012632, 28.6822743 ], [ 78.9011821, 28.6820894 ], [ 78.9001445, 28.6813782 ], [ 78.8978424, 28.6804679 ], [ 78.8955241, 28.6798421 ], [ 78.8938705, 28.6781496 ], [ 78.8925087, 28.6749777 ], [ 78.8916494, 28.6724743 ], [ 78.8911793, 28.6716209 ], [ 78.8904659, 28.6706252 ], [ 78.8902714, 28.6696864 ], [ 78.8902228, 28.6688045 ], [ 78.890855, 28.6683208 ], [ 78.8924114, 28.6681786 ], [ 78.8940164, 28.6680363 ], [ 78.8959456, 28.6682355 ], [ 78.8979727, 28.6689346 ], [ 78.9016042, 28.67067 ], [ 78.9034524, 28.670926 ], [ 78.9045872, 28.6710114 ], [ 78.9088348, 28.6699303 ], [ 78.9115908, 28.668138 ], [ 78.913439, 28.6660897 ], [ 78.915579, 28.6633869 ], [ 78.9168111, 28.6611677 ], [ 78.9175244, 28.6597167 ], [ 78.9184971, 28.6572414 ], [ 78.9191781, 28.656274 ], [ 78.9210911, 28.6551359 ], [ 78.9222583, 28.6546807 ], [ 78.9234256, 28.6552497 ], [ 78.9239444, 28.6572129 ], [ 78.9237823, 28.6587494 ], [ 78.9247874, 28.665037 ], [ 78.9254359, 28.6666587 ], [ 78.9263762, 28.667882 ], [ 78.9276083, 28.6689631 ], [ 78.9289701, 28.6691907 ], [ 78.9303644, 28.6687639 ], [ 78.9318234, 28.6677113 ], [ 78.9348389, 28.6657198 ], [ 78.9368168, 28.6648379 ], [ 78.9379192, 28.6646956 ], [ 78.9389243, 28.6649517 ], [ 78.9414858, 28.6658336 ], [ 78.9425558, 28.6658905 ], [ 78.943561, 28.6658336 ], [ 78.9454416, 28.6648094 ], [ 78.94716, 28.6619359 ], [ 78.9482624, 28.660428 ], [ 78.9508564, 28.6584364 ], [ 78.9523479, 28.6567862 ], [ 78.9529964, 28.6553066 ], [ 78.953353, 28.6537133 ], [ 78.9532233, 28.6522337 ], [ 78.9512779, 28.6504411 ], [ 78.9496567, 28.6487338 ], [ 78.9494946, 28.6472542 ], [ 78.9489109, 28.6449208 ], [ 78.9494297, 28.6410793 ], [ 78.9507915, 28.637636 ], [ 78.9529964, 28.6341356 ], [ 78.9553309, 28.6324565 ], [ 78.9571466, 28.631062 ], [ 78.9609078, 28.6299806 ], [ 78.9650905, 28.6296675 ], [ 78.967652, 28.6299521 ], [ 78.9738493, 28.6309536 ], [ 78.9751786, 28.6307544 ], [ 78.9770268, 28.6300714 ], [ 78.981015, 28.6289045 ], [ 78.985911, 28.6285346 ], [ 78.9894998, 28.6275486 ], [ 78.9907014, 28.6273697 ], [ 78.9938021, 28.6267105 ], [ 78.9956796, 28.6264656 ], [ 78.9980078, 28.6260607 ], [ 78.9992094, 28.6255145 ], [ 79.0004861, 28.6246386 ], [ 79.0016985, 28.6233296 ], [ 79.0023422, 28.6221241 ], [ 79.0026641, 28.6213048 ], [ 79.0027606, 28.6199486 ], [ 79.0027928, 28.6187808 ], [ 79.0026212, 28.6173681 ], [ 79.0028787, 28.6164262 ], [ 79.003104, 28.6153996 ], [ 79.0033185, 28.6145802 ], [ 79.0036404, 28.6140716 ], [ 79.0041983, 28.6136666 ], [ 79.0048957, 28.6134218 ], [ 79.005754, 28.6133558 ], [ 79.007889, 28.6135348 ], [ 79.0091336, 28.6139021 ], [ 79.0103137, 28.614957 ], [ 79.0113222, 28.6164262 ], [ 79.011569, 28.6175187 ], [ 79.0115261, 28.6191952 ], [ 79.0118158, 28.6219923 ], [ 79.0121055, 28.6234049 ], [ 79.0124059, 28.624309 ], [ 79.0129208, 28.6251754 ], [ 79.0146482, 28.6269647 ], [ 79.0166223, 28.6283397 ], [ 79.0181458, 28.6292437 ], [ 79.0196478, 28.6302984 ], [ 79.0206242, 28.6310894 ], [ 79.0213215, 28.6317675 ], [ 79.0223408, 28.633067 ], [ 79.0231454, 28.634084 ], [ 79.024229, 28.6350539 ], [ 79.0249371, 28.6352705 ], [ 79.0253234, 28.6352705 ], [ 79.0258491, 28.6351481 ], [ 79.0267289, 28.6347149 ], [ 79.0273619, 28.6342535 ], [ 79.0276623, 28.6339239 ], [ 79.0297925, 28.6307556 ], [ 79.0306638, 28.6285218 ], [ 79.0312369, 28.6260867 ], [ 79.0322457, 28.6245975 ], [ 79.0353868, 28.6221422 ], [ 79.0382527, 28.6202906 ], [ 79.0391239, 28.6189422 ], [ 79.0389176, 28.6169295 ], [ 79.0379546, 28.6152389 ], [ 79.0365561, 28.6143131 ], [ 79.0345843, 28.6134275 ], [ 79.030893, 28.6125217 ], [ 79.0293798, 28.6121393 ], [ 79.0264222, 28.6112537 ], [ 79.0246797, 28.6088384 ], [ 79.0234875, 28.6064028 ], [ 79.0224787, 28.6039471 ], [ 79.0227309, 28.6012096 ], [ 79.0236939, 28.5975862 ], [ 79.0246797, 28.5947478 ], [ 79.025849, 28.5920301 ], [ 79.0275915, 28.5893526 ], [ 79.0282793, 28.5879836 ], [ 79.0307325, 28.5857892 ], [ 79.0328648, 28.5846215 ], [ 79.0361892, 28.5833129 ], [ 79.0389405, 28.5826284 ], [ 79.0411645, 28.5817425 ], [ 79.0454519, 28.579407 ], [ 79.0466094, 28.5780586 ], [ 79.0470814, 28.5770411 ], [ 79.0474462, 28.5756844 ], [ 79.0474462, 28.5746291 ], [ 79.0471029, 28.5728389 ], [ 79.0465235, 28.572104 ], [ 79.045794, 28.5715952 ], [ 79.0440345, 28.5705587 ], [ 79.0414166, 28.5696918 ], [ 79.0403652, 28.5693903 ], [ 79.038434, 28.5693526 ], [ 79.0367818, 28.5692961 ], [ 79.035387, 28.5685988 ], [ 79.0348506, 28.5681466 ], [ 79.0341854, 28.5673174 ], [ 79.0339708, 28.5668274 ], [ 79.0340996, 28.5662432 ], [ 79.0352368, 28.565659 ], [ 79.0379405, 28.564434 ], [ 79.0402365, 28.5631148 ], [ 79.0424037, 28.5618521 ], [ 79.0439057, 28.5610417 ], [ 79.0449571, 28.560137 ], [ 79.0457725, 28.5588932 ], [ 79.0466308, 28.5570085 ], [ 79.0472531, 28.5540871 ], [ 79.0475321, 28.5521646 ], [ 79.0479612, 28.5508641 ], [ 79.0486693, 28.5499217 ], [ 79.0494203, 28.5492243 ], [ 79.0510511, 28.5479049 ], [ 79.054141, 28.5458692 ], [ 79.0563297, 28.5446628 ], [ 79.0579605, 28.5444178 ], [ 79.0591836, 28.5443801 ], [ 79.0610933, 28.5443989 ], [ 79.0625524, 28.5443424 ], [ 79.0669942, 28.5442105 ], [ 79.0692687, 28.54389 ], [ 79.0710068, 28.5430983 ], [ 79.0728521, 28.5420993 ], [ 79.074161, 28.5417788 ], [ 79.0755772, 28.5417034 ], [ 79.0771651, 28.5417034 ], [ 79.0783667, 28.5416846 ], [ 79.0790319, 28.5417977 ], [ 79.0801906, 28.5421558 ], [ 79.0822935, 28.5428533 ], [ 79.084804, 28.5434376 ], [ 79.0861773, 28.5436827 ], [ 79.0869283, 28.5437015 ], [ 79.0877437, 28.5433999 ], [ 79.0885162, 28.5429664 ], [ 79.0892243, 28.5426082 ], [ 79.089911, 28.5424951 ], [ 79.0906834, 28.5424009 ], [ 79.0918636, 28.5424386 ], [ 79.0928507, 28.5423255 ], [ 79.0935159, 28.5419862 ], [ 79.094975, 28.5401389 ], [ 79.0968847, 28.5381596 ], [ 79.098258, 28.536972 ], [ 79.0998673, 28.5361803 ], [ 79.1019487, 28.5354828 ], [ 79.1033435, 28.5347099 ], [ 79.1045451, 28.5334469 ], [ 79.1059828, 28.5325043 ], [ 79.1072058, 28.5319764 ], [ 79.10815, 28.5319764 ], [ 79.1091585, 28.5318822 ], [ 79.1097593, 28.5317691 ], [ 79.1105103, 28.5312224 ], [ 79.1111755, 28.5299404 ], [ 79.1115403, 28.5286019 ], [ 79.1115618, 28.5275085 ], [ 79.1116261, 28.527056 ], [ 79.1120016, 28.5262925 ], [ 79.1122377, 28.5259155 ], [ 79.1124952, 28.5256138 ], [ 79.113214, 28.5248691 ], [ 79.1142734, 28.5240536 ], [ 79.1148956, 28.5235246 ], [ 79.1167622, 28.5219903 ], [ 79.1175249, 28.5209322 ], [ 79.1182474, 28.5196978 ], [ 79.1182073, 28.5184809 ], [ 79.1182474, 28.5170524 ], [ 79.1186288, 28.5149714 ], [ 79.118689, 28.5132077 ], [ 79.1185886, 28.5114793 ], [ 79.1184481, 28.5104564 ], [ 79.1171235, 28.5078285 ], [ 79.1161801, 28.505853 ], [ 79.1150762, 28.5045478 ], [ 79.1141931, 28.5035954 ], [ 79.1136311, 28.503031 ], [ 79.1121459, 28.5014964 ], [ 79.1116476, 28.5000369 ], [ 79.1100168, 28.4995843 ], [ 79.1089439, 28.4986792 ], [ 79.1083002, 28.4979249 ], [ 79.1079139, 28.4963597 ], [ 79.1077852, 28.4947944 ], [ 79.1078496, 28.4937006 ], [ 79.1083646, 28.492588 ], [ 79.1088366, 28.4911924 ], [ 79.1089332, 28.4907775 ], [ 79.1101456, 28.4898063 ], [ 79.1120338, 28.4889576 ], [ 79.1141903, 28.4877883 ], [ 79.1154349, 28.4874677 ], [ 79.1182995, 28.4870245 ], [ 79.1198981, 28.4868736 ], [ 79.120692, 28.4869679 ], [ 79.1224944, 28.487628 ], [ 79.1243291, 28.4880241 ], [ 79.1266465, 28.4886842 ], [ 79.1282987, 28.4888445 ], [ 79.1303587, 28.4887124 ], [ 79.1324508, 28.4883164 ], [ 79.1338885, 28.4879109 ], [ 79.1353047, 28.4868831 ], [ 79.1361308, 28.4857232 ], [ 79.1368174, 28.4845727 ], [ 79.1372251, 28.4833845 ], [ 79.13715, 28.4825641 ], [ 79.1366887, 28.4813099 ], [ 79.1354012, 28.4800085 ], [ 79.1342747, 28.4791314 ], [ 79.1339743, 28.4787919 ], [ 79.1339743, 28.4782355 ], [ 79.1344893, 28.4762645 ], [ 79.1347039, 28.4757081 ], [ 79.1354442, 28.4749725 ], [ 79.1360342, 28.474567 ], [ 79.1368604, 28.4738879 ], [ 79.1377509, 28.4731806 ], [ 79.1396069, 28.4719923 ], [ 79.1411626, 28.4707851 ], [ 79.1439628, 28.4692195 ], [ 79.14554, 28.4684932 ], [ 79.1469669, 28.4679839 ], [ 79.1481686, 28.4676255 ], [ 79.1498637, 28.4671823 ], [ 79.1514087, 28.4667673 ], [ 79.1521919, 28.4666258 ], [ 79.1530824, 28.4665409 ], [ 79.1546488, 28.4664183 ], [ 79.1571486, 28.4666069 ], [ 79.1595089, 28.4668333 ], [ 79.1612255, 28.4673143 ], [ 79.1626632, 28.4674935 ], [ 79.1638863, 28.4675972 ], [ 79.1654742, 28.4673803 ], [ 79.1668582, 28.4669465 ], [ 79.167738, 28.4663617 ], [ 79.1686821, 28.4655694 ], [ 79.1691863, 28.46473 ], [ 79.1704202, 28.462306 ], [ 79.1718578, 28.4605799 ], [ 79.1725767, 28.4598819 ], [ 79.1741538, 28.4583728 ], [ 79.1761279, 28.4570428 ], [ 79.1786063, 28.4564768 ], [ 79.180398, 28.4566466 ], [ 79.1819537, 28.4569956 ], [ 79.1841316, 28.4579672 ], [ 79.1866851, 28.4587501 ], [ 79.1882944, 28.4590896 ], [ 79.1893351, 28.4592122 ], [ 79.1900647, 28.4591274 ], [ 79.1913199, 28.4587218 ], [ 79.1930795, 28.4574484 ], [ 79.1951287, 28.4555902 ], [ 79.1961586, 28.4547695 ], [ 79.1967058, 28.4539206 ], [ 79.1969955, 28.4531754 ], [ 79.1975105, 28.4520623 ], [ 79.1980362, 28.4515718 ], [ 79.1987979, 28.4511662 ], [ 79.1997421, 28.4510058 ], [ 79.2006755, 28.4509964 ], [ 79.2021131, 28.4512322 ], [ 79.2036581, 28.4515246 ], [ 79.2054284, 28.4523359 ], [ 79.2068553, 28.4534018 ], [ 79.2081642, 28.4547412 ], [ 79.2090654, 28.4564202 ], [ 79.2095375, 28.4580709 ], [ 79.2101276, 28.459731 ], [ 79.2109001, 28.4619664 ], [ 79.2113829, 28.4626456 ], [ 79.2124772, 28.4633247 ], [ 79.2137647, 28.463834 ], [ 79.2157173, 28.4643433 ], [ 79.2187536, 28.4648526 ], [ 79.2207062, 28.4650507 ], [ 79.2216611, 28.4649941 ], [ 79.2225623, 28.4645602 ], [ 79.2234421, 28.4642678 ], [ 79.2240536, 28.464249 ], [ 79.224751, 28.4642773 ], [ 79.2263818, 28.4643433 ], [ 79.2284524, 28.4640509 ], [ 79.2305446, 28.4636642 ], [ 79.2320573, 28.4632681 ], [ 79.2340958, 28.4625984 ], [ 79.234997, 28.4619099 ], [ 79.235394, 28.4613251 ], [ 79.2356729, 28.4603441 ], [ 79.2355657, 28.4591462 ], [ 79.2351794, 28.4582596 ], [ 79.2347932, 28.4578162 ], [ 79.2343748, 28.4574578 ], [ 79.2338169, 28.4573824 ], [ 79.2331517, 28.4575804 ], [ 79.2323255, 28.4578257 ], [ 79.2314029, 28.4579011 ], [ 79.2309308, 28.4578445 ], [ 79.2289352, 28.4575427 ], [ 79.2278731, 28.4567975 ], [ 79.2270577, 28.4559486 ], [ 79.2256522, 28.4538451 ], [ 79.224472, 28.4526849 ], [ 79.2238068, 28.4516472 ], [ 79.2235601, 28.4506568 ], [ 79.223603, 28.4497984 ], [ 79.2237532, 28.4492324 ], [ 79.2242789, 28.4480155 ], [ 79.2249334, 28.4470721 ], [ 79.2257273, 28.4462986 ], [ 79.226532, 28.4458269 ], [ 79.2275298, 28.4453741 ], [ 79.2287528, 28.4445062 ], [ 79.2298257, 28.4434685 ], [ 79.2301905, 28.4427138 ], [ 79.2302441, 28.4417516 ], [ 79.2302549, 28.4410252 ], [ 79.229933, 28.4401384 ], [ 79.229418, 28.4390346 ], [ 79.2290211, 28.438261 ], [ 79.2284095, 28.4375534 ], [ 79.2282271, 28.4370062 ], [ 79.2281842, 28.4365345 ], [ 79.2282271, 28.4360533 ], [ 79.2288065, 28.435025 ], [ 79.2296111, 28.4338079 ], [ 79.2310059, 28.4324965 ], [ 79.2325938, 28.4308077 ], [ 79.2332482, 28.4300057 ], [ 79.2339134, 28.4295528 ], [ 79.2354584, 28.4290622 ], [ 79.2366922, 28.428883 ], [ 79.2378402, 28.428798 ], [ 79.2393744, 28.4289584 ], [ 79.2404365, 28.4291754 ], [ 79.2422819, 28.4296566 ], [ 79.2439234, 28.4297227 ], [ 79.2450285, 28.4297793 ], [ 79.2455757, 28.4296849 ], [ 79.2463803, 28.4292321 ], [ 79.247303, 28.4283169 ], [ 79.2479253, 28.4271941 ], [ 79.2484081, 28.4261751 ], [ 79.248569, 28.4254391 ], [ 79.2486226, 28.424288 ], [ 79.2485046, 28.4232784 ], [ 79.2485261, 28.422014 ], [ 79.2484617, 28.421061 ], [ 79.2487085, 28.4195985 ], [ 79.2492449, 28.4186455 ], [ 79.2499316, 28.4178906 ], [ 79.2515194, 28.4168904 ], [ 79.2527103, 28.4162581 ], [ 79.253751, 28.4158901 ], [ 79.2548239, 28.4159279 ], [ 79.255811, 28.4157486 ], [ 79.2572379, 28.4153711 ], [ 79.261508, 28.4140784 ], [ 79.2627311, 28.4138236 ], [ 79.2655527, 28.4133329 ], [ 79.2673015, 28.4128611 ], [ 79.2682671, 28.4122477 ], [ 79.2688572, 28.4115211 ], [ 79.2696941, 28.4104453 ], [ 79.2706489, 28.4092657 ], [ 79.2715931, 28.4079634 ], [ 79.2721617, 28.4074161 ], [ 79.2726982, 28.4070764 ], [ 79.2736852, 28.4066045 ], [ 79.2749941, 28.406312 ], [ 79.2761958, 28.4061515 ], [ 79.2775905, 28.4058495 ], [ 79.2793393, 28.406227 ], [ 79.2810988, 28.4061232 ], [ 79.2820322, 28.4059628 ], [ 79.2829764, 28.4055192 ], [ 79.2840493, 28.4043113 ], [ 79.2846393, 28.4032638 ], [ 79.2851436, 28.4022256 ], [ 79.2860341, 28.4011309 ], [ 79.2867422, 28.4004325 ], [ 79.287858, 28.40014 ], [ 79.2888236, 28.3999701 ], [ 79.2898428, 28.4001022 ], [ 79.2905187, 28.4000928 ], [ 79.2911839, 28.3997153 ], [ 79.2915702, 28.3994604 ], [ 79.2922783, 28.3990546 ], [ 79.2929542, 28.3989603 ], [ 79.2938983, 28.3990263 ], [ 79.2952609, 28.3992339 ], [ 79.2971384, 28.3991962 ], [ 79.2983293, 28.3992528 ], [ 79.2996275, 28.3995831 ], [ 79.3003893, 28.4001211 ], [ 79.3010116, 28.400593 ], [ 79.3020093, 28.4007817 ], [ 79.3028247, 28.4008855 ], [ 79.3038118, 28.4011875 ], [ 79.3047881, 28.4016122 ], [ 79.3052065, 28.4015745 ], [ 79.3057001, 28.4014801 ], [ 79.3067193, 28.4005552 ], [ 79.307481, 28.3995737 ], [ 79.3083286, 28.3991773 ], [ 79.3091011, 28.3989886 ], [ 79.3096697, 28.3986299 ], [ 79.3098521, 28.3983657 ], [ 79.3099272, 28.398007 ], [ 79.3099916, 28.3974219 ], [ 79.3099701, 28.3970255 ], [ 79.3098736, 28.3963743 ], [ 79.3096268, 28.3956381 ], [ 79.3095302, 28.3950624 ], [ 79.3094122, 28.3944112 ], [ 79.3092298, 28.3932975 ], [ 79.3090582, 28.3925424 ], [ 79.3087792, 28.3919572 ], [ 79.3078351, 28.3906359 ], [ 79.3071377, 28.3895221 ], [ 79.3068373, 28.3886443 ], [ 79.3067193, 28.3878987 ], [ 79.3069661, 28.3868793 ], [ 79.307642, 28.385539 ], [ 79.3085432, 28.3842647 ], [ 79.3087041, 28.3836984 ], [ 79.3086827, 28.3831132 ], [ 79.3084466, 28.382292 ], [ 79.3082642, 28.3816312 ], [ 79.3079209, 28.379885 ], [ 79.3081891, 28.3784879 ], [ 79.3086827, 28.3776761 ], [ 79.3095732, 28.3769398 ], [ 79.3114936, 28.3764773 ], [ 79.3135965, 28.3762696 ], [ 79.3144762, 28.3762602 ], [ 79.3155599, 28.3763262 ], [ 79.3175018, 28.3764678 ], [ 79.3191004, 28.3768265 ], [ 79.3217289, 28.3772041 ], [ 79.3234777, 28.3773363 ], [ 79.3250334, 28.3774496 ], [ 79.3268788, 28.3781575 ], [ 79.3287671, 28.3789127 ], [ 79.3296683, 28.3789599 ], [ 79.330312, 28.3789504 ], [ 79.330945, 28.3788655 ], [ 79.331857, 28.3784407 ], [ 79.333359, 28.3772513 ], [ 79.3349898, 28.3756843 ], [ 79.3364274, 28.374174 ], [ 79.3370283, 28.3733432 ], [ 79.3372965, 28.3727296 ], [ 79.3372857, 28.3719272 ], [ 79.3372106, 28.3705207 ], [ 79.3374467, 28.3691329 ], [ 79.3376183, 28.3678396 ], [ 79.3376076, 28.3664518 ], [ 79.3373501, 28.3646864 ], [ 79.3368029, 28.3630154 ], [ 79.3364704, 28.3621374 ], [ 79.3357086, 28.361401 ], [ 79.3346894, 28.360287 ], [ 79.334228, 28.3598243 ], [ 79.3338418, 28.3594278 ], [ 79.3334556, 28.3589274 ], [ 79.3333268, 28.3585403 ], [ 79.3332839, 28.3581155 ], [ 79.3332517, 28.3574451 ], [ 79.3332195, 28.3561611 ], [ 79.3330371, 28.3546693 ], [ 79.3330371, 28.3540651 ], [ 79.3331122, 28.3536024 ], [ 79.3333268, 28.3530926 ], [ 79.3334341, 28.35246 ], [ 79.3334556, 28.3514213 ], [ 79.3334019, 28.3502978 ], [ 79.3336701, 28.3484471 ], [ 79.3341851, 28.3460488 ], [ 79.3356228, 28.3434426 ], [ 79.3380046, 28.3405531 ], [ 79.3390989, 28.3388534 ], [ 79.3396997, 28.3375125 ], [ 79.3397641, 28.3366626 ], [ 79.3393349, 28.3340562 ], [ 79.3396783, 28.3326775 ], [ 79.3399787, 28.331412 ], [ 79.3404293, 28.3306943 ], [ 79.3407941, 28.3302599 ], [ 79.3412447, 28.3298444 ], [ 79.3423605, 28.3293911 ], [ 79.3429827, 28.3293911 ], [ 79.3442488, 28.3294099 ], [ 79.346137, 28.3294666 ], [ 79.3478107, 28.3296744 ], [ 79.3485832, 28.3298444 ], [ 79.3501067, 28.3303543 ], [ 79.3518662, 28.3310154 ], [ 79.3528318, 28.3314687 ], [ 79.3546772, 28.3322808 ], [ 79.3566513, 28.3328663 ], [ 79.3581104, 28.3331308 ], [ 79.3597626, 28.3333763 ], [ 79.3608999, 28.3333952 ], [ 79.3617153, 28.3332441 ], [ 79.3640113, 28.3321675 ], [ 79.3654704, 28.3309965 ], [ 79.3669295, 28.3295894 ], [ 79.3676913, 28.328815 ], [ 79.3690216, 28.3271339 ], [ 79.3696093, 28.3262405 ], [ 79.3698478, 28.3258779 ], [ 79.3710279, 28.3241968 ], [ 79.3719077, 28.3232429 ], [ 79.3728089, 28.322119 ], [ 79.3732381, 28.3217223 ], [ 79.3739891, 28.3208723 ], [ 79.3744826, 28.3190778 ], [ 79.374547, 28.318105 ], [ 79.3745792, 28.3173211 ], [ 79.3745577, 28.3166883 ], [ 79.3743539, 28.3153848 ], [ 79.37415, 28.3149031 ], [ 79.3736565, 28.3143931 ], [ 79.3728626, 28.3139586 ], [ 79.3715858, 28.3134391 ], [ 79.370631, 28.3130141 ], [ 79.368571, 28.3118051 ], [ 79.3662107, 28.3102749 ], [ 79.3655026, 28.3097932 ], [ 79.3650412, 28.3089242 ], [ 79.3648374, 28.3076112 ], [ 79.3649018, 28.3065722 ], [ 79.3650734, 28.3046357 ], [ 79.3652451, 28.3034833 ], [ 79.3661356, 28.3001676 ], [ 79.3665218, 28.2988168 ], [ 79.3669081, 28.2979855 ], [ 79.368056, 28.296644 ], [ 79.3686676, 28.2961717 ], [ 79.3697405, 28.2944713 ], [ 79.3704057, 28.2933282 ], [ 79.3709528, 28.2922323 ], [ 79.3713605, 28.291212 ], [ 79.3717682, 28.2899933 ], [ 79.372015, 28.2891525 ], [ 79.3721652, 28.2882077 ], [ 79.3722725, 28.2876314 ], [ 79.3722939, 28.2871685 ], [ 79.3722188, 28.2862237 ], [ 79.371779, 28.2831154 ], [ 79.3717146, 28.2811407 ], [ 79.3711996, 28.2795534 ], [ 79.3707919, 28.2783062 ], [ 79.370749, 28.277248 ], [ 79.3708348, 28.2759819 ], [ 79.3710065, 28.2752071 ], [ 79.3713498, 28.2743 ], [ 79.3719506, 28.2727504 ], [ 79.3724012, 28.271711 ], [ 79.372766, 28.2711441 ], [ 79.3737101, 28.2708039 ], [ 79.374268, 28.2696511 ], [ 79.3748259, 28.2673266 ], [ 79.3753838, 28.2657769 ], [ 79.3757701, 28.2646997 ], [ 79.3757701, 28.2639248 ], [ 79.3757272, 28.2633011 ], [ 79.3758666, 28.2624695 ], [ 79.376167, 28.2614017 ], [ 79.3770254, 28.2597196 ], [ 79.3776798, 28.2582359 ], [ 79.3786132, 28.2551834 ], [ 79.379257, 28.2526885 ], [ 79.3799758, 28.2503069 ], [ 79.3805981, 28.2486908 ], [ 79.3812525, 28.2469896 ], [ 79.3820143, 28.2461201 ], [ 79.3830335, 28.2448536 ], [ 79.3838382, 28.2437856 ], [ 79.3848145, 28.2416779 ], [ 79.3858981, 28.2394472 ], [ 79.3876791, 28.2361958 ], [ 79.3899965, 28.2333223 ], [ 79.3918848, 28.2312427 ], [ 79.3942237, 28.2290497 ], [ 79.3974638, 28.2272158 ], [ 79.4004893, 28.2258357 ], [ 79.4038796, 28.2245123 ], [ 79.4071841, 28.2233211 ], [ 79.4099521, 28.2223569 ], [ 79.413321, 28.2206742 ], [ 79.4145444, 28.219295 ], [ 79.4163036, 28.2179137 ], [ 79.4178486, 28.2168549 ], [ 79.4195008, 28.2160986 ], [ 79.4213462, 28.2146616 ], [ 79.4226336, 28.2136784 ], [ 79.4235134, 28.2121279 ], [ 79.4242, 28.2097454 ], [ 79.4249511, 28.2074006 ], [ 79.4255873, 28.2060263 ], [ 79.426732, 28.2045263 ], [ 79.4288564, 28.2023328 ], [ 79.4302082, 28.2000257 ], [ 79.4315171, 28.1969243 ], [ 79.4334054, 28.1950899 ], [ 79.4364524, 28.1919883 ], [ 79.4378471, 28.1906456 ], [ 79.4385767, 28.1901349 ], [ 79.4394564, 28.1897378 ], [ 79.4400143, 28.1892839 ], [ 79.4404864, 28.1885274 ], [ 79.4411838, 28.1872507 ], [ 79.4415378, 28.1855769 ], [ 79.441731, 28.184584 ], [ 79.4417846, 28.1828912 ], [ 79.441731, 28.1815105 ], [ 79.4415057, 28.1807066 ], [ 79.4412696, 28.1801676 ], [ 79.4407976, 28.1782856 ], [ 79.4404113, 28.1768765 ], [ 79.4401967, 28.175543 ], [ 79.4402182, 28.173973 ], [ 79.4400787, 28.1732826 ], [ 79.439671, 28.1725165 ], [ 79.4393599, 28.1722233 ], [ 79.4385981, 28.1718639 ], [ 79.4381261, 28.171722 ], [ 79.4369566, 28.1716937 ], [ 79.4361734, 28.1717599 ], [ 79.4352937, 28.1719112 ], [ 79.4346607, 28.1718923 ], [ 79.4339633, 28.1717126 ], [ 79.4322145, 28.1711735 ], [ 79.4312274, 28.1708519 ], [ 79.430412, 28.1706155 ], [ 79.4298649, 28.1705303 ], [ 79.4294357, 28.1705209 ], [ 79.428792, 28.1706533 ], [ 79.4281053, 28.1710316 ], [ 79.4272256, 28.1716748 ], [ 79.4265926, 28.1719301 ], [ 79.4260561, 28.1721004 ], [ 79.425627, 28.1721004 ], [ 79.4237494, 28.1714383 ], [ 79.4225478, 28.1708235 ], [ 79.4219792, 28.1704452 ], [ 79.4215071, 28.1700007 ], [ 79.4205952, 28.1694238 ], [ 79.4197047, 28.1692913 ], [ 79.4194043, 28.1693008 ], [ 79.4185674, 28.1696035 ], [ 79.4180524, 28.1696886 ], [ 79.4176233, 28.169698 ], [ 79.4173229, 28.1695845 ], [ 79.4169795, 28.1693386 ], [ 79.4166469, 28.1689414 ], [ 79.41625, 28.1683266 ], [ 79.4154668, 28.16722 ], [ 79.4153595, 28.1666903 ], [ 79.4153273, 28.1661796 ], [ 79.415338, 28.1656499 ], [ 79.4153595, 28.1651486 ], [ 79.4155097, 28.1646 ], [ 79.4156438, 28.1641508 ], [ 79.4158959, 28.1636589 ], [ 79.4161749, 28.1632664 ], [ 79.4165558, 28.1629826 ], [ 79.4171083, 28.1627225 ], [ 79.4176769, 28.1624482 ], [ 79.4179827, 28.1623158 ], [ 79.4183958, 28.1620273 ], [ 79.4193399, 28.1615212 ], [ 79.4200104, 28.1610861 ], [ 79.4206059, 28.1603531 ], [ 79.4212174, 28.1595112 ], [ 79.4218558, 28.1585039 ], [ 79.4224942, 28.1574066 ], [ 79.4230306, 28.1565506 ], [ 79.4235831, 28.155704 ], [ 79.4238889, 28.1553161 ], [ 79.4241625, 28.1549756 ], [ 79.42523, 28.154181 ], [ 79.425745, 28.1539303 ], [ 79.4265819, 28.1533817 ], [ 79.4272739, 28.1527573 ], [ 79.4280571, 28.1521377 ], [ 79.4287437, 28.1517121 ], [ 79.4296342, 28.151206 ], [ 79.4306588, 28.1507661 ], [ 79.4314474, 28.1504397 ], [ 79.4319624, 28.1503309 ], [ 79.4324613, 28.1502978 ], [ 79.4328314, 28.150312 ], [ 79.4331318, 28.1503782 ], [ 79.4334161, 28.1504066 ], [ 79.4335824, 28.1504019 ], [ 79.434135, 28.1501985 ], [ 79.4346875, 28.1497255 ], [ 79.4352078, 28.1493519 ], [ 79.4356853, 28.1490208 ], [ 79.4361788, 28.148737 ], [ 79.436624, 28.1485241 ], [ 79.4377881, 28.1480369 ], [ 79.438625, 28.14772 ], [ 79.4393277, 28.1475119 ], [ 79.4397247, 28.1474268 ], [ 79.4404381, 28.1473605 ], [ 79.4408297, 28.1474268 ], [ 79.4414037, 28.1476727 ], [ 79.4418222, 28.1477768 ], [ 79.4424927, 28.1478004 ], [ 79.4433188, 28.1476443 ], [ 79.4436568, 28.147422 ], [ 79.4440108, 28.1471903 ], [ 79.4443864, 28.147072 ], [ 79.4447726, 28.1470389 ], [ 79.4453573, 28.1470767 ], [ 79.446044, 28.1471855 ], [ 79.4470578, 28.1473085 ], [ 79.4479698, 28.1474504 ], [ 79.4490749, 28.147597 ], [ 79.4503516, 28.1477484 ], [ 79.4512582, 28.1478241 ], [ 79.4526315, 28.147895 ], [ 79.4533449, 28.1479092 ], [ 79.4540423, 28.1479187 ], [ 79.4548638, 28.1478556 ], [ 79.4556731, 28.1477248 ], [ 79.4571644, 28.1474315 ], [ 79.4600451, 28.1467362 ], [ 79.4610482, 28.1465659 ], [ 79.4622767, 28.1463862 ], [ 79.4635802, 28.1461071 ], [ 79.4641757, 28.1459557 ], [ 79.4647604, 28.1456956 ], [ 79.4653022, 28.1453361 ], [ 79.466021, 28.1446074 ] ] } },
{ "type": "Feature", "properties": { "full_id": "w329047785", "osm_id": "329047785", "osm_type": "way", "waterway": "river", "intermittent": null, "alt_name": null, "wikidata": null, "name:uk": null, "layer": null, "width": null, "tunnel": null, "name:ml": null, "name:kn": "ರಾಮಗಂಗಾ", "name:hi": null, "name:en": null, "name": "Ramganga", "int_name": null, "boat": null }, "geometry": { "type": "LineString", "coordinates": [ [ 78.6807196, 29.2224526 ], [ 78.6812371, 29.2213906 ], [ 78.6843615, 29.2174394 ], [ 78.6852568, 29.215564 ], [ 78.6853588, 29.214873 ], [ 78.6850266, 29.2138672 ], [ 78.6832872, 29.2115229 ], [ 78.6799621, 29.2084771 ], [ 78.6761759, 29.2055392 ], [ 78.673311, 29.2027705 ], [ 78.6696787, 29.1984387 ], [ 78.6695252, 29.1968756 ], [ 78.6694801, 29.196293 ], [ 78.6699856, 29.1956921 ], [ 78.6778131, 29.1925435 ], [ 78.6799362, 29.1920299 ], [ 78.6826221, 29.1922309 ], [ 78.6851033, 29.1928475 ], [ 78.6861849, 29.1927901 ], [ 78.6870787, 29.1923497 ], [ 78.687559, 29.1914046 ], [ 78.6872404, 29.1900835 ], [ 78.6866125, 29.1891045 ], [ 78.6860508, 29.188786 ], [ 78.6852786, 29.1887051 ], [ 78.684538, 29.1889171 ], [ 78.683236, 29.1897968 ], [ 78.6825388, 29.1901692 ], [ 78.6817968, 29.1902238 ], [ 78.6810403, 29.190028 ], [ 78.6801558, 29.1896787 ], [ 78.6798119, 29.1886034 ], [ 78.6799873, 29.1878539 ], [ 78.680447, 29.1864384 ], [ 78.6804986, 29.1854374 ], [ 78.6802943, 29.1847944 ], [ 78.6800955, 29.1842117 ], [ 78.6796403, 29.1835922 ], [ 78.6786532, 29.1828428 ], [ 78.6778539, 29.1826836 ], [ 78.6773526, 29.1822261 ], [ 78.6771136, 29.1819529 ], [ 78.6769945, 29.1814221 ], [ 78.6773872, 29.1805807 ], [ 78.67812, 29.1799704 ], [ 78.6788678, 29.179836 ], [ 78.6795013, 29.1798588 ], [ 78.6823151, 29.1807298 ], [ 78.6848731, 29.1818018 ], [ 78.6868114, 29.1821397 ], [ 78.6875078, 29.1818241 ], [ 78.6879229, 29.1816532 ], [ 78.6884287, 29.1809531 ], [ 78.6887383, 29.1793114 ], [ 78.6897465, 29.1767284 ], [ 78.6900147, 29.1746102 ], [ 78.689897, 29.1735222 ], [ 78.6893702, 29.1713118 ], [ 78.6884799, 29.1688477 ], [ 78.6880245, 29.1679508 ], [ 78.6858094, 29.1659902 ], [ 78.6849631, 29.1650938 ], [ 78.685001, 29.1643134 ], [ 78.685112, 29.1639572 ], [ 78.6855382, 29.163621 ], [ 78.6863887, 29.1633014 ], [ 78.6874981, 29.1637436 ], [ 78.687974, 29.1641578 ], [ 78.6888636, 29.1652292 ], [ 78.6895108, 29.1655311 ], [ 78.6902705, 29.1655419 ], [ 78.6908197, 29.1653531 ], [ 78.6914215, 29.1646931 ], [ 78.6922657, 29.162169 ], [ 78.6924068, 29.1608865 ], [ 78.6918819, 29.1597974 ], [ 78.6910634, 29.1591534 ], [ 78.6893496, 29.1583053 ], [ 78.6880946, 29.1580641 ], [ 78.6867087, 29.1579252 ], [ 78.6853909, 29.1579891 ], [ 78.6841569, 29.1583046 ], [ 78.681164, 29.1593321 ], [ 78.6780689, 29.1597566 ], [ 78.6774549, 29.1597342 ], [ 78.6754086, 29.1587513 ], [ 78.6747946, 29.1579918 ], [ 78.67459, 29.1575004 ], [ 78.6745388, 29.1570536 ], [ 78.6745388, 29.1561601 ], [ 78.6745548, 29.1557311 ], [ 78.6746923, 29.1552665 ], [ 78.674897, 29.1548198 ], [ 78.6752551, 29.1544847 ], [ 78.6759251, 29.1540566 ], [ 78.676486, 29.153876 ], [ 78.6771224, 29.1537475 ], [ 78.6778568, 29.1535125 ], [ 78.678427, 29.1530651 ], [ 78.6786854, 29.1527047 ], [ 78.6787851, 29.1520943 ], [ 78.6787176, 29.1516928 ], [ 78.6784781, 29.1512008 ], [ 78.6775423, 29.1505402 ], [ 78.6769152, 29.1502686 ], [ 78.6758852, 29.1500343 ], [ 78.6751528, 29.149704 ], [ 78.6746728, 29.1493035 ], [ 78.6742461, 29.1484591 ], [ 78.6736536, 29.1476637 ], [ 78.6729529, 29.1471348 ], [ 78.6722348, 29.1466995 ], [ 78.6709768, 29.1465428 ], [ 78.6699432, 29.1467038 ], [ 78.6688028, 29.147293 ], [ 78.6680961, 29.1480291 ], [ 78.6676707, 29.1487433 ], [ 78.667466, 29.1492348 ], [ 78.6671948, 29.1500999 ], [ 78.6672841, 29.1513304 ], [ 78.667773, 29.1535464 ], [ 78.6675811, 29.1539696 ], [ 78.6672486, 29.1544511 ], [ 78.6666834, 29.1550842 ], [ 78.6658966, 29.1551783 ], [ 78.6652917, 29.1550766 ], [ 78.6644851, 29.1545963 ], [ 78.6637525, 29.1540239 ], [ 78.6629677, 29.152958 ], [ 78.6616158, 29.1521519 ], [ 78.6604014, 29.1514418 ], [ 78.6602013, 29.1508321 ], [ 78.6606824, 29.1498094 ], [ 78.6614549, 29.1485913 ], [ 78.6626657, 29.1466232 ], [ 78.6651684, 29.1448309 ], [ 78.6666347, 29.1441411 ], [ 78.6681439, 29.1433368 ], [ 78.6694237, 29.1423877 ], [ 78.6700484, 29.1415553 ], [ 78.6704457, 29.1405327 ], [ 78.6700112, 29.1391812 ], [ 78.6685145, 29.1364001 ], [ 78.6680671, 29.1349137 ], [ 78.6678654, 29.1340338 ], [ 78.6680085, 29.1331518 ], [ 78.6688149, 29.1327359 ], [ 78.6694484, 29.1326123 ], [ 78.6711705, 29.1323723 ], [ 78.6738038, 29.1321548 ], [ 78.6757048, 29.1326095 ], [ 78.6774351, 29.1329266 ], [ 78.6781655, 29.132972 ], [ 78.679017, 29.1327695 ], [ 78.6801665, 29.1323825 ], [ 78.6808687, 29.1316862 ], [ 78.6814966, 29.1302662 ], [ 78.6814856, 29.1291652 ], [ 78.6811896, 29.127853 ], [ 78.680371, 29.1255961 ], [ 78.6797571, 29.1247917 ], [ 78.678427, 29.1238085 ], [ 78.6773526, 29.1236073 ], [ 78.6762527, 29.1237861 ], [ 78.673797, 29.1255738 ], [ 78.6722771, 29.1261626 ], [ 78.6708105, 29.1263536 ], [ 78.6693973, 29.1259313 ], [ 78.6690136, 29.1256408 ], [ 78.6684253, 29.124747 ], [ 78.6683229, 29.1232051 ], [ 78.6691671, 29.1210152 ], [ 78.6693625, 29.1206447 ], [ 78.6698449, 29.1197303 ], [ 78.6712741, 29.1185459 ], [ 78.6726719, 29.118073 ], [ 78.673972, 29.1181307 ], [ 78.6744609, 29.1183282 ], [ 78.6752196, 29.1187834 ], [ 78.6761042, 29.1191366 ], [ 78.6770952, 29.1192433 ], [ 78.6785492, 29.1190327 ], [ 78.6793104, 29.1183893 ], [ 78.6798105, 29.1172795 ], [ 78.679663, 29.1163879 ], [ 78.6784014, 29.1148362 ], [ 78.6766748, 29.1137077 ], [ 78.6735668, 29.1125232 ], [ 78.6728704, 29.1117976 ], [ 78.6724669, 29.1108918 ], [ 78.672339, 29.1104448 ], [ 78.6724924, 29.1100202 ], [ 78.6732566, 29.1087887 ], [ 78.6736947, 29.1077294 ], [ 78.6737459, 29.1058632 ], [ 78.6736267, 29.1048101 ], [ 78.6735537, 29.1029055 ], [ 78.6738946, 29.1010966 ], [ 78.6744305, 29.1003943 ], [ 78.6753864, 29.099426 ], [ 78.6761902, 29.0987663 ], [ 78.6777672, 29.0980321 ], [ 78.6788893, 29.0979614 ], [ 78.6798623, 29.0980651 ], [ 78.6813277, 29.0985606 ], [ 78.6821268, 29.0989046 ], [ 78.6823828, 29.099155 ], [ 78.6828485, 29.0994742 ], [ 78.683369, 29.0997772 ], [ 78.6839291, 29.1000113 ], [ 78.684879, 29.1002666 ], [ 78.686389, 29.1003092 ], [ 78.6873389, 29.1000325 ], [ 78.6876271, 29.0998597 ], [ 78.6883131, 29.0990749 ], [ 78.6889464, 29.0979257 ], [ 78.6889951, 29.0975213 ], [ 78.6888713, 29.0969569 ], [ 78.6883496, 29.0963906 ], [ 78.6868538, 29.0952363 ], [ 78.6851469, 29.09418 ], [ 78.6836369, 29.0929457 ], [ 78.682834, 29.0918724 ], [ 78.6824922, 29.0903066 ], [ 78.6824434, 29.0898596 ], [ 78.682578, 29.0893676 ], [ 78.6827844, 29.0884549 ], [ 78.6827601, 29.088008 ], [ 78.6824368, 29.0870603 ], [ 78.6823704, 29.0858157 ], [ 78.682346, 29.0853475 ], [ 78.6828331, 29.0839001 ], [ 78.68371, 29.0829263 ], [ 78.6839109, 29.0827561 ], [ 78.6841605, 29.0826283 ], [ 78.6844711, 29.0825645 ], [ 78.6849034, 29.0823995 ], [ 78.6854636, 29.0823783 ], [ 78.6863221, 29.0821707 ], [ 78.686724, 29.0820217 ], [ 78.6871183, 29.0817887 ] ] } },
{ "type": "Feature", "properties": { "full_id": "w329047786", "osm_id": "329047786", "osm_type": "way", "waterway": "river", "intermittent": null, "alt_name": null, "wikidata": null, "name:uk": null, "layer": null, "width": null, "tunnel": null, "name:ml": null, "name:kn": "ರಾಮಗಂಗಾ", "name:hi": null, "name:en": null, "name": "Ramganga", "int_name": null, "boat": null }, "geometry": { "type": "LineString", "coordinates": [ [ 78.6197935, 29.4126969 ], [ 78.6205816, 29.4123835 ], [ 78.6210191, 29.4120453 ], [ 78.6219097, 29.411142 ], [ 78.6226949, 29.4104908 ], [ 78.6251257, 29.4087527 ], [ 78.6257603, 29.4080968 ], [ 78.6265778, 29.4070286 ], [ 78.6291699, 29.4036366 ], [ 78.6295894, 29.4028401 ], [ 78.63031, 29.4020718 ], [ 78.6319234, 29.3996635 ], [ 78.6330743, 29.3975457 ], [ 78.6336336, 29.3963743 ], [ 78.6340101, 29.3953716 ] ] } },
{ "type": "Feature", "properties": { "full_id": "w329052410", "osm_id": "329052410", "osm_type": "way", "waterway": "river", "intermittent": null, "alt_name": null, "wikidata": null, "name:uk": null, "layer": null, "width": null, "tunnel": null, "name:ml": null, "name:kn": "ರಾಮಗಂಗಾ", "name:hi": null, "name:en": null, "name": "Ramganga", "int_name": null, "boat": null }, "geometry": { "type": "LineString", "coordinates": [ [ 78.725561, 29.4881021 ], [ 78.7250924, 29.4884591 ], [ 78.7228914, 29.4886485 ], [ 78.7221717, 29.4886557 ], [ 78.7206654, 29.4886776 ], [ 78.719067, 29.4889253 ], [ 78.7173598, 29.4892312 ], [ 78.7150752, 29.4892968 ], [ 78.7133763, 29.4891292 ], [ 78.7108156, 29.4888743 ], [ 78.7097276, 29.4886339 ], [ 78.7067986, 29.488816 ], [ 78.7064137, 29.488918 ], [ 78.7059952, 29.48961 ], [ 78.7053843, 29.4902583 ], [ 78.7041039, 29.4908265 ], [ 78.7030579, 29.490943 ], [ 78.702539, 29.4915841 ], [ 78.7016436, 29.4921668 ], [ 78.7010829, 29.4926621 ], [ 78.7004887, 29.4932012 ], [ 78.6984886, 29.4927277 ], [ 78.6969404, 29.4922396 ], [ 78.6953588, 29.4920721 ], [ 78.6940281, 29.4918317 ], [ 78.6926473, 29.4917443 ], [ 78.6921034, 29.4917057 ] ] } },
{ "type": "Feature", "properties": { "full_id": "w329052411", "osm_id": "329052411", "osm_type": "way", "waterway": "river", "intermittent": null, "alt_name": null, "wikidata": null, "name:uk": null, "layer": null, "width": null, "tunnel": null, "name:ml": null, "name:kn": "ರಾಮಗಂಗಾ", "name:hi": null, "name:en": null, "name": "Ramganga", "int_name": null, "boat": null }, "geometry": { "type": "LineString", "coordinates": [ [ 79.3683158, 29.9532429 ], [ 79.3688283, 29.9531197 ], [ 79.3693515, 29.9530538 ], [ 79.3697044, 29.9529531 ], [ 79.3701551, 29.9528423 ], [ 79.3707336, 29.9526267 ], [ 79.3712045, 29.9523061 ], [ 79.3721463, 29.9515542 ], [ 79.3730746, 29.9505808 ], [ 79.3734638, 29.9502111 ] ] } },
{ "type": "Feature", "properties": { "full_id": "w329052412", "osm_id": "329052412", "osm_type": "way", "waterway": "river", "intermittent": null, "alt_name": null, "wikidata": null, "name:uk": null, "layer": null, "width": null, "tunnel": null, "name:ml": null, "name:kn": "ರಾಮಗಂಗಾ", "name:hi": null, "name:en": null, "name": "Ramganga", "int_name": null, "boat": null }, "geometry": { "type": "LineString", "coordinates": [ [ 79.0907454, 29.6052666 ], [ 79.0904269, 29.6046217 ], [ 79.0899551, 29.6038803 ], [ 79.0895885, 29.5993645 ], [ 79.0896252, 29.5983232 ], [ 79.0896374, 29.5972394 ], [ 79.0897474, 29.5965805 ], [ 79.0901384, 29.5958686 ], [ 79.0906761, 29.5944341 ], [ 79.0903584, 29.5934565 ], [ 79.0900773, 29.5928507 ], [ 79.0887453, 29.5920431 ], [ 79.0877065, 29.5921069 ], [ 79.0869978, 29.5921813 ], [ 79.0862523, 29.5924044 ], [ 79.0852502, 29.5927657 ], [ 79.0841259, 29.5934458 ], [ 79.0830994, 29.5949654 ], [ 79.0826473, 29.5954967 ], [ 79.0820607, 29.5960067 ], [ 79.0808142, 29.5963893 ], [ 79.0795066, 29.5971331 ], [ 79.0784434, 29.59776 ], [ 79.0776124, 29.5985782 ], [ 79.0769892, 29.5993751 ], [ 79.0766714, 29.6001189 ], [ 79.0767692, 29.6017659 ], [ 79.0769159, 29.6025522 ], [ 79.0765126, 29.6037635 ], [ 79.0745329, 29.6046241 ], [ 79.0732253, 29.6048366 ], [ 79.0718199, 29.6047304 ], [ 79.0689114, 29.6040397 ], [ 79.0681049, 29.6039335 ], [ 79.0670662, 29.6039122 ], [ 79.065673, 29.6041779 ], [ 79.0649276, 29.604656 ], [ 79.06329, 29.6053147 ], [ 79.0624712, 29.605506 ], [ 79.0615547, 29.6055485 ], [ 79.0605893, 29.6054954 ], [ 79.0596239, 29.6046135 ], [ 79.059355, 29.603806 ], [ 79.0594161, 29.6032003 ], [ 79.0596728, 29.6025097 ], [ 79.0599416, 29.6021165 ], [ 79.0604915, 29.601394 ], [ 79.0616036, 29.6007459 ], [ 79.0626301, 29.6000127 ], [ 79.0630456, 29.5994708 ], [ 79.0631312, 29.5988757 ], [ 79.0628623, 29.5983444 ], [ 79.0626057, 29.5976006 ], [ 79.0626423, 29.5968887 ], [ 79.0625568, 29.5966762 ], [ 79.0622513, 29.5956561 ], [ 79.0619702, 29.5949122 ], [ 79.0617747, 29.5940515 ], [ 79.0614569, 29.5929464 ], [ 79.0614447, 29.5911718 ], [ 79.0614936, 29.5904917 ], [ 79.061347, 29.5898753 ], [ 79.0604426, 29.5883451 ], [ 79.0583163, 29.5863259 ], [ 79.0574853, 29.5859221 ], [ 79.0556278, 29.5853907 ], [ 79.054589, 29.5857202 ], [ 79.0525727, 29.5869317 ], [ 79.0504585, 29.5888764 ], [ 79.0485888, 29.5899497 ], [ 79.0471345, 29.5908742 ], [ 79.0456681, 29.5913099 ], [ 79.0449471, 29.5914162 ], [ 79.0438228, 29.5914481 ], [ 79.0429796, 29.5912887 ], [ 79.0420019, 29.5909274 ], [ 79.0405721, 29.5898222 ], [ 79.0389346, 29.5879731 ], [ 79.0377614, 29.5861984 ], [ 79.0373093, 29.5854332 ], [ 79.0367105, 29.5850507 ], [ 79.0361117, 29.5850082 ], [ 79.0345196, 29.5853621 ], [ 79.0332061, 29.5858655 ], [ 79.0323507, 29.5864216 ], [ 79.0316594, 29.5869401 ], [ 79.0305792, 29.5879546 ], [ 79.0298361, 29.5885106 ], [ 79.0287818, 29.5889915 ], [ 79.0278227, 29.589247 ], [ 79.0266475, 29.5893297 ], [ 79.0261722, 29.5892846 ], [ 79.0251958, 29.5886609 ], [ 79.0248328, 29.5883603 ], [ 79.0244958, 29.587917 ], [ 79.0242971, 29.5871129 ], [ 79.0242798, 29.5866621 ], [ 79.024323, 29.5861436 ], [ 79.024107, 29.5856626 ], [ 79.0229663, 29.5844152 ], [ 79.0224651, 29.5840019 ], [ 79.0218343, 29.5835961 ], [ 79.0212035, 29.5834007 ], [ 79.02059, 29.5834383 ], [ 79.0200975, 29.583521 ], [ 79.0193284, 29.5839268 ], [ 79.0184643, 29.5847158 ], [ 79.0180927, 29.5849262 ], [ 79.0178075, 29.585054 ], [ 79.0167792, 29.5850239 ], [ 79.0162262, 29.5849713 ], [ 79.0149992, 29.585084 ], [ 79.0133055, 29.5854823 ], [ 79.0115081, 29.5860459 ], [ 79.0112834, 29.5861586 ], [ 79.0102724, 29.5863916 ], [ 79.0097021, 29.5864366 ], [ 79.0089158, 29.5863239 ], [ 79.0082203, 29.5860415 ], [ 79.0081857, 29.5856808 ], [ 79.008082, 29.5852299 ], [ 79.0081684, 29.5847941 ], [ 79.0085141, 29.5843582 ], [ 79.0091881, 29.5835617 ], [ 79.0093955, 29.5830356 ], [ 79.0093091, 29.582224 ], [ 79.0089116, 29.5816078 ], [ 79.0088079, 29.5800748 ], [ 79.0088424, 29.5780307 ], [ 79.0089713, 29.5749024 ], [ 79.0081159, 29.5724579 ], [ 79.0074804, 29.570821 ], [ 79.0067961, 29.5698432 ], [ 79.0059406, 29.5693543 ], [ 79.003521, 29.5682914 ], [ 79.0028366, 29.5676324 ], [ 79.0017857, 29.5664207 ], [ 79.0008569, 29.5652302 ], [ 79.0003192, 29.5643161 ], [ 78.9993416, 29.563572 ], [ 78.9982173, 29.5624878 ], [ 78.997924, 29.5619138 ], [ 78.9981928, 29.5609358 ], [ 78.9998304, 29.5589587 ], [ 79.0015901, 29.5579595 ], [ 79.0045542, 29.5567022 ], [ 79.005022, 29.5563734 ], [ 79.005203, 29.5561814 ], [ 79.0056012, 29.5558345 ], [ 79.0059437, 29.5555584 ], [ 79.0060043, 29.55514 ], [ 79.0058549, 29.5548495 ], [ 79.0045475, 29.5537074 ], [ 79.0012031, 29.5519132 ], [ 79.0006984, 29.5515999 ], [ 79.0002562, 29.551271 ], [ 78.999828, 29.5511672 ], [ 78.9992705, 29.5511767 ], [ 78.9987039, 29.5512771 ], [ 78.9982405, 29.5515252 ], [ 78.9974507, 29.5522573 ], [ 78.9967248, 29.5530541 ], [ 78.9966036, 29.5533646 ], [ 78.9963114, 29.5534954 ], [ 78.9959725, 29.5535621 ], [ 78.9954254, 29.5535394 ], [ 78.9948324, 29.5535126 ], [ 78.9940795, 29.553443 ], [ 78.9936648, 29.5533645 ], [ 78.9932941, 29.5531817 ], [ 78.9930607, 29.5529803 ], [ 78.9925819, 29.5525015 ], [ 78.992528, 29.5522625 ], [ 78.9925675, 29.5521223 ], [ 78.992547, 29.5519965 ], [ 78.9923971, 29.551768 ], [ 78.9921379, 29.5515194 ], [ 78.9916366, 29.5513598 ], [ 78.9910847, 29.5511272 ], [ 78.9904399, 29.5509189 ], [ 78.9888527, 29.5494384 ], [ 78.9876051, 29.5486127 ], [ 78.9869235, 29.5483403 ], [ 78.9864274, 29.5476929 ], [ 78.9858995, 29.547215 ], [ 78.9848557, 29.5466371 ], [ 78.9838591, 29.5465571 ], [ 78.9822177, 29.5464283 ], [ 78.9816016, 29.5462005 ], [ 78.9810638, 29.5458863 ], [ 78.9805917, 29.5454993 ], [ 78.9800387, 29.5448527 ], [ 78.9799463, 29.5443754 ], [ 78.9800127, 29.5434539 ], [ 78.9799944, 29.5429307 ], [ 78.9798411, 29.5427004 ], [ 78.9794283, 29.54246 ], [ 78.9783264, 29.5416041 ], [ 78.9777858, 29.5411263 ], [ 78.9763322, 29.5398853 ], [ 78.9757703, 29.5397586 ], [ 78.9746445, 29.5397254 ], [ 78.9733641, 29.5396772 ], [ 78.9730342, 29.5396191 ], [ 78.9716862, 29.5394161 ], [ 78.9696555, 29.539168 ], [ 78.9686186, 29.5392432 ], [ 78.9682902, 29.5395289 ], [ 78.9678308, 29.5405659 ], [ 78.9674592, 29.5409009 ], [ 78.9667812, 29.5412627 ], [ 78.96639, 29.5417071 ], [ 78.9655116, 29.5424824 ], [ 78.9649963, 29.5429041 ], [ 78.9643646, 29.5433575 ], [ 78.9639351, 29.543404 ], [ 78.9634474, 29.5434583 ], [ 78.9631264, 29.5436701 ], [ 78.9628403, 29.5438819 ], [ 78.9623365, 29.5443854 ], [ 78.961697, 29.545077 ], [ 78.9604613, 29.5465354 ], [ 78.9599119, 29.5478163 ], [ 78.959683, 29.5481531 ], [ 78.9591741, 29.5486921 ], [ 78.9586086, 29.5491337 ], [ 78.9579213, 29.5494475 ], [ 78.9573952, 29.5497704 ], [ 78.9562373, 29.5508158 ], [ 78.9558723, 29.5510963 ], [ 78.9555459, 29.5514467 ], [ 78.9552688, 29.5514643 ], [ 78.9549484, 29.5513646 ], [ 78.9546256, 29.551207 ], [ 78.9544623, 29.5510066 ], [ 78.9545809, 29.5507212 ], [ 78.9545555, 29.5504267 ], [ 78.9541811, 29.5500684 ], [ 78.9536795, 29.5497484 ], [ 78.9525444, 29.5492171 ], [ 78.9521528, 29.5490834 ], [ 78.9509489, 29.5492071 ], [ 78.9496583, 29.5502768 ], [ 78.9479132, 29.5510784 ], [ 78.9462586, 29.55173 ], [ 78.9451704, 29.552391 ], [ 78.9436142, 29.5531432 ], [ 78.9424002, 29.5539553 ], [ 78.9415033, 29.5545275 ], [ 78.9411582, 29.5550105 ], [ 78.9407244, 29.5553508 ], [ 78.9396798, 29.5553628 ], [ 78.9387049, 29.5549419 ], [ 78.9377329, 29.5542292 ], [ 78.9357851, 29.5533325 ], [ 78.934435, 29.5533736 ], [ 78.9334715, 29.5535329 ], [ 78.9310835, 29.5540923 ], [ 78.9303322, 29.5543106 ], [ 78.9285881, 29.5544937 ], [ 78.9265864, 29.555063 ] ] } },
{ "type": "Feature", "properties": { "full_id": "w329052413", "osm_id": "329052413", "osm_type": "way", "waterway": "river", "intermittent": null, "alt_name": null, "wikidata": null, "name:uk": null, "layer": null, "width": null, "tunnel": null, "name:ml": null, "name:kn": "ರಾಮಗಂಗಾ", "name:hi": null, "name:en": null, "name": "Ramganga", "int_name": null, "boat": null }, "geometry": { "type": "LineString", "coordinates": [ [ 79.403021, 29.9051809 ], [ 79.4026975, 29.9050572 ], [ 79.4022884, 29.9046943 ], [ 79.401946, 29.904414 ], [ 79.4011421, 29.9039068 ], [ 79.4003334, 29.9031604 ], [ 79.3999053, 29.9027935 ], [ 79.3995438, 29.9026326 ], [ 79.39913, 29.9024677 ], [ 79.3980693, 29.9019646 ], [ 79.3970561, 29.9014698 ], [ 79.3964234, 29.9011606 ], [ 79.3959383, 29.900641 ], [ 79.3957099, 29.9003936 ], [ 79.3952533, 29.8998616 ], [ 79.3950059, 29.8995029 ], [ 79.3947253, 29.8989297 ], [ 79.3940641, 29.898505 ], [ 79.392475, 29.8974508 ] ] } },
{ "type": "Feature", "properties": { "full_id": "w329075071", "osm_id": "329075071", "osm_type": "way", "waterway": "river", "intermittent": null, "alt_name": null, "wikidata": null, "name:uk": null, "layer": null, "width": null, "tunnel": null, "name:ml": null, "name:kn": null, "name:hi": null, "name:en": null, "name": null, "int_name": null, "boat": null }, "geometry": { "type": "LineString", "coordinates": [ [ 79.4182491, 29.9702134 ], [ 79.4182011, 29.9700139 ], [ 79.4180573, 29.9698228 ], [ 79.4178846, 29.9696068 ], [ 79.4178846, 29.9691664 ], [ 79.4180189, 29.968834 ], [ 79.4181915, 29.9684351 ], [ 79.4182234, 29.968038 ], [ 79.4181584, 29.9677644 ], [ 79.4179726, 29.9675632 ], [ 79.4175546, 29.9674586 ], [ 79.4172202, 29.9673782 ], [ 79.4169694, 29.9673862 ], [ 79.4166071, 29.9674184 ], [ 79.4162913, 29.9673621 ], [ 79.4158361, 29.9672092 ], [ 79.4154459, 29.9670402 ], [ 79.4150836, 29.9668792 ], [ 79.4147957, 29.9666136 ], [ 79.414582, 29.9662756 ], [ 79.4145913, 29.9657204 ], [ 79.414582, 29.9654468 ], [ 79.4146563, 29.9650524 ], [ 79.4148514, 29.9647466 ], [ 79.4151858, 29.9644086 ], [ 79.4153995, 29.9642396 ], [ 79.4155946, 29.9637406 ], [ 79.4155481, 29.9634831 ], [ 79.4151858, 29.9632497 ], [ 79.4148979, 29.9631612 ], [ 79.414647, 29.9631371 ], [ 79.4142383, 29.9631049 ], [ 79.413876, 29.9630888 ], [ 79.4132536, 29.962783 ], [ 79.4129657, 29.9623645 ], [ 79.4127892, 29.9620506 ], [ 79.4126313, 29.9616241 ], [ 79.4125848, 29.9613183 ], [ 79.4127056, 29.9609802 ], [ 79.4127985, 29.9607388 ], [ 79.4129471, 29.9603123 ], [ 79.4129935, 29.9596282 ], [ 79.41304, 29.9594431 ], [ 79.4131329, 29.9589682 ], [ 79.4129935, 29.9587107 ], [ 79.412622, 29.9582922 ], [ 79.4123619, 29.9580105 ], [ 79.4118695, 29.9576966 ], [ 79.4113493, 29.9572942 ], [ 79.4109313, 29.9571091 ], [ 79.410569, 29.9569803 ], [ 79.4102253, 29.9568355 ], [ 79.4099931, 29.956594 ], [ 79.4099652, 29.9563606 ], [ 79.410021, 29.9561353 ], [ 79.4101231, 29.9559501 ], [ 79.4102904, 29.9558294 ], [ 79.4104297, 29.9555638 ], [ 79.4104854, 29.9553787 ], [ 79.4104947, 29.9552097 ], [ 79.4104576, 29.9547268 ], [ 79.4102996, 29.9544773 ], [ 79.4098909, 29.954268 ], [ 79.4095565, 29.9540588 ], [ 79.4093521, 29.9537771 ], [ 79.4090734, 29.9533505 ], [ 79.4086833, 29.9526422 ], [ 79.4081538, 29.9519822 ], [ 79.4077451, 29.95162 ], [ 79.4077265, 29.9511612 ], [ 79.4079125, 29.9504266 ], [ 79.4077166, 29.9498384 ], [ 79.4078288, 29.9495578 ], [ 79.4092582, 29.9489051 ] ] } },
{ "type": "Feature", "properties": { "full_id": "w355881546", "osm_id": "355881546", "osm_type": "way", "waterway": "river", "intermittent": null, "alt_name": null, "wikidata": "Q18391937", "name:uk": "Сарасваті", "layer": null, "width": "15-20 Metres", "tunnel": "no", "name:ml": null, "name:kn": null, "name:hi": null, "name:en": null, "name": "Saraswati", "int_name": null, "boat": null }, "geometry": { "type": "LineString", "coordinates": [ [ 79.4151945, 31.0649861 ], [ 79.4151945, 31.0633681 ], [ 79.4136495, 31.0611553 ], [ 79.4124378, 31.0604382 ], [ 79.4104468, 31.0595928 ], [ 79.4101916, 31.0586307 ], [ 79.4086771, 31.0565607 ], [ 79.4077108, 31.0546809 ], [ 79.4070009, 31.0536088 ], [ 79.406395, 31.0531652 ], [ 79.4060121, 31.0528008 ], [ 79.4052208, 31.0523416 ], [ 79.4049741, 31.0520646 ], [ 79.4041488, 31.0512191 ], [ 79.4033575, 31.0509129 ], [ 79.4029491, 31.0505849 ], [ 79.4027109, 31.0498852 ], [ 79.4025492, 31.0482961 ], [ 79.4024386, 31.0475161 ], [ 79.401843, 31.0471444 ], [ 79.4016133, 31.0463863 ], [ 79.4008816, 31.0459489 ], [ 79.3992991, 31.045548 ], [ 79.3988681, 31.0444879 ], [ 79.3985806, 31.0441489 ], [ 79.3983755, 31.0439151 ], [ 79.3972315, 31.0435069 ], [ 79.3962531, 31.0434267 ], [ 79.3957629, 31.0432867 ], [ 79.3950534, 31.0430841 ], [ 79.3943387, 31.0424353 ], [ 79.3937346, 31.0418303 ], [ 79.3922797, 31.0408024 ], [ 79.3917522, 31.0396797 ], [ 79.3911992, 31.0385789 ], [ 79.3908673, 31.0375656 ], [ 79.390544, 31.0368585 ], [ 79.3895656, 31.0366179 ], [ 79.3891402, 31.0363627 ], [ 79.387898, 31.0359107 ], [ 79.3865622, 31.0358743 ], [ 79.3847754, 31.0348318 ], [ 79.3838565, 31.0332643 ], [ 79.3833205, 31.032703 ], [ 79.3828781, 31.0315365 ], [ 79.3829206, 31.0304064 ], [ 79.382274, 31.0288899 ], [ 79.3818401, 31.0277234 ], [ 79.3818145, 31.0264985 ], [ 79.3805723, 31.0252226 ], [ 79.380266, 31.0240998 ], [ 79.3791429, 31.0232904 ], [ 79.3787175, 31.0225322 ], [ 79.3788622, 31.0220582 ], [ 79.3788622, 31.0211541 ], [ 79.3790408, 31.0194479 ], [ 79.3791514, 31.0188864 ], [ 79.3780709, 31.0182739 ], [ 79.3774158, 31.0170198 ], [ 79.377688, 31.016101 ], [ 79.3781219, 31.0148687 ], [ 79.3778497, 31.0138551 ], [ 79.3775264, 31.0124332 ], [ 79.3770669, 31.0116456 ], [ 79.3766245, 31.0106393 ], [ 79.3768542, 31.0083204 ], [ 79.3767947, 31.0071244 ], [ 79.3760204, 31.0056732 ], [ 79.3766585, 31.0043095 ], [ 79.3770244, 31.0027853 ], [ 79.3778922, 31.0008527 ], [ 79.3787005, 30.9991607 ], [ 79.37916, 30.9979136 ], [ 79.3796902, 30.9963714 ], [ 79.3800431, 30.9961921 ] ] } },
{ "type": "Feature", "properties": { "full_id": "w355884934", "osm_id": "355884934", "osm_type": "way", "waterway": "river", "intermittent": null, "alt_name": null, "wikidata": null, "name:uk": null, "layer": null, "width": null, "tunnel": null, "name:ml": null, "name:kn": null, "name:hi": null, "name:en": null, "name": "Arwa River", "int_name": null, "boat": null }, "geometry": { "type": "LineString", "coordinates": [ [ 79.3162148, 30.9326463 ], [ 79.31744, 30.9321518 ], [ 79.3187372, 30.9315954 ], [ 79.3198904, 30.9307917 ], [ 79.3210435, 30.9301117 ], [ 79.3235659, 30.9283807 ], [ 79.3281783, 30.9262787 ], [ 79.3291495, 30.9256892 ], [ 79.3303725, 30.9242029 ], [ 79.330984, 30.9227165 ], [ 79.3332518, 30.9203557 ], [ 79.3342965, 30.9191316 ], [ 79.3350099, 30.9184758 ], [ 79.3365897, 30.9174921 ], [ 79.3385262, 30.9149345 ], [ 79.3395964, 30.9141257 ], [ 79.3399786, 30.9133606 ], [ 79.3399277, 30.9129671 ], [ 79.3393671, 30.9114149 ], [ 79.3394044, 30.9085049 ], [ 79.3397467, 30.9073145 ], [ 79.3397467, 30.9059232 ], [ 79.3396747, 30.905645 ], [ 79.340035, 30.9044546 ], [ 79.340017, 30.9032179 ], [ 79.3393864, 30.9028468 ], [ 79.3393984, 30.9016 ], [ 79.3395747, 30.9006926 ], [ 79.3395923, 30.8994675 ], [ 79.3392751, 30.8986659 ], [ 79.3389754, 30.8976072 ], [ 79.3395747, 30.8961703 ], [ 79.3389754, 30.8948393 ], [ 79.3386229, 30.8936898 ], [ 79.3392574, 30.8921621 ], [ 79.3395129, 30.8917148 ], [ 79.3396981, 30.8913907 ], [ 79.3399625, 30.8912092 ], [ 79.3402312, 30.8910989 ], [ 79.3403679, 30.8910428 ], [ 79.3405382, 30.8907427 ], [ 79.34102, 30.8898933 ], [ 79.3411434, 30.8896664 ], [ 79.3419895, 30.8893336 ], [ 79.3435406, 30.8890009 ], [ 79.343805, 30.8884714 ], [ 79.3438755, 30.8878966 ], [ 79.3449859, 30.8856428 ], [ 79.3460963, 30.8847655 ], [ 79.3468099, 30.8838889 ], [ 79.3472337, 30.8837177 ], [ 79.3490534, 30.883707 ], [ 79.3510102, 30.8834182 ], [ 79.3520184, 30.8832782 ], [ 79.3526911, 30.8831848 ], [ 79.352892, 30.8831569 ], [ 79.3535527, 30.8830652 ], [ 79.3553599, 30.8812789 ], [ 79.3560953, 30.8810329 ], [ 79.3563819, 30.8807227 ], [ 79.3569213, 30.8797198 ] ] } },
{ "type": "Feature", "properties": { "full_id": "w355884935", "osm_id": "355884935", "osm_type": "way", "waterway": "river", "intermittent": null, "alt_name": null, "wikidata": null, "name:uk": null, "layer": null, "width": null, "tunnel": null, "name:ml": null, "name:kn": null, "name:hi": null, "name:en": null, "name": "Arwa", "int_name": null, "boat": null }, "geometry": { "type": "LineString", "coordinates": [ [ 79.3569213, 30.8797198 ], [ 79.3593699, 30.8798012 ], [ 79.3641641, 30.8771284 ], [ 79.3669111, 30.8759442 ], [ 79.3689313, 30.8755725 ], [ 79.3697578, 30.8760594 ], [ 79.3709678, 30.8764266 ], [ 79.3716951, 30.8766473 ], [ 79.3720802, 30.877081 ], [ 79.3732305, 30.8783766 ], [ 79.3745167, 30.8788533 ], [ 79.3769802, 30.8791848 ], [ 79.3788639, 30.8786771 ], [ 79.3802552, 30.8773022 ], [ 79.3804264, 30.8771331 ], [ 79.380451, 30.8771088 ], [ 79.3807218, 30.8768412 ], [ 79.3828872, 30.8755059 ], [ 79.3849402, 30.8745543 ], [ 79.3888045, 30.8748065 ], [ 79.3919223, 30.8742148 ], [ 79.3951117, 30.8740804 ], [ 79.4001735, 30.8748534 ], [ 79.4003762, 30.8748844 ], [ 79.4045531, 30.874375 ], [ 79.4086318, 30.8742414 ], [ 79.4103231, 30.8732774 ], [ 79.413283, 30.8732386 ], [ 79.4155112, 30.8737785 ], [ 79.4181293, 30.8735324 ], [ 79.4190884, 30.8732973 ], [ 79.4197853, 30.8728035 ], [ 79.4206042, 30.8723148 ], [ 79.4214532, 30.8720422 ], [ 79.4220374, 30.8723253 ], [ 79.4230298, 30.8725451 ], [ 79.4238304, 30.8723035 ], [ 79.4252529, 30.8720488 ], [ 79.4254077, 30.8717057 ], [ 79.4258818, 30.8712422 ], [ 79.4263687, 30.8713111 ], [ 79.4271126, 30.8717402 ], [ 79.4278367, 30.8724764 ], [ 79.4288935, 30.8731844 ], [ 79.4297855, 30.873462 ], [ 79.4310945, 30.8734587 ], [ 79.4317818, 30.8732291 ], [ 79.432436, 30.8726587 ], [ 79.4334423, 30.8722059 ], [ 79.4340443, 30.8721294 ], [ 79.4347302, 30.8723823 ], [ 79.4358352, 30.8721755 ], [ 79.436918, 30.8716256 ], [ 79.4382985, 30.8713126 ], [ 79.4398684, 30.8710872 ], [ 79.4410196, 30.8710602 ], [ 79.4437156, 30.8702885 ], [ 79.4439692, 30.8699998 ], [ 79.4444141, 30.8698572 ], [ 79.4450861, 30.869977 ], [ 79.4454711, 30.869892 ], [ 79.4458544, 30.8696543 ], [ 79.44636, 30.8692144 ], [ 79.4470049, 30.8693355 ], [ 79.4477544, 30.8692306 ], [ 79.4487954, 30.8690738 ], [ 79.4496654, 30.868943 ], [ 79.4502418, 30.8691424 ], [ 79.4506428, 30.8691139 ], [ 79.4513273, 30.8688046 ], [ 79.4516224, 30.8686933 ], [ 79.4519547, 30.868757 ], [ 79.4525225, 30.8686824 ], [ 79.4527995, 30.8682665 ], [ 79.4533134, 30.8680848 ], [ 79.4540127, 30.8680692 ], [ 79.4545783, 30.8678232 ], [ 79.455758, 30.8672536 ], [ 79.4567579, 30.8671659 ], [ 79.4571918, 30.8668439 ], [ 79.4576044, 30.866878 ], [ 79.4580251, 30.8667028 ], [ 79.458917, 30.8661042 ], [ 79.4590658, 30.8658056 ], [ 79.4593442, 30.8656872 ], [ 79.4597328, 30.8655553 ], [ 79.460409, 30.8649161 ], [ 79.4615821, 30.8645172 ], [ 79.4629962, 30.863321 ] ] } },
{ "type": "Feature", "properties": { "full_id": "w367599240", "osm_id": "367599240", "osm_type": "way", "waterway": "river", "intermittent": null, "alt_name": "Laxman Ganga", "wikidata": null, "name:uk": null, "layer": null, "width": null, "tunnel": null, "name:ml": null, "name:kn": null, "name:hi": null, "name:en": null, "name": "Bhlundhar Ganga", "int_name": null, "boat": null }, "geometry": { "type": "LineString", "coordinates": [ [ 79.5927836, 30.7189851 ], [ 79.592624, 30.7186696 ], [ 79.592616, 30.7181413 ], [ 79.5926808, 30.7178473 ], [ 79.592632, 30.7175925 ], [ 79.5925666, 30.7174111 ], [ 79.5924564, 30.7171054 ], [ 79.5926479, 30.7164468 ], [ 79.5930645, 30.7159942 ], [ 79.5930234, 30.7158266 ], [ 79.5929489, 30.7155234 ], [ 79.5934619, 30.7145464 ], [ 79.5935952, 30.7140936 ], [ 79.5943375, 30.7132671 ], [ 79.5950661, 30.7127979 ], [ 79.5955336, 30.7123396 ], [ 79.5959086, 30.7120572 ], [ 79.596037, 30.7117234 ], [ 79.5959833, 30.7113586 ], [ 79.5959272, 30.7109052 ], [ 79.5954804, 30.7102598 ], [ 79.5951572, 30.7098915 ], [ 79.5949008, 30.7088725 ], [ 79.5948509, 30.7080018 ], [ 79.5939882, 30.7070313 ], [ 79.5937103, 30.7062307 ], [ 79.593422, 30.7059978 ], [ 79.5933683, 30.705683 ], [ 79.5930893, 30.7053141 ], [ 79.5928533, 30.7046314 ], [ 79.5923598, 30.7037274 ], [ 79.5921803, 30.7033626 ], [ 79.5918877, 30.702768 ], [ 79.591244, 30.7019747 ], [ 79.590729, 30.7010521 ], [ 79.5900423, 30.6995946 ], [ 79.5897419, 30.6990226 ], [ 79.5890151, 30.6987101 ], [ 79.5887978, 30.6986167 ], [ 79.5881326, 30.6982846 ], [ 79.5878322, 30.6976019 ], [ 79.5873816, 30.6969377 ], [ 79.5871026, 30.6961258 ], [ 79.5874245, 30.6954431 ], [ 79.5874245, 30.6947235 ], [ 79.5872743, 30.6939485 ], [ 79.5870597, 30.6932105 ], [ 79.5868666, 30.6919927 ], [ 79.5868881, 30.6913653 ], [ 79.5872099, 30.6904796 ], [ 79.5873205, 30.6902145 ], [ 79.5875103, 30.6897599 ], [ 79.5881755, 30.6894647 ], [ 79.5887763, 30.6891695 ], [ 79.5890767, 30.6884683 ], [ 79.5890755, 30.6880494 ], [ 79.589363, 30.6877619 ], [ 79.5897822, 30.6875998 ], [ 79.590008, 30.6872356 ], [ 79.5902788, 30.6865945 ], [ 79.5904071, 30.6862908 ], [ 79.5904071, 30.6855896 ], [ 79.5901282, 30.6844455 ], [ 79.5900638, 30.6833014 ], [ 79.589935, 30.6821573 ], [ 79.5901483, 30.6811134 ], [ 79.5912869, 30.6802934 ], [ 79.592349, 30.6791423 ], [ 79.5924396, 30.6788141 ], [ 79.5927342, 30.6780621 ], [ 79.5925387, 30.6772045 ], [ 79.5925462, 30.6768042 ], [ 79.5923853, 30.6765182 ], [ 79.5924364, 30.6761654 ], [ 79.592852, 30.6756047 ], [ 79.5925248, 30.6747557 ], [ 79.5925766, 30.6743564 ], [ 79.5922887, 30.674036 ], [ 79.5922482, 30.6736423 ], [ 79.5922082, 30.673255 ], [ 79.5915816, 30.6727849 ], [ 79.5910528, 30.6723867 ], [ 79.5909525, 30.6718374 ], [ 79.5906855, 30.6713018 ], [ 79.5905375, 30.6711973 ], [ 79.5903686, 30.6710781 ], [ 79.5899014, 30.6708015 ], [ 79.5894883, 30.6704784 ], [ 79.5891483, 30.6702241 ], [ 79.5886268, 30.6696551 ], [ 79.5885154, 30.6694698 ], [ 79.5884922, 30.6692459 ], [ 79.5885618, 30.6689673 ], [ 79.5884015, 30.6686655 ], [ 79.5886074, 30.6679181 ], [ 79.5881254, 30.6675353 ], [ 79.5878123, 30.6674325 ], [ 79.5873954, 30.6674162 ], [ 79.5872402, 30.667267 ], [ 79.587058, 30.6671487 ], [ 79.587169, 30.6666125 ], [ 79.5871074, 30.6662902 ], [ 79.5869279, 30.666067 ], [ 79.5867525, 30.6656918 ], [ 79.5867754, 30.6654174 ], [ 79.5869681, 30.6652136 ], [ 79.5870825, 30.6649179 ], [ 79.5870405, 30.6646886 ], [ 79.5868769, 30.6645795 ], [ 79.5867199, 30.6643779 ], [ 79.5867946, 30.6641492 ], [ 79.5868748, 30.663903 ], [ 79.586982, 30.6636491 ], [ 79.5872403, 30.6631784 ], [ 79.5872546, 30.6630139 ], [ 79.5873183, 30.6622814 ], [ 79.587224, 30.6621391 ], [ 79.5873781, 30.6614091 ], [ 79.5869596, 30.6611869 ], [ 79.5865997, 30.6611663 ], [ 79.5865375, 30.6608597 ], [ 79.5866619, 30.6604836 ], [ 79.5867142, 30.6601927 ], [ 79.5867111, 30.6596988 ], [ 79.5872443, 30.6588871 ], [ 79.5875964, 30.6586462 ], [ 79.5877589, 30.6584793 ], [ 79.5879169, 30.6579324 ], [ 79.5878845, 30.6577902 ], [ 79.588002, 30.6575972 ], [ 79.587867, 30.6575589 ], [ 79.5878896, 30.6570784 ], [ 79.5877072, 30.6571328 ], [ 79.5876069, 30.6570437 ], [ 79.5875698, 30.6567762 ], [ 79.5875747, 30.6566279 ], [ 79.5876853, 30.656325 ], [ 79.5874477, 30.6559488 ], [ 79.5872028, 30.6555125 ], [ 79.5871651, 30.6553399 ], [ 79.5872112, 30.6551099 ], [ 79.587392, 30.6548011 ], [ 79.5874824, 30.6546041 ], [ 79.5872031, 30.6544784 ], [ 79.5869689, 30.6542838 ], [ 79.5868202, 30.6539229 ], [ 79.5867278, 30.6534982 ], [ 79.586698, 30.6531963 ], [ 79.5866952, 30.6528943 ], [ 79.5859956, 30.6525773 ], [ 79.5855927, 30.6523367 ], [ 79.5853678, 30.6523671 ], [ 79.5849391, 30.6521755 ], [ 79.5848244, 30.6515898 ], [ 79.5846917, 30.6511127 ], [ 79.5846434, 30.6508301 ], [ 79.5845249, 30.6505635 ], [ 79.5835866, 30.6488117 ], [ 79.5831368, 30.6484653 ], [ 79.5819825, 30.648524 ], [ 79.581921, 30.6475955 ], [ 79.5813, 30.646832 ], [ 79.5809796, 30.6453398 ], [ 79.5796773, 30.6424632 ], [ 79.5783617, 30.6413066 ], [ 79.5777286, 30.6403533 ], [ 79.5776083, 30.6402632 ], [ 79.5770197, 30.6398226 ], [ 79.5769006, 30.6393008 ], [ 79.5766842, 30.6378247 ], [ 79.5767037, 30.6373216 ], [ 79.5761473, 30.6366541 ], [ 79.5753342, 30.6366497 ], [ 79.5744457, 30.6357786 ], [ 79.5738682, 30.6351045 ], [ 79.5740712, 30.6345334 ], [ 79.5733094, 30.6336195 ], [ 79.5726679, 30.6334419 ], [ 79.571992, 30.6332706 ], [ 79.570595, 30.6318931 ], [ 79.5695901, 30.6314543 ], [ 79.5693066, 30.6301732 ], [ 79.5677411, 30.6290036 ], [ 79.5667112, 30.6292805 ], [ 79.5661239, 30.6288792 ], [ 79.5652441, 30.6265959 ], [ 79.5637929, 30.6246275 ], [ 79.5630097, 30.6245629 ], [ 79.5625701, 30.6244358 ], [ 79.5622051, 30.6229657 ], [ 79.5614675, 30.6220104 ] ] } },
{ "type": "Feature", "properties": { "full_id": "w484300885", "osm_id": "484300885", "osm_type": "way", "waterway": "river", "intermittent": null, "alt_name": null, "wikidata": null, "name:uk": null, "layer": null, "width": null, "tunnel": null, "name:ml": null, "name:kn": null, "name:hi": null, "name:en": null, "name": "Pindari River", "int_name": null, "boat": null }, "geometry": { "type": "LineString", "coordinates": [ [ 79.960614, 30.133963 ], [ 79.959727, 30.1330928 ], [ 79.9589601, 30.1324211 ], [ 79.9581842, 30.131456 ], [ 79.9567208, 30.130786 ], [ 79.9555256, 30.1300103 ], [ 79.9544913, 30.1283418 ], [ 79.953942, 30.1264414 ], [ 79.9536266, 30.1260016 ], [ 79.9522272, 30.1251433 ], [ 79.9509379, 30.1235833 ], [ 79.949835, 30.1225959 ], [ 79.9488029, 30.1221764 ], [ 79.9481656, 30.120918 ], [ 79.9466957, 30.1198675 ], [ 79.9458546, 30.1191789 ], [ 79.9448418, 30.1192031 ], [ 79.9438204, 30.1181618 ], [ 79.9422197, 30.1176124 ], [ 79.9408228, 30.1167363 ], [ 79.9390375, 30.1155726 ], [ 79.9371364, 30.1143308 ], [ 79.9351204, 30.1139466 ], [ 79.9348769, 30.1139002 ], [ 79.9313621, 30.1130389 ], [ 79.9309779, 30.1129728 ], [ 79.9305123, 30.1129103 ], [ 79.9300406, 30.1130279 ], [ 79.9294224, 30.113154 ], [ 79.9291333, 30.1131896 ], [ 79.9288627, 30.1132677 ], [ 79.9283806, 30.1132284 ], [ 79.9275353, 30.1134834 ] ] } },
{ "type": "Feature", "properties": { "full_id": "w550483012", "osm_id": "550483012", "osm_type": "way", "waterway": "river", "intermittent": null, "alt_name": null, "wikidata": null, "name:uk": null, "layer": null, "width": null, "tunnel": null, "name:ml": null, "name:kn": null, "name:hi": null, "name:en": null, "name": "Pindar River", "int_name": null, "boat": null }, "geometry": { "type": "LineString", "coordinates": [ [ 79.9275353, 30.1134834 ], [ 79.9272964, 30.1134103 ], [ 79.9271472, 30.1133028 ], [ 79.9269233, 30.1131393 ], [ 79.9267961, 30.1129755 ], [ 79.9266916, 30.1125275 ], [ 79.926516, 30.1121644 ], [ 79.9261366, 30.111764 ], [ 79.9257448, 30.1110202 ], [ 79.9255195, 30.1108139 ], [ 79.9251364, 30.1104524 ], [ 79.9247947, 30.1102345 ], [ 79.9245272, 30.1101116 ], [ 79.924356, 30.1098832 ], [ 79.9242113, 30.1096761 ], [ 79.9240424, 30.109438 ], [ 79.9238132, 30.1091844 ], [ 79.9235249, 30.1089911 ], [ 79.9231471, 30.1086584 ], [ 79.9226097, 30.10837 ], [ 79.9222766, 30.1082536 ], [ 79.9220135, 30.1082372 ], [ 79.9217157, 30.1082244 ], [ 79.9215668, 30.1081205 ], [ 79.9215674, 30.1079247 ], [ 79.921581, 30.1077621 ], [ 79.9216804, 30.1075994 ], [ 79.9218012, 30.1072651 ], [ 79.9216095, 30.1070677 ], [ 79.9211872, 30.106875 ], [ 79.9207401, 30.1065757 ], [ 79.9204785, 30.1064947 ], [ 79.9202212, 30.1062573 ], [ 79.9200685, 30.1060519 ], [ 79.9199987, 30.1058603 ], [ 79.9197689, 30.1054839 ], [ 79.919422, 30.1051222 ], [ 79.9189528, 30.1048002 ], [ 79.9185552, 30.1046442 ], [ 79.9183557, 30.1045065 ], [ 79.9181562, 30.1043223 ], [ 79.918009, 30.1038939 ], [ 79.9175379, 30.103093 ], [ 79.9172965, 30.1029167 ], [ 79.9170175, 30.1027728 ], [ 79.9168781, 30.1026289 ], [ 79.9166957, 30.1024572 ], [ 79.9164865, 30.1022576 ], [ 79.9163041, 30.1021231 ], [ 79.9161378, 30.1020813 ], [ 79.9156764, 30.1020256 ], [ 79.9154672, 30.1018678 ], [ 79.9153546, 30.1017611 ], [ 79.9153438, 30.1016358 ], [ 79.9153653, 30.1015012 ], [ 79.9153868, 30.1013619 ], [ 79.9153385, 30.1011809 ], [ 79.9152419, 30.1009999 ], [ 79.9151816, 30.1009311 ], [ 79.9151078, 30.1008468 ], [ 79.9150434, 30.1007447 ], [ 79.9149093, 30.1004755 ], [ 79.9147538, 30.1001228 ], [ 79.9146518, 30.0998861 ], [ 79.9145499, 30.0997562 ], [ 79.9143621, 30.0996541 ], [ 79.9141905, 30.0995937 ], [ 79.9139759, 30.0995891 ], [ 79.9137882, 30.0996076 ], [ 79.9136272, 30.0996123 ], [ 79.9133858, 30.0996076 ], [ 79.9131498, 30.0995427 ], [ 79.912962, 30.0994777 ], [ 79.9126625, 30.0993599 ], [ 79.912549, 30.0993153 ], [ 79.9124471, 30.0991714 ], [ 79.912388, 30.0989997 ], [ 79.9123666, 30.0988697 ], [ 79.912388, 30.0986794 ], [ 79.9124685, 30.0984706 ], [ 79.9125061, 30.0982246 ], [ 79.91249, 30.0980761 ], [ 79.9123666, 30.0977466 ], [ 79.9122754, 30.0974635 ], [ 79.9115834, 30.0963681 ], [ 79.9104729, 30.0955095 ], [ 79.9092499, 30.0949897 ], [ 79.9086276, 30.094804 ], [ 79.9080482, 30.0946184 ], [ 79.9074903, 30.0943585 ], [ 79.9070397, 30.0941728 ], [ 79.9065676, 30.0939315 ], [ 79.9062672, 30.0937087 ], [ 79.9056235, 30.0933745 ], [ 79.9052373, 30.0932631 ], [ 79.9043092, 30.0930682 ], [ 79.9037299, 30.0930775 ], [ 79.9030754, 30.093096 ], [ 79.9024961, 30.0931146 ], [ 79.9005756, 30.0932631 ], [ 79.9002108, 30.0933559 ], [ 79.8998353, 30.0934395 ], [ 79.8993096, 30.0934581 ], [ 79.8990306, 30.0934116 ], [ 79.8986766, 30.0932817 ], [ 79.8984727, 30.0932074 ], [ 79.8982367, 30.0931424 ], [ 79.8980007, 30.0931796 ], [ 79.8977432, 30.0932167 ], [ 79.897432, 30.0932724 ], [ 79.8970995, 30.0933559 ], [ 79.8964986, 30.0933467 ], [ 79.896048, 30.0933095 ], [ 79.8957476, 30.0932538 ], [ 79.8954258, 30.0931146 ], [ 79.8952004, 30.0929568 ], [ 79.8950181, 30.0927619 ], [ 79.8948679, 30.0925669 ], [ 79.8946747, 30.0924555 ], [ 79.8943958, 30.0923627 ], [ 79.8941383, 30.0922791 ], [ 79.8938057, 30.0922049 ], [ 79.8934409, 30.0921863 ], [ 79.8930118, 30.0921863 ], [ 79.8926684, 30.0921863 ], [ 79.8922393, 30.0922884 ], [ 79.8919174, 30.0924555 ], [ 79.8916277, 30.092604 ], [ 79.8913613, 30.0926232 ], [ 79.8912415, 30.0926319 ], [ 79.8908982, 30.0926226 ], [ 79.8906085, 30.0925669 ], [ 79.8901794, 30.0925019 ], [ 79.8895383, 30.0923163 ], [ 79.8894643, 30.0922988 ], [ 79.8888892, 30.0921631 ], [ 79.8884225, 30.0919821 ], [ 79.8879665, 30.0915133 ], [ 79.8878485, 30.0912627 ], [ 79.8877144, 30.0910956 ], [ 79.8875467, 30.091037 ], [ 79.8874355, 30.0909981 ], [ 79.8872423, 30.0909749 ], [ 79.8869205, 30.0909981 ], [ 79.886722, 30.0910306 ], [ 79.8864645, 30.0911002 ], [ 79.8860783, 30.0912952 ], [ 79.8857939, 30.0915087 ], [ 79.8855472, 30.0916108 ], [ 79.8853809, 30.0916479 ], [ 79.8850483, 30.0916479 ], [ 79.8846781, 30.0915783 ], [ 79.8844904, 30.0915087 ], [ 79.8842758, 30.0914251 ], [ 79.884029, 30.0913462 ], [ 79.8837876, 30.0912627 ], [ 79.8833996, 30.0910079 ], [ 79.8834121, 30.0909146 ], [ 79.8832458, 30.0907382 ], [ 79.8831278, 30.0904133 ], [ 79.8830688, 30.0901951 ], [ 79.8830849, 30.0900837 ], [ 79.8829776, 30.0899538 ], [ 79.8828221, 30.0898331 ], [ 79.8826933, 30.0897124 ], [ 79.8825538, 30.0895546 ], [ 79.8823875, 30.0893875 ], [ 79.8821193, 30.0890208 ], [ 79.8819798, 30.088863 ], [ 79.8817974, 30.0887098 ], [ 79.8816097, 30.0885706 ], [ 79.8814273, 30.0884731 ], [ 79.8811644, 30.0883849 ], [ 79.8808801, 30.0882689 ], [ 79.8803973, 30.0881761 ], [ 79.8800218, 30.0881389 ], [ 79.8796517, 30.0880879 ], [ 79.8793781, 30.0880507 ], [ 79.879185, 30.0879718 ], [ 79.8790187, 30.0879115 ], [ 79.8787987, 30.0877862 ], [ 79.8785895, 30.0876609 ], [ 79.8783642, 30.0874798 ], [ 79.8780531, 30.0872199 ], [ 79.8776776, 30.0871085 ], [ 79.8771948, 30.0870296 ], [ 79.8769319, 30.0870017 ], [ 79.876653, 30.0869785 ], [ 79.8763901, 30.08696 ], [ 79.8761755, 30.0869321 ], [ 79.8759449, 30.0868671 ], [ 79.8757088, 30.0867929 ], [ 79.8755694, 30.0866026 ], [ 79.8753011, 30.0863519 ], [ 79.8751617, 30.0861941 ], [ 79.8749149, 30.0861152 ], [ 79.8746681, 30.0860873 ], [ 79.8744375, 30.0860873 ], [ 79.8742014, 30.0861291 ], [ 79.8739815, 30.0861755 ], [ 79.8738313, 30.0862034 ], [ 79.8736382, 30.0862684 ], [ 79.8734826, 30.086389 ], [ 79.8734075, 30.0865561 ], [ 79.8731071, 30.0868578 ], [ 79.8729408, 30.0870946 ], [ 79.8728067, 30.0873127 ], [ 79.8725921, 30.0874891 ], [ 79.8724741, 30.0876191 ], [ 79.8723024, 30.0877955 ], [ 79.872002, 30.0880879 ], [ 79.8716909, 30.08832 ], [ 79.8713797, 30.0884314 ], [ 79.8709774, 30.0885706 ], [ 79.8707092, 30.0886634 ], [ 79.8704624, 30.0887609 ], [ 79.8702693, 30.0889141 ], [ 79.8699335, 30.0894157 ], [ 79.8699102, 30.0896232 ], [ 79.8699627, 30.0900145 ], [ 79.8699237, 30.0903206 ], [ 79.8698569, 30.0905509 ], [ 79.8695468, 30.0907922 ], [ 79.8690746, 30.0909728 ], [ 79.8685312, 30.0910863 ], [ 79.8681611, 30.0910817 ], [ 79.867748, 30.0910352 ], [ 79.8675662, 30.0909828 ], [ 79.8674905, 30.090961 ], [ 79.8673135, 30.0909842 ], [ 79.8671794, 30.0911234 ], [ 79.8670399, 30.0913137 ], [ 79.8669648, 30.0914855 ], [ 79.8670238, 30.0918382 ], [ 79.8670882, 30.0921213 ], [ 79.8671955, 30.0925344 ], [ 79.8671687, 30.0926969 ], [ 79.8670292, 30.0931703 ], [ 79.8668522, 30.0934348 ], [ 79.8666215, 30.0936484 ], [ 79.8664284, 30.0938062 ], [ 79.8661441, 30.09395 ], [ 79.8652804, 30.0941914 ], [ 79.8647761, 30.0943306 ], [ 79.8643577, 30.0945209 ], [ 79.8640251, 30.0946648 ], [ 79.8638213, 30.0948644 ], [ 79.8635584, 30.0950407 ], [ 79.8626572, 30.0954028 ], [ 79.862212, 30.0955327 ], [ 79.8619116, 30.0956952 ], [ 79.8616165, 30.0958344 ], [ 79.8613858, 30.0959458 ], [ 79.8611498, 30.0960897 ], [ 79.8609431, 30.0962255 ], [ 79.8608816, 30.096266 ], [ 79.86049, 30.096628 ], [ 79.8604632, 30.0969668 ], [ 79.8603559, 30.0971989 ], [ 79.8601413, 30.0973613 ], [ 79.8597765, 30.0974588 ], [ 79.8594976, 30.0975377 ], [ 79.8593205, 30.0976259 ], [ 79.8589718, 30.0977187 ], [ 79.8580277, 30.0978951 ], [ 79.8577058, 30.0981457 ], [ 79.857164, 30.0983453 ], [ 79.8569012, 30.0983035 ], [ 79.8565686, 30.0982385 ], [ 79.8563272, 30.0981921 ], [ 79.8559249, 30.0980993 ], [ 79.8554206, 30.0979554 ], [ 79.8548842, 30.0978301 ], [ 79.8545623, 30.0977141 ], [ 79.8542726, 30.0974867 ], [ 79.8541492, 30.0972824 ], [ 79.8540741, 30.0970782 ], [ 79.8540212, 30.0969531 ], [ 79.8539937, 30.0968879 ], [ 79.8536718, 30.0965027 ], [ 79.8534948, 30.0963217 ], [ 79.8532319, 30.0963032 ], [ 79.853012, 30.0963264 ], [ 79.8528242, 30.0964192 ], [ 79.8526204, 30.0965631 ], [ 79.8523843, 30.0967023 ], [ 79.852218, 30.0968555 ], [ 79.8519766, 30.0970457 ], [ 79.8517835, 30.0971386 ], [ 79.8515802, 30.0972116 ], [ 79.8514992, 30.0972407 ], [ 79.8511076, 30.0971293 ], [ 79.8509199, 30.0969854 ], [ 79.8508072, 30.0967673 ], [ 79.8506302, 30.0965399 ], [ 79.8504532, 30.096331 ], [ 79.8502869, 30.0960989 ], [ 79.8501581, 30.0958576 ], [ 79.8499918, 30.0956348 ], [ 79.8498746, 30.0955284 ], [ 79.8497719, 30.0954352 ], [ 79.8495251, 30.0952914 ], [ 79.8492462, 30.0952171 ], [ 79.8488867, 30.0951707 ], [ 79.8482591, 30.0951011 ], [ 79.8477817, 30.0948133 ], [ 79.8476744, 30.0945813 ], [ 79.8476154, 30.094326 ], [ 79.8475671, 30.0940846 ], [ 79.8475027, 30.0937365 ], [ 79.8474115, 30.0934534 ], [ 79.8473257, 30.0933142 ], [ 79.8470843, 30.0929475 ], [ 79.8469448, 30.0926226 ], [ 79.8468107, 30.0923998 ], [ 79.846741, 30.0922235 ], [ 79.8465532, 30.091996 ], [ 79.8464892, 30.0919151 ], [ 79.8460168, 30.0913184 ], [ 79.8458129, 30.0910585 ], [ 79.8456735, 30.0908357 ], [ 79.8454911, 30.0906129 ], [ 79.8453516, 30.0904133 ], [ 79.8452711, 30.0901348 ], [ 79.8449707, 30.0895546 ], [ 79.8448366, 30.0893365 ], [ 79.8445684, 30.0891833 ], [ 79.8443324, 30.0891369 ], [ 79.8438227, 30.0890208 ], [ 79.8435545, 30.0888445 ], [ 79.8432112, 30.0886634 ], [ 79.8427338, 30.0884638 ], [ 79.8422939, 30.0882735 ], [ 79.8420257, 30.0881714 ], [ 79.8417038, 30.0880507 ], [ 79.8412854, 30.087698 ], [ 79.8406577, 30.0873591 ], [ 79.8402715, 30.0871224 ], [ 79.8398155, 30.0868346 ], [ 79.8394454, 30.0866675 ], [ 79.8392093, 30.0866258 ], [ 79.8388124, 30.0866397 ], [ 79.8380882, 30.0868114 ], [ 79.8377234, 30.0870203 ], [ 79.837482, 30.0871503 ], [ 79.8373372, 30.0872895 ], [ 79.8371279, 30.0874752 ], [ 79.8367953, 30.0875402 ], [ 79.8365915, 30.0875448 ], [ 79.8364359, 30.0875309 ], [ 79.8358566, 30.0873916 ], [ 79.8355186, 30.0871456 ], [ 79.8352397, 30.0869414 ], [ 79.8349929, 30.0867836 ], [ 79.8346871, 30.0865747 ], [ 79.8343921, 30.0864122 ], [ 79.8338932, 30.086273 ], [ 79.8333246, 30.0863333 ], [ 79.832595, 30.0863798 ], [ 79.8311842, 30.0861941 ], [ 79.8305941, 30.0858413 ], [ 79.8299074, 30.0854607 ], [ 79.8294461, 30.0850522 ], [ 79.8288775, 30.084718 ], [ 79.8285985, 30.0845324 ], [ 79.828105, 30.0843653 ], [ 79.8279441, 30.0843838 ], [ 79.8275149, 30.0843745 ], [ 79.8274076, 30.0843653 ], [ 79.8272789, 30.0843281 ], [ 79.8267317, 30.0841889 ], [ 79.826324, 30.084031 ], [ 79.8262811, 30.0838732 ], [ 79.8261953, 30.0836318 ], [ 79.8261738, 30.0833069 ], [ 79.8258948, 30.0827035 ], [ 79.8257339, 30.0824064 ], [ 79.8254764, 30.0820629 ], [ 79.8251116, 30.081803 ], [ 79.8245645, 30.0813945 ], [ 79.8236203, 30.0805775 ], [ 79.823277, 30.080104 ], [ 79.8227513, 30.0793891 ], [ 79.8223436, 30.0790456 ], [ 79.8216999, 30.0786928 ], [ 79.8212063, 30.078535 ], [ 79.8207343, 30.0782751 ], [ 79.8203051, 30.0780151 ], [ 79.818331, 30.076901 ], [ 79.8169792, 30.076214 ], [ 79.8147873, 30.0750893 ], [ 79.8136318, 30.0744964 ], [ 79.812752, 30.0744035 ], [ 79.8123121, 30.0742642 ], [ 79.8114109, 30.0738186 ], [ 79.8111963, 30.0733172 ], [ 79.8109603, 30.0729087 ], [ 79.8107886, 30.0725744 ], [ 79.8106599, 30.0722216 ], [ 79.810338, 30.0717017 ], [ 79.8100805, 30.0712375 ], [ 79.8098767, 30.0699376 ], [ 79.8097265, 30.0694176 ], [ 79.8093831, 30.0689905 ], [ 79.8084497, 30.0685727 ], [ 79.8079777, 30.068257 ], [ 79.8065615, 30.0670778 ], [ 79.8055208, 30.0663907 ], [ 79.8050272, 30.0661214 ], [ 79.8045766, 30.0658614 ], [ 79.8043942, 30.0654993 ], [ 79.8042548, 30.0651093 ], [ 79.804008, 30.0646543 ], [ 79.803729, 30.0641065 ], [ 79.8030102, 30.0634287 ], [ 79.8026669, 30.0630201 ], [ 79.8025811, 30.062723 ], [ 79.8023987, 30.0623051 ], [ 79.8023343, 30.0619522 ], [ 79.8024201, 30.0615715 ], [ 79.8025811, 30.0611908 ], [ 79.802506, 30.0607915 ], [ 79.8023343, 30.0603922 ], [ 79.8020339, 30.0600208 ], [ 79.8017549, 30.0599465 ], [ 79.8015511, 30.0599465 ], [ 79.8007035, 30.0601044 ], [ 79.8002314, 30.0604294 ], [ 79.7997916, 30.0606151 ], [ 79.7994053, 30.0607544 ], [ 79.7991693, 30.0608101 ], [ 79.7988045, 30.0608751 ], [ 79.7976029, 30.0608937 ], [ 79.7969699, 30.0607358 ], [ 79.7961759, 30.0604201 ], [ 79.7958326, 30.0602158 ], [ 79.7954357, 30.0598908 ], [ 79.7950923, 30.0596401 ], [ 79.7946632, 30.0591758 ], [ 79.7940838, 30.0582472 ], [ 79.7939444, 30.0578015 ], [ 79.793762, 30.0573093 ], [ 79.7936332, 30.0569564 ], [ 79.7930217, 30.0561486 ], [ 79.7923458, 30.0554614 ], [ 79.7917128, 30.0551271 ], [ 79.7910368, 30.0548671 ], [ 79.7904682, 30.0548578 ], [ 79.7894275, 30.0548578 ], [ 79.7887516, 30.0548578 ], [ 79.7883761, 30.0548671 ], [ 79.7878396, 30.0548763 ], [ 79.7873568, 30.0548763 ], [ 79.7870135, 30.0548113 ], [ 79.7867238, 30.0546349 ], [ 79.7864878, 30.054282 ], [ 79.7864664, 30.0540313 ], [ 79.7864771, 30.0537713 ], [ 79.7864985, 30.0534927 ], [ 79.7865951, 30.0532234 ], [ 79.786917, 30.052889 ], [ 79.7871208, 30.0522947 ], [ 79.7871208, 30.0518675 ], [ 79.786874, 30.051236 ], [ 79.7865736, 30.0506974 ], [ 79.7860157, 30.0502517 ], [ 79.7855437, 30.0500566 ], [ 79.785018, 30.0500752 ], [ 79.7848248, 30.0501031 ], [ 79.7845673, 30.0501588 ], [ 79.7835588, 30.050781 ], [ 79.7828078, 30.0509946 ], [ 79.7824323, 30.0508924 ], [ 79.7821426, 30.050781 ], [ 79.7818315, 30.050651 ], [ 79.7817564, 30.0504745 ], [ 79.7816813, 30.0503167 ], [ 79.7817027, 30.0500102 ], [ 79.781853, 30.0495923 ], [ 79.7820139, 30.049258 ], [ 79.782089, 30.0488029 ], [ 79.7820568, 30.0483479 ], [ 79.7819924, 30.0479392 ], [ 79.7817993, 30.0475492 ], [ 79.781574, 30.0472334 ], [ 79.7811878, 30.0469084 ], [ 79.7802865, 30.046992 ], [ 79.7798359, 30.047057 ], [ 79.7793531, 30.047252 ], [ 79.7790098, 30.0472891 ], [ 79.7784412, 30.0472891 ], [ 79.7782159, 30.0472799 ], [ 79.7779047, 30.0472706 ], [ 79.7767997, 30.047317 ], [ 79.7761722, 30.0472991 ], [ 79.7758538, 30.047429 ], [ 79.7752938, 30.0476631 ], [ 79.7745192, 30.0478866 ], [ 79.7741098, 30.0478739 ], [ 79.7736435, 30.0475759 ], [ 79.773159, 30.0471597 ], [ 79.7728864, 30.0464204 ], [ 79.7729992, 30.0462237 ], [ 79.7732484, 30.046119 ], [ 79.7732913, 30.0457382 ], [ 79.7730982, 30.0454224 ], [ 79.7724793, 30.0444098 ], [ 79.7721202, 30.0440295 ], [ 79.771587, 30.0443295 ], [ 79.7712161, 30.0450283 ], [ 79.7705648, 30.0456649 ], [ 79.7691488, 30.0459324 ], [ 79.768635, 30.0457568 ], [ 79.7673583, 30.0457568 ], [ 79.7665, 30.0455617 ], [ 79.7659314, 30.0454131 ], [ 79.7648156, 30.0450695 ], [ 79.7634637, 30.0444194 ], [ 79.763217, 30.0441129 ], [ 79.7630024, 30.043695 ], [ 79.7629917, 30.0434071 ], [ 79.7632492, 30.0431099 ], [ 79.763571, 30.0428498 ], [ 79.7640645, 30.0424876 ], [ 79.764719, 30.0419397 ], [ 79.764998, 30.0417261 ], [ 79.7652125, 30.0414289 ], [ 79.7653091, 30.0410852 ], [ 79.7652233, 30.0406859 ], [ 79.7650731, 30.0403608 ], [ 79.765116, 30.0398314 ], [ 79.7649336, 30.0387354 ], [ 79.7652984, 30.0381131 ], [ 79.7653332, 30.0366131 ], [ 79.7652045, 30.0357819 ], [ 79.7650918, 30.0353825 ], [ 79.7643837, 30.0349738 ], [ 79.7637775, 30.0346951 ], [ 79.7630694, 30.0343329 ], [ 79.7614065, 30.0338964 ], [ 79.7606662, 30.0337477 ], [ 79.7602048, 30.0338406 ], [ 79.7598615, 30.0339149 ], [ 79.7595718, 30.0339985 ], [ 79.7591105, 30.03411 ], [ 79.7582629, 30.0344908 ], [ 79.7581449, 30.0344908 ], [ 79.7577694, 30.0345744 ], [ 79.7571579, 30.0343979 ], [ 79.7569004, 30.03411 ], [ 79.7565034, 30.0335806 ], [ 79.7556665, 30.0324845 ], [ 79.754701, 30.0312399 ], [ 79.7538534, 30.0302553 ], [ 79.7533598, 30.0298745 ], [ 79.7530927, 30.0297248 ], [ 79.7528127, 30.0295679 ], [ 79.7520938, 30.0293914 ], [ 79.7508493, 30.0291871 ], [ 79.7480598, 30.0286205 ], [ 79.7469655, 30.0284347 ], [ 79.7440794, 30.0281189 ], [ 79.7427276, 30.0277659 ], [ 79.7423091, 30.0273665 ], [ 79.7417512, 30.0267348 ], [ 79.7416494, 30.0266219 ], [ 79.7414079, 30.026354 ], [ 79.741011, 30.0258803 ], [ 79.739981, 30.0253136 ], [ 79.7390606, 30.0249541 ], [ 79.7385541, 30.0247563 ], [ 79.7379854, 30.0246169 ], [ 79.7366765, 30.0244683 ], [ 79.7361508, 30.0245426 ], [ 79.7359362, 30.0246913 ], [ 79.7353569, 30.0249142 ], [ 79.7347882, 30.0247841 ], [ 79.734402, 30.0245519 ], [ 79.7333077, 30.0241339 ], [ 79.7319236, 30.0233908 ], [ 79.7304431, 30.0226569 ], [ 79.7293165, 30.0221088 ], [ 79.7286299, 30.0218116 ], [ 79.7281471, 30.0216537 ], [ 79.7268167, 30.0216072 ], [ 79.7264948, 30.0216908 ], [ 79.7255614, 30.0219416 ], [ 79.7248748, 30.0221832 ], [ 79.7245315, 30.0222482 ], [ 79.7237697, 30.022016 ], [ 79.7232375, 30.0218222 ], [ 79.7228256, 30.0216722 ], [ 79.7222033, 30.0212078 ], [ 79.7217956, 30.0210963 ], [ 79.7215167, 30.0213285 ], [ 79.7210124, 30.0215515 ], [ 79.7205189, 30.0219416 ] ] } },
{ "type": "Feature", "properties": { "full_id": "w560710150", "osm_id": "560710150", "osm_type": "way", "waterway": "river", "intermittent": null, "alt_name": null, "wikidata": null, "name:uk": null, "layer": null, "width": "60 m", "tunnel": null, "name:ml": null, "name:kn": "ರಾಮಗಂಗಾ", "name:hi": null, "name:en": null, "name": "Ramganga", "int_name": null, "boat": null }, "geometry": { "type": "LineString", "coordinates": [ [ 78.7582889, 29.5073079 ], [ 78.7594189, 29.5063088 ], [ 78.7617334, 29.5016274 ], [ 78.7620759, 29.4997862 ], [ 78.7604611, 29.495519 ] ] } },
{ "type": "Feature", "properties": { "full_id": "w560764833", "osm_id": "560764833", "osm_type": "way", "waterway": "river", "intermittent": null, "alt_name": null, "wikidata": null, "name:uk": null, "layer": null, "width": null, "tunnel": null, "name:ml": null, "name:kn": "ರಾಮಗಂಗಾ", "name:hi": null, "name:en": null, "name": "Ramganga", "int_name": null, "boat": null }, "geometry": { "type": "LineString", "coordinates": [ [ 78.745818, 29.4845964 ], [ 78.743623, 29.4843042 ], [ 78.7416762, 29.4834496 ], [ 78.7404553, 29.4827231 ], [ 78.7393965, 29.4828505 ], [ 78.7367883, 29.4841693 ], [ 78.7348773, 29.4843791 ], [ 78.7335431, 29.4846488 ], [ 78.7316682, 29.4855519 ], [ 78.7293769, 29.4857653 ], [ 78.7274045, 29.4865047 ], [ 78.725561, 29.4881021 ] ] } },
{ "type": "Feature", "properties": { "full_id": "w561038007", "osm_id": "561038007", "osm_type": "way", "waterway": "river", "intermittent": null, "alt_name": null, "wikidata": null, "name:uk": null, "layer": null, "width": null, "tunnel": null, "name:ml": null, "name:kn": "ರಾಮಗಂಗಾ", "name:hi": null, "name:en": null, "name": "Ramganga", "int_name": null, "boat": null }, "geometry": { "type": "LineString", "coordinates": [ [ 78.639719, 29.4766533 ], [ 78.637584, 29.4742031 ], [ 78.6369062, 29.4730412 ], [ 78.6352836, 29.4707811 ], [ 78.6336266, 29.4693094 ], [ 78.6319027, 29.4678522 ], [ 78.6296097, 29.466599 ], [ 78.6283209, 29.466395 ], [ 78.6266149, 29.4659893 ], [ 78.6251122, 29.4656791 ], [ 78.623998, 29.464887 ], [ 78.6229987, 29.4643184 ], [ 78.6225335, 29.4638046 ], [ 78.6224582, 29.4636079 ], [ 78.622426, 29.4628213 ], [ 78.6222109, 29.4624467 ], [ 78.6219957, 29.4613978 ], [ 78.6220065, 29.4604519 ], [ 78.621942, 29.4602646 ], [ 78.6216946, 29.4586632 ], [ 78.6218559, 29.4582979 ], [ 78.6218882, 29.4576423 ], [ 78.6217376, 29.4570617 ], [ 78.6215655, 29.4550762 ], [ 78.621501, 29.4548421 ], [ 78.6213504, 29.4544487 ], [ 78.621103, 29.4540741 ], [ 78.6206297, 29.4535871 ], [ 78.6205329, 29.4534091 ], [ 78.6193283, 29.4522477 ], [ 78.6181236, 29.450131 ], [ 78.6180053, 29.4497377 ], [ 78.6175751, 29.4488011 ], [ 78.617446, 29.4486418 ], [ 78.6168974, 29.4473867 ], [ 78.6167146, 29.4472369 ], [ 78.6166501, 29.4470215 ], [ 78.6166501, 29.4468154 ], [ 78.6164027, 29.4464501 ], [ 78.6163274, 29.4462534 ], [ 78.6162628, 29.4454666 ], [ 78.6161445, 29.4450732 ], [ 78.6157358, 29.4440054 ], [ 78.615596, 29.4438275 ], [ 78.6154239, 29.4433873 ], [ 78.6153056, 29.443228 ], [ 78.6148646, 29.4417949 ], [ 78.6146279, 29.4414109 ], [ 78.6140686, 29.4394906 ], [ 78.6140149, 29.4391347 ], [ 78.613832, 29.4386757 ], [ 78.6136814, 29.4373081 ], [ 78.6137352, 29.4370926 ], [ 78.6137782, 29.4364744 ], [ 78.6141439, 29.4358468 ], [ 78.6145419, 29.4352566 ], [ 78.614714, 29.435088 ], [ 78.6151657, 29.4343667 ], [ 78.6154884, 29.4340576 ], [ 78.6169082, 29.4332614 ], [ 78.6181882, 29.4317719 ], [ 78.6193713, 29.4306571 ], [ 78.6199091, 29.4291676 ], [ 78.6201565, 29.4260855 ], [ 78.6204254, 29.4244648 ], [ 78.6205975, 29.4228721 ], [ 78.6204792, 29.4216355 ], [ 78.6202856, 29.4212701 ], [ 78.6184355, 29.4189841 ], [ 78.6183602, 29.4187405 ], [ 78.6181129, 29.4184032 ], [ 78.6176611, 29.4176443 ], [ 78.6178225, 29.4162483 ], [ 78.6182419, 29.4145619 ], [ 78.6192422, 29.4136156 ], [ 78.6197935, 29.4126969 ] ] } },
{ "type": "Feature", "properties": { "full_id": "w561038014", "osm_id": "561038014", "osm_type": "way", "waterway": "river", "intermittent": null, "alt_name": null, "wikidata": null, "name:uk": null, "layer": null, "width": null, "tunnel": null, "name:ml": null, "name:kn": "ರಾಮಗಂಗಾ", "name:hi": null, "name:en": null, "name": "Ramganga", "int_name": null, "boat": null }, "geometry": { "type": "LineString", "coordinates": [ [ 78.6462442, 29.4800633 ], [ 78.6458615, 29.4800045 ], [ 78.6443552, 29.4795819 ], [ 78.6407902, 29.4779209 ], [ 78.639719, 29.4766533 ] ] } },
{ "type": "Feature", "properties": { "full_id": "w561038019", "osm_id": "561038019", "osm_type": "way", "waterway": "river", "intermittent": null, "alt_name": null, "wikidata": null, "name:uk": null, "layer": null, "width": null, "tunnel": null, "name:ml": null, "name:kn": "ರಾಮಗಂಗಾ", "name:hi": null, "name:en": null, "name": "Ramganga", "int_name": null, "boat": null }, "geometry": { "type": "LineString", "coordinates": [ [ 78.6921034, 29.4917057 ], [ 78.6915176, 29.4916642 ], [ 78.6909234, 29.4916788 ], [ 78.6898522, 29.4919628 ], [ 78.6891074, 29.4921158 ], [ 78.6875257, 29.4923562 ], [ 78.6859776, 29.4925456 ], [ 78.6845131, 29.492786 ], [ 78.6836344, 29.4926767 ], [ 78.682195, 29.4920138 ], [ 78.6803957, 29.4917516 ], [ 78.6801028, 29.491788 ], [ 78.679676, 29.491839 ], [ 78.6785128, 29.4917443 ], [ 78.6776843, 29.4914675 ], [ 78.6764457, 29.4911106 ], [ 78.6750649, 29.4907464 ], [ 78.6741611, 29.4906954 ], [ 78.6736004, 29.4905861 ], [ 78.6732573, 29.4904186 ], [ 78.6730313, 29.4900689 ], [ 78.6729979, 29.4894133 ], [ 78.6722614, 29.4884591 ], [ 78.6709308, 29.4872207 ], [ 78.6701944, 29.4860187 ], [ 78.6699099, 29.484824 ], [ 78.6697174, 29.4837605 ], [ 78.6686629, 29.4829518 ], [ 78.6680186, 29.4823399 ], [ 78.6677424, 29.4817935 ], [ 78.6669725, 29.4807955 ], [ 78.6653406, 29.4798193 ], [ 78.6629639, 29.4786391 ], [ 78.6618174, 29.4781656 ], [ 78.6612567, 29.4780781 ], [ 78.6605036, 29.4781583 ], [ 78.6601772, 29.4783477 ], [ 78.6596324, 29.4786218 ], [ 78.6584608, 29.4786115 ], [ 78.6569577, 29.4782818 ], [ 78.6554073, 29.4785806 ], [ 78.6549694, 29.4786527 ], [ 78.654425, 29.4789721 ], [ 78.6532297, 29.4796315 ], [ 78.6522119, 29.4797242 ], [ 78.6517977, 29.4795285 ], [ 78.6507562, 29.4793739 ], [ 78.6490874, 29.4799303 ], [ 78.6478532, 29.4803104 ], [ 78.6462442, 29.4800633 ] ] } },
{ "type": "Feature", "properties": { "full_id": "w561041911", "osm_id": "561041911", "osm_type": "way", "waterway": "river", "intermittent": null, "alt_name": null, "wikidata": null, "name:uk": null, "layer": null, "width": null, "tunnel": null, "name:ml": null, "name:kn": "ರಾಮಗಂಗಾ", "name:hi": null, "name:en": null, "name": "Ramganga", "int_name": null, "boat": null }, "geometry": { "type": "LineString", "coordinates": [ [ 78.7253022, 29.0312761 ], [ 78.7256241, 29.0291935 ], [ 78.7261712, 29.0276831 ], [ 78.7271583, 29.0262712 ], [ 78.7280005, 29.0256708 ], [ 78.7289822, 29.0253285 ], [ 78.7295293, 29.0254269 ], [ 78.7299961, 29.0256662 ], [ 78.7306237, 29.0258069 ], [ 78.731997, 29.0263041 ], [ 78.7334723, 29.026942 ], [ 78.7344056, 29.0271813 ], [ 78.7350923, 29.0272516 ], [ 78.7356019, 29.0272985 ], [ 78.7366158, 29.027078 ], [ 78.7374418, 29.0265855 ], [ 78.7378227, 29.0257694 ], [ 78.7381071, 29.02447 ], [ 78.7379784, 29.0237617 ], [ 78.7375706, 29.0227486 ], [ 78.7368303, 29.0221762 ], [ 78.7360257, 29.0219464 ], [ 78.7351352, 29.0219323 ], [ 78.7333917, 29.0220542 ], [ 78.7322545, 29.0224765 ], [ 78.7310743, 29.0230347 ], [ 78.7296582, 29.0235742 ], [ 78.7284243, 29.0236773 ], [ 78.7278825, 29.0234475 ], [ 78.7273515, 29.0229221 ], [ 78.7270027, 29.0219605 ], [ 78.7272549, 29.0211067 ], [ 78.7276948, 29.0201217 ], [ 78.7279093, 29.0195024 ], [ 78.7276518, 29.0180107 ], [ 78.7268042, 29.0170819 ], [ 78.7254632, 29.0164158 ], [ 78.7240255, 29.0148865 ], [ 78.7232745, 29.0142016 ], [ 78.7228346, 29.0135823 ], [ 78.722341, 29.0127379 ], [ 78.7220621, 29.0116871 ], [ 78.7219655, 29.0096229 ], [ 78.7220299, 29.0090505 ], [ 78.7223196, 29.0081028 ], [ 78.7226844, 29.0075774 ], [ 78.7237847, 29.0068116 ], [ 78.7245849, 29.0065466 ], [ 78.7254177, 29.006585 ], [ 78.7261524, 29.0068091 ], [ 78.7268647, 29.0072431 ], [ 78.7273997, 29.0077754 ], [ 78.7273751, 29.0085628 ], [ 78.7274131, 29.0091895 ], [ 78.7272193, 29.0101173 ], [ 78.7272045, 29.0108039 ], [ 78.727275, 29.0112338 ], [ 78.7274605, 29.011613 ], [ 78.7280321, 29.0119129 ], [ 78.7285128, 29.0119501 ], [ 78.7287326, 29.0117586 ], [ 78.7289125, 29.0114478 ], [ 78.7298003, 29.010672 ], [ 78.7306559, 29.0103359 ], [ 78.7318307, 29.0100779 ], [ 78.7329895, 29.0096276 ], [ 78.7335205, 29.0093132 ], [ 78.7341213, 29.0086752 ], [ 78.7346578, 29.0077932 ], [ 78.7350118, 29.0069863 ], [ 78.7353444, 29.0054005 ], [ 78.7353658, 29.004115 ], [ 78.7352693, 29.0020413 ], [ 78.7352693, 28.9996579 ], [ 78.735398, 28.9978187 ], [ 78.7363529, 28.994614 ], [ 78.7366587, 28.9923524 ], [ 78.7368947, 28.9918081 ], [ 78.7374258, 28.9909166 ], [ 78.7381393, 28.9901142 ], [ 78.7390995, 28.9892884 ], [ 78.7406444, 28.9881388 ], [ 78.7409394, 28.9878525 ], [ 78.7411433, 28.9874303 ], [ 78.7412453, 28.9868577 ], [ 78.7412345, 28.9862853 ], [ 78.7409449, 28.9855063 ], [ 78.7406122, 28.9848212 ], [ 78.7399256, 28.9836105 ], [ 78.7392873, 28.9828128 ], [ 78.7383807, 28.9819118 ], [ 78.7366587, 28.9805885 ], [ 78.7334025, 28.978411 ], [ 78.731246, 28.9760177 ], [ 78.730098, 28.974591 ], [ 78.7294221, 28.9734178 ], [ 78.7289286, 28.9719254 ], [ 78.728714, 28.9708929 ], [ 78.7286818, 28.9690814 ], [ 78.7287461, 28.9683773 ], [ 78.7290842, 28.9674386 ], [ 78.7300498, 28.9663921 ], [ 78.731128, 28.9660823 ], [ 78.7320882, 28.9662325 ], [ 78.7330485, 28.9662653 ], [ 78.7340891, 28.9661621 ], [ 78.7347436, 28.9660213 ], [ 78.7350977, 28.965796 ], [ 78.735736, 28.9652704 ], [ 78.7358862, 28.9646039 ], [ 78.735736, 28.9640078 ], [ 78.7354517, 28.9634962 ], [ 78.7346148, 28.9627124 ], [ 78.7337458, 28.9621774 ], [ 78.7329572, 28.9620225 ], [ 78.7322921, 28.9619708 ], [ 78.7315196, 28.9620084 ], [ 78.7297976, 28.9622759 ], [ 78.7286067, 28.9623557 ], [ 78.7274372, 28.9627077 ], [ 78.7266111, 28.9630363 ], [ 78.725903, 28.9635338 ], [ 78.7248731, 28.9645992 ], [ 78.7248141, 28.9651155 ], [ 78.724916, 28.9657819 ], [ 78.7246048, 28.9667534 ], [ 78.7243581, 28.9680676 ], [ 78.7244117, 28.9685463 ], [ 78.7244493, 28.9701514 ], [ 78.7243152, 28.9705737 ], [ 78.7240738, 28.9709257 ], [ 78.7216759, 28.9717001 ], [ 78.7212038, 28.972038 ], [ 78.720206, 28.9725683 ], [ 78.7194711, 28.9732441 ], [ 78.7190902, 28.9740654 ], [ 78.7189615, 28.9747553 ], [ 78.718586, 28.975248 ], [ 78.717159, 28.9759332 ], [ 78.7161076, 28.9761866 ], [ 78.7150776, 28.9762148 ], [ 78.7140798, 28.9761397 ], [ 78.7132966, 28.9759707 ], [ 78.7116444, 28.9754029 ], [ 78.7111669, 28.9749477 ], [ 78.7107486, 28.9742766 ], [ 78.7104374, 28.9731597 ], [ 78.7103677, 28.9726012 ], [ 78.7092841, 28.9707896 ], [ 78.7090909, 28.9701138 ], [ 78.7089836, 28.9685134 ], [ 78.7091768, 28.9675889 ], [ 78.7094611, 28.9670773 ], [ 78.710078, 28.9666925 ], [ 78.7114674, 28.9662419 ], [ 78.7127226, 28.9661151 ], [ 78.7139189, 28.9663498 ], [ 78.7152708, 28.9669787 ], [ 78.7163865, 28.9676921 ], [ 78.7173092, 28.967908 ], [ 78.7182319, 28.9678751 ], [ 78.7188434, 28.9677156 ], [ 78.7194818, 28.9672134 ], [ 78.7197983, 28.9665047 ], [ 78.7197232, 28.9660589 ], [ 78.719219, 28.965214 ], [ 78.7186182, 28.9633507 ], [ 78.7183821, 28.962182 ], [ 78.7183499, 28.9610462 ], [ 78.7184894, 28.9598822 ], [ 78.7188649, 28.9584459 ], [ 78.7194336, 28.9573194 ], [ 78.7206995, 28.9561272 ], [ 78.7223303, 28.9551321 ], [ 78.7230599, 28.9544374 ], [ 78.7242052, 28.9530701 ], [ 78.7244278, 28.9523908 ], [ 78.7244442, 28.9517718 ], [ 78.7241614, 28.9504471 ], [ 78.7241861, 28.9501096 ], [ 78.7244148, 28.9494556 ], [ 78.7254524, 28.9488234 ], [ 78.7272495, 28.9481427 ], [ 78.7282151, 28.9478094 ], [ 78.7302107, 28.9472696 ], [ 78.7311441, 28.9468894 ], [ 78.7322653, 28.946542 ], [ 78.7336277, 28.9459083 ], [ 78.734706, 28.9451665 ], [ 78.7363851, 28.9436503 ], [ 78.7386215, 28.9417711 ], [ 78.7438309, 28.9377164 ], [ 78.7443781, 28.9371343 ], [ 78.7451398, 28.9364488 ], [ 78.7461376, 28.9344301 ], [ 78.7469637, 28.9325522 ], [ 78.7473315, 28.9313615 ], [ 78.7474929, 28.9293346 ], [ 78.7473071, 28.9285708 ], [ 78.7471595, 28.9273013 ], [ 78.7464447, 28.9259195 ], [ 78.7453599, 28.9249061 ], [ 78.7446283, 28.9241015 ], [ 78.7443168, 28.9238697 ], [ 78.7441649, 28.9232156 ], [ 78.7440894, 28.9225164 ], [ 78.7441153, 28.9218208 ], [ 78.744892, 28.9210111 ], [ 78.7462718, 28.9207325 ], [ 78.7485476, 28.9206007 ], [ 78.7493347, 28.9203689 ], [ 78.750118, 28.9201194 ], [ 78.7510729, 28.9196404 ], [ 78.751266, 28.9193775 ], [ 78.7513089, 28.91903 ], [ 78.7512553, 28.918645 ], [ 78.7509012, 28.91795 ], [ 78.7500965, 28.9172363 ], [ 78.7489363, 28.916658 ], [ 78.7476394, 28.9164835 ], [ 78.7468994, 28.9167339 ], [ 78.7463739, 28.917036 ], [ 78.7457148, 28.9177644 ], [ 78.7452764, 28.918617 ], [ 78.7447227, 28.9193414 ], [ 78.7438849, 28.9197094 ], [ 78.7425083, 28.919745 ], [ 78.7410614, 28.9191895 ], [ 78.7395716, 28.9185229 ], [ 78.7381125, 28.918382 ], [ 78.7358594, 28.9186638 ], [ 78.7343466, 28.91903 ], [ 78.7334239, 28.9194808 ], [ 78.7317181, 28.9205326 ], [ 78.729583, 28.9209176 ], [ 78.7280775, 28.9208409 ], [ 78.7275471, 28.9206921 ], [ 78.7268546, 28.920257 ], [ 78.7264821, 28.9195171 ], [ 78.7264809, 28.918595 ], [ 78.7268795, 28.9167499 ], [ 78.7272227, 28.9160812 ], [ 78.7271798, 28.9144847 ], [ 78.7272656, 28.9128412 ], [ 78.7274694, 28.9122213 ], [ 78.7277055, 28.9117893 ], [ 78.7283063, 28.9112446 ], [ 78.7287354, 28.910775 ], [ 78.7293041, 28.9103054 ], [ 78.7300444, 28.9100237 ], [ 78.7314498, 28.9097137 ], [ 78.7332737, 28.9097889 ], [ 78.7349582, 28.9097607 ], [ 78.7360867, 28.9098604 ], [ 78.738518, 28.9102402 ], [ 78.7391286, 28.9100498 ], [ 78.7396975, 28.9096544 ], [ 78.7400746, 28.9088718 ], [ 78.740346, 28.9079726 ], [ 78.7402023, 28.9069901 ], [ 78.7390293, 28.9055064 ], [ 78.738445, 28.9043978 ], [ 78.738445, 28.9032238 ], [ 78.7387562, 28.9020497 ], [ 78.7401295, 28.9000961 ], [ 78.7417924, 28.8981705 ], [ 78.7443781, 28.8947045 ], [ 78.7446356, 28.8939436 ], [ 78.7449896, 28.8919992 ], [ 78.7460518, 28.8888054 ], [ 78.7465131, 28.8879224 ], [ 78.7471139, 28.8865791 ], [ 78.7474895, 28.8859121 ], [ 78.7479079, 28.885433 ], [ 78.7486374, 28.8846627 ], [ 78.7503969, 28.8831408 ], [ 78.7519848, 28.8819759 ], [ 78.7528109, 28.8817505 ], [ 78.7545705, 28.8817035 ], [ 78.7578213, 28.8818726 ], [ 78.7633145, 28.8818162 ], [ 78.7653315, 28.8816565 ], [ 78.7669945, 28.8813183 ], [ 78.7682819, 28.8809238 ], [ 78.7692261, 28.8806138 ], [ 78.7698376, 28.8802004 ], [ 78.7713182, 28.8786597 ], [ 78.7724769, 28.877429 ], [ 78.7742026, 28.8757131 ] ] } },
{ "type": "Feature", "properties": { "full_id": "w561041912", "osm_id": "561041912", "osm_type": "way", "waterway": "river", "intermittent": null, "alt_name": null, "wikidata": null, "name:uk": null, "layer": null, "width": null, "tunnel": null, "name:ml": null, "name:kn": "ರಾಮಗಂಗಾ", "name:hi": null, "name:en": null, "name": "Ramganga", "int_name": null, "boat": null }, "geometry": { "type": "LineString", "coordinates": [ [ 78.7848473, 28.8477373 ], [ 78.7866223, 28.8466907 ], [ 78.7882669, 28.8456913 ], [ 78.789643, 28.8449556 ], [ 78.7907803, 28.8442414 ], [ 78.7914531, 28.8433885 ], [ 78.7930191, 28.8415299 ], [ 78.7933552, 28.8406702 ], [ 78.7933981, 28.8395612 ], [ 78.7937242, 28.838366 ], [ 78.7946212, 28.8364504 ], [ 78.7960456, 28.8347765 ], [ 78.797164, 28.8329635 ], [ 78.7982798, 28.8316852 ], [ 78.79953, 28.8307596 ], [ 78.7999749, 28.8300874 ], [ 78.8001037, 28.8293449 ], [ 78.8000607, 28.8285084 ], [ 78.799299, 28.8276718 ], [ 78.7984879, 28.8264491 ], [ 78.7986899, 28.8260393 ], [ 78.7994278, 28.8245418 ] ] } },
{ "type": "Feature", "properties": { "full_id": "w561041914", "osm_id": "561041914", "osm_type": "way", "waterway": "river", "intermittent": null, "alt_name": null, "wikidata": null, "name:uk": null, "layer": null, "width": null, "tunnel": null, "name:ml": null, "name:kn": "ರಾಮಗಂಗಾ", "name:hi": null, "name:en": null, "name": "Ramganga", "int_name": null, "boat": null }, "geometry": { "type": "LineString", "coordinates": [ [ 78.7742026, 28.8757131 ], [ 78.775599, 28.8740421 ], [ 78.7761676, 28.8734314 ], [ 78.7766236, 28.8726939 ], [ 78.7770688, 28.8719705 ], [ 78.7777018, 28.8706692 ], [ 78.7778574, 28.8702793 ], [ 78.7782276, 28.8693022 ], [ 78.778308, 28.86887 ], [ 78.7782812, 28.8683814 ], [ 78.7782544, 28.8675264 ], [ 78.7781149, 28.8669815 ], [ 78.7781202, 28.8658915 ], [ 78.7779754, 28.8653419 ], [ 78.7778521, 28.8651258 ], [ 78.7777072, 28.864797 ], [ 78.7771547, 28.8643882 ], [ 78.7767201, 28.8640265 ], [ 78.7761837, 28.8635332 ], [ 78.7740755, 28.861903 ], [ 78.7730187, 28.8606815 ], [ 78.7723911, 28.8597559 ], [ 78.7723455, 28.8588176 ], [ 78.7730191, 28.8571768 ], [ 78.7736678, 28.8561618 ], [ 78.7740916, 28.8553583 ], [ 78.7741667, 28.855161 ], [ 78.774392, 28.8547522 ], [ 78.7747031, 28.8542542 ], [ 78.7757813, 28.8537797 ], [ 78.7764037, 28.8533662 ], [ 78.7774658, 28.8528541 ], [ 78.778131, 28.8523748 ], [ 78.7781417, 28.8518674 ], [ 78.7784475, 28.8514633 ], [ 78.7788552, 28.8511438 ], [ 78.7794775, 28.8507961 ], [ 78.7802016, 28.8502746 ], [ 78.7805199, 28.8499032 ], [ 78.7810761, 28.8495463 ], [ 78.7819987, 28.8489777 ], [ 78.7831735, 28.8484844 ], [ 78.7837906, 28.8482214 ], [ 78.7848473, 28.8477373 ] ] } },
{ "type": "Feature", "properties": { "full_id": "w561253333", "osm_id": "561253333", "osm_type": "way", "waterway": "river", "intermittent": null, "alt_name": null, "wikidata": null, "name:uk": null, "layer": null, "width": null, "tunnel": null, "name:ml": null, "name:kn": "ರಾಮಗಂಗಾ", "name:hi": null, "name:en": null, "name": "Ramganga", "int_name": null, "boat": null }, "geometry": { "type": "LineString", "coordinates": [ [ 78.6871183, 29.0817887 ], [ 78.687365, 29.081273 ], [ 78.6874401, 29.0806729 ], [ 78.6874616, 29.0796697 ], [ 78.6868608, 29.0766692 ], [ 78.6855411, 29.0737999 ], [ 78.6854017, 29.0731247 ], [ 78.6854017, 29.0725621 ], [ 78.6853534, 29.0719854 ], [ 78.6854764, 29.0710061 ], [ 78.6857442, 29.070138 ], [ 78.6861473, 29.0695192 ], [ 78.6866638, 29.0690683 ], [ 78.6874605, 29.0684844 ], [ 78.6899193, 29.0677374 ], [ 78.6908423, 29.0670546 ], [ 78.6922896, 29.0657729 ], [ 78.6933142, 29.0651399 ], [ 78.6945963, 29.0645725 ], [ 78.6955833, 29.064385 ], [ 78.6965972, 29.0642912 ], [ 78.6974823, 29.0643615 ], [ 78.69811, 29.0643616 ], [ 78.6989092, 29.0645866 ], [ 78.7003738, 29.0654634 ], [ 78.7011649, 29.0662213 ], [ 78.7017414, 29.0671851 ], [ 78.701916, 29.0680983 ], [ 78.7018643, 29.0683723 ], [ 78.7018894, 29.0687041 ], [ 78.7021709, 29.0696326 ], [ 78.702125, 29.0698755 ], [ 78.7022781, 29.0703304 ], [ 78.7029349, 29.071016 ], [ 78.7035425, 29.0714325 ], [ 78.7041995, 29.071373 ], [ 78.7047651, 29.0710933 ], [ 78.7056576, 29.0705388 ], [ 78.7065105, 29.0697508 ], [ 78.7070471, 29.0685486 ], [ 78.7071651, 29.0682298 ], [ 78.7072992, 29.0675077 ], [ 78.7075138, 29.0641412 ], [ 78.7076103, 29.0633347 ], [ 78.7079, 29.0621999 ], [ 78.7081039, 29.0617873 ], [ 78.7089193, 29.06054 ] ] } },
{ "type": "Feature", "properties": { "full_id": "w561306144", "osm_id": "561306144", "osm_type": "way", "waterway": "river", "intermittent": null, "alt_name": null, "wikidata": null, "name:uk": null, "layer": null, "width": null, "tunnel": null, "name:ml": null, "name:kn": "ರಾಮಗಂಗಾ", "name:hi": null, "name:en": null, "name": "Ramganga", "int_name": null, "boat": null }, "geometry": { "type": "LineString", "coordinates": [ [ 78.6285622, 29.2796664 ], [ 78.6285015, 29.2795176 ], [ 78.6284659, 29.2792829 ], [ 78.628583, 29.2789071 ], [ 78.6291812, 29.2784766 ], [ 78.6293568, 29.2784255 ], [ 78.6296162, 29.2782066 ], [ 78.6307371, 29.2778928 ], [ 78.6313855, 29.2778199 ], [ 78.6317284, 29.2778308 ], [ 78.6319836, 29.2778272 ], [ 78.6325273, 29.2778272 ], [ 78.6332719, 29.2775791 ], [ 78.6335814, 29.2774185 ], [ 78.6342255, 29.2768421 ], [ 78.6343008, 29.2766159 ], [ 78.6345309, 29.2763568 ], [ 78.6349157, 29.2760759 ], [ 78.6356895, 29.2756746 ], [ 78.6369192, 29.2752732 ], [ 78.6375383, 29.2749084 ], [ 78.6381322, 29.2743392 ], [ 78.6384083, 29.2736679 ], [ 78.6384166, 29.2733687 ], [ 78.6382828, 29.2730768 ], [ 78.6378729, 29.2727484 ], [ 78.6375299, 29.2726098 ], [ 78.6364257, 29.2723836 ], [ 78.6344849, 29.2713182 ], [ 78.6340499, 29.2708146 ], [ 78.633916, 29.2705155 ], [ 78.6339327, 29.2703695 ], [ 78.6342674, 29.2700119 ], [ 78.6350872, 29.2698222 ], [ 78.635723, 29.2700192 ], [ 78.6373542, 29.2710409 ], [ 78.6377474, 29.2713911 ], [ 78.6384705, 29.2715507 ], [ 78.6397886, 29.2717268 ], [ 78.6406753, 29.2717852 ], [ 78.6410183, 29.2717414 ], [ 78.6414533, 29.2715152 ], [ 78.6416624, 29.2712671 ], [ 78.6418967, 29.2706833 ], [ 78.6419552, 29.2701944 ], [ 78.6419469, 29.2698952 ], [ 78.6417126, 29.2697127 ], [ 78.64147, 29.2693041 ], [ 78.6405498, 29.2685305 ], [ 78.6399893, 29.2684284 ], [ 78.6387345, 29.2684649 ], [ 78.6383999, 29.2682532 ], [ 78.6380235, 29.2678227 ], [ 78.6379314, 29.2670564 ], [ 78.6380737, 29.2663486 ], [ 78.6382744, 29.2657647 ], [ 78.6385505, 29.2653561 ], [ 78.6389437, 29.2651225 ], [ 78.6397467, 29.2648379 ], [ 78.6407757, 29.2647868 ], [ 78.6412944, 29.2648525 ], [ 78.6416123, 29.2650204 ], [ 78.6419552, 29.2650861 ], [ 78.6447326, 29.2660858 ], [ 78.6450756, 29.266115 ], [ 78.6453851, 29.2659837 ], [ 78.6454604, 29.2658523 ], [ 78.6454185, 29.265232 ], [ 78.6454771, 29.2650788 ], [ 78.6454771, 29.2644803 ], [ 78.6451843, 29.2638454 ], [ 78.6447326, 29.2633638 ], [ 78.6437454, 29.2627799 ], [ 78.64275, 29.2620793 ], [ 78.6418047, 29.2612984 ], [ 78.6414617, 29.2609408 ], [ 78.6409179, 29.2601526 ], [ 78.6407171, 29.2595688 ], [ 78.6406335, 29.2583719 ], [ 78.6406837, 29.25808 ], [ 78.6410518, 29.2575691 ], [ 78.6417043, 29.256883 ], [ 78.641972, 29.2567079 ], [ 78.6446824, 29.2560364 ], [ 78.6451843, 29.2556277 ], [ 78.6453851, 29.255146 ], [ 78.6453349, 29.2548395 ], [ 78.6449333, 29.2543432 ], [ 78.6451676, 29.2537447 ], [ 78.6456695, 29.2533506 ], [ 78.6463053, 29.2527229 ], [ 78.6468909, 29.2523798 ], [ 78.6474263, 29.2521244 ], [ 78.6481122, 29.2521682 ], [ 78.6484134, 29.2523726 ], [ 78.6490659, 29.2525915 ], [ 78.649434, 29.2526499 ], [ 78.649802, 29.2526645 ], [ 78.6501367, 29.2525915 ], [ 78.6504378, 29.2524747 ], [ 78.6507222, 29.2523142 ], [ 78.6512074, 29.251847 ], [ 78.6514919, 29.2517011 ], [ 78.6521778, 29.2515843 ], [ 78.6524957, 29.2515697 ], [ 78.6528136, 29.2516135 ], [ 78.653098, 29.2517741 ], [ 78.6534327, 29.2518325 ], [ 78.6541186, 29.2518762 ], [ 78.6544533, 29.2518616 ], [ 78.6547711, 29.2517157 ], [ 78.6553233, 29.2513507 ], [ 78.6554571, 29.2510734 ], [ 78.6555073, 29.250796 ], [ 78.6556913, 29.2502121 ], [ 78.6557917, 29.2496136 ], [ 78.6557917, 29.2484312 ], [ 78.6557081, 29.2481392 ], [ 78.6556913, 29.2478473 ], [ 78.6557081, 29.2475699 ] ] } },
{ "type": "Feature", "properties": { "full_id": "w561309975", "osm_id": "561309975", "osm_type": "way", "waterway": "river", "intermittent": null, "alt_name": null, "wikidata": null, "name:uk": null, "layer": null, "width": null, "tunnel": null, "name:ml": null, "name:kn": "ರಾಮಗಂಗಾ", "name:hi": null, "name:en": null, "name": "Ramganga", "int_name": null, "boat": null }, "geometry": { "type": "LineString", "coordinates": [ [ 78.6340101, 29.3953716 ], [ 78.6342407, 29.3945823 ], [ 78.63472, 29.391848 ], [ 78.634763, 29.3907047 ], [ 78.6349351, 29.3899737 ], [ 78.6348921, 29.3883993 ], [ 78.6358171, 29.3845006 ], [ 78.6358386, 29.3829635 ], [ 78.635774, 29.3825512 ], [ 78.6356019, 29.382195 ], [ 78.6349996, 29.3815014 ], [ 78.6333217, 29.3801706 ], [ 78.6325258, 29.3791771 ], [ 78.6320955, 29.3781273 ], [ 78.632031, 29.3773588 ], [ 78.6322031, 29.3770213 ], [ 78.6324182, 29.3766839 ], [ 78.6327839, 29.376459 ], [ 78.6336229, 29.376159 ], [ 78.6340531, 29.3761965 ], [ 78.6344833, 29.376384 ], [ 78.6353223, 29.3772838 ], [ 78.6357525, 29.3773963 ], [ 78.6362043, 29.377415 ], [ 78.6370217, 29.3771151 ], [ 78.6381188, 29.3764215 ], [ 78.63842, 29.3757091 ], [ 78.6383555, 29.3745282 ], [ 78.6382479, 29.3741532 ], [ 78.6374304, 29.3731784 ], [ 78.6372583, 29.3723911 ], [ 78.6373014, 29.3716037 ], [ 78.6380758, 29.369729 ], [ 78.6385921, 29.3690729 ], [ 78.6392589, 29.3685292 ], [ 78.6407648, 29.3677981 ], [ 78.6416898, 29.3676294 ], [ 78.6424857, 29.3679668 ], [ 78.6427869, 29.3682668 ], [ 78.642959, 29.368623 ], [ 78.6434537, 29.3692791 ], [ 78.6437119, 29.3700102 ], [ 78.6439485, 29.3703664 ], [ 78.6445508, 29.3708913 ], [ 78.6447014, 29.3713038 ], [ 78.6463794, 29.3730284 ], [ 78.6472076, 29.3730566 ] ] } },
{ "type": "Feature", "properties": { "full_id": "w561313081", "osm_id": "561313081", "osm_type": "way", "waterway": "river", "intermittent": null, "alt_name": null, "wikidata": null, "name:uk": null, "layer": null, "width": null, "tunnel": null, "name:ml": null, "name:kn": "ರಾಮಗಂಗಾ", "name:hi": null, "name:en": null, "name": "Ramganga", "int_name": null, "boat": null }, "geometry": { "type": "LineString", "coordinates": [ [ 78.6472076, 29.3730566 ], [ 78.6480788, 29.3729722 ], [ 78.6483149, 29.3728968 ], [ 78.6489608, 29.3723208 ], [ 78.6491974, 29.3715568 ], [ 78.648423, 29.3688292 ], [ 78.6485736, 29.3672919 ], [ 78.6492619, 29.3662233 ], [ 78.6503859, 29.3652859 ] ] } },
{ "type": "Feature", "properties": { "full_id": "w561320645", "osm_id": "561320645", "osm_type": "way", "waterway": "river", "intermittent": null, "alt_name": null, "wikidata": null, "name:uk": null, "layer": null, "width": null, "tunnel": null, "name:ml": null, "name:kn": "ರಾಮಗಂಗಾ", "name:hi": null, "name:en": null, "name": "Ramganga", "int_name": null, "boat": null }, "geometry": { "type": "LineString", "coordinates": [ [ 78.6503859, 29.3652859 ], [ 78.650711, 29.3647381 ], [ 78.6510367, 29.3639829 ], [ 78.6510367, 29.3637955 ], [ 78.6509721, 29.363608 ], [ 78.6505634, 29.3626706 ], [ 78.6507355, 29.3621081 ], [ 78.6508431, 29.3619488 ], [ 78.6512195, 29.3617425 ], [ 78.6517466, 29.3617331 ], [ 78.6521445, 29.3619113 ], [ 78.652607, 29.3620144 ], [ 78.6528329, 29.3620144 ], [ 78.6532524, 29.3618831 ], [ 78.6533815, 29.361705 ], [ 78.653489, 29.3610957 ], [ 78.653403, 29.3604207 ], [ 78.6532631, 29.3600551 ], [ 78.6527469, 29.3596052 ], [ 78.6524887, 29.3592958 ], [ 78.6517681, 29.3587615 ], [ 78.6515852, 29.358649 ], [ 78.6510259, 29.3584802 ], [ 78.6508538, 29.3583677 ], [ 78.6501547, 29.3582271 ], [ 78.6491867, 29.3581428 ], [ 78.64895, 29.3581428 ], [ 78.6486919, 29.3582178 ], [ 78.6482294, 29.3582834 ], [ 78.6472506, 29.3582459 ], [ 78.6470247, 29.3581615 ], [ 78.6468849, 29.3579834 ], [ 78.6464439, 29.3576928 ], [ 78.6462826, 29.3575428 ], [ 78.6459814, 29.3569803 ], [ 78.6459706, 29.3567834 ], [ 78.6460567, 29.3565866 ], [ 78.6461105, 29.3562116 ], [ 78.6463363, 29.3558928 ], [ 78.6466698, 29.355621 ], [ 78.6477884, 29.355096 ], [ 78.6481541, 29.3548241 ], [ 78.6484122, 29.3544679 ], [ 78.6485736, 29.3538866 ], [ 78.6486058, 29.3534929 ], [ 78.648466, 29.3517022 ], [ 78.6485198, 29.3515147 ], [ 78.6488425, 29.3509616 ], [ 78.6489823, 29.3508116 ], [ 78.6493695, 29.3505585 ], [ 78.6503375, 29.3502116 ], [ 78.650671, 29.3499585 ], [ 78.6514454, 29.3495178 ], [ 78.6518971, 29.3493772 ], [ 78.6528006, 29.3492366 ], [ 78.6531663, 29.349049 ], [ 78.6536288, 29.3486084 ], [ 78.6539945, 29.3480553 ], [ 78.6541559, 29.3476709 ], [ 78.6541451, 29.3469958 ], [ 78.6539192, 29.3460208 ], [ 78.6536826, 29.3456832 ], [ 78.6535751, 29.3446988 ], [ 78.6535751, 29.3444925 ], [ 78.6536934, 29.3440706 ], [ 78.654016, 29.3437331 ], [ 78.6540698, 29.3435174 ], [ 78.6539515, 29.3427017 ], [ 78.6537687, 29.3423454 ], [ 78.6530695, 29.3417266 ], [ 78.6528329, 29.3413703 ], [ 78.652166, 29.3400202 ], [ 78.6520585, 29.3396545 ], [ 78.651241, 29.3383512 ], [ 78.6510259, 29.3382199 ], [ 78.6507355, 29.3379105 ], [ 78.6499718, 29.3367947 ], [ 78.6496492, 29.3364759 ], [ 78.6494555, 29.3363634 ], [ 78.6491221, 29.3360727 ], [ 78.6485736, 29.3353413 ], [ 78.6484015, 29.334985 ], [ 78.6478852, 29.3343474 ], [ 78.6478099, 29.3341317 ], [ 78.6475948, 29.3337848 ], [ 78.6470032, 29.3320407 ], [ 78.6466267, 29.331328 ], [ 78.6464869, 29.3306435 ], [ 78.6463578, 29.3302497 ], [ 78.6460782, 29.3297058 ], [ 78.6460029, 29.3285149 ], [ 78.6462073, 29.3279054 ], [ 78.646616, 29.3270989 ], [ 78.6468204, 29.3263018 ], [ 78.6468741, 29.325908 ], [ 78.6468634, 29.3256923 ], [ 78.6467343, 29.3253172 ], [ 78.646659, 29.3248952 ], [ 78.6465622, 29.3247264 ], [ 78.6457663, 29.3237418 ], [ 78.6455942, 29.3236011 ], [ 78.6449919, 29.3232635 ], [ 78.6445293, 29.3231228 ], [ 78.6436474, 29.3229728 ], [ 78.6424319, 29.3229446 ], [ 78.6421738, 29.3228978 ], [ 78.641152, 29.3228321 ], [ 78.6403023, 29.3226727 ], [ 78.6398183, 29.3222601 ], [ 78.6398075, 29.3220631 ], [ 78.6395494, 29.3217255 ], [ 78.6395709, 29.321538 ], [ 78.6398613, 29.3212379 ], [ 78.6400549, 29.3211441 ], [ 78.6402808, 29.3210972 ], [ 78.6414316, 29.3211253 ], [ 78.6416253, 29.3212097 ], [ 78.6422921, 29.3213223 ], [ 78.6430558, 29.3213129 ], [ 78.6432171, 29.321191 ], [ 78.6433354, 29.3210222 ], [ 78.6434968, 29.3206471 ], [ 78.643486, 29.3204501 ], [ 78.643357, 29.3200844 ], [ 78.6431096, 29.3196436 ], [ 78.6425718, 29.3192216 ], [ 78.6419802, 29.3189027 ], [ 78.6412596, 29.3188277 ], [ 78.6398075, 29.318884 ], [ 78.6391514, 29.3186683 ], [ 78.6387749, 29.3184338 ], [ 78.6386459, 29.3182838 ], [ 78.6385706, 29.318115 ], [ 78.6387427, 29.3173553 ], [ 78.6387534, 29.3167739 ], [ 78.6385491, 29.3165019 ], [ 78.6383662, 29.3163612 ], [ 78.6381511, 29.316305 ], [ 78.6379252, 29.3162956 ], [ 78.6376886, 29.3163612 ], [ 78.6371185, 29.3167457 ], [ 78.6364732, 29.3170083 ], [ 78.6362581, 29.3170365 ], [ 78.6355804, 29.3168114 ], [ 78.6351825, 29.3165769 ], [ 78.6346662, 29.3158923 ], [ 78.6343973, 29.3153108 ], [ 78.6344188, 29.3150764 ], [ 78.6344941, 29.3148982 ], [ 78.6344941, 29.3147012 ], [ 78.6346339, 29.3143261 ], [ 78.634763, 29.314176 ], [ 78.6349351, 29.3140635 ], [ 78.6355697, 29.3142511 ], [ 78.6359999, 29.3142698 ], [ 78.636172, 29.3141385 ], [ 78.6366238, 29.3140447 ], [ 78.6368281, 29.3136977 ], [ 78.6369787, 29.3133507 ], [ 78.6369787, 29.3127411 ], [ 78.6371508, 29.3125817 ], [ 78.6373229, 29.3122159 ], [ 78.6378499, 29.3107153 ], [ 78.6380113, 29.3100963 ], [ 78.6378822, 29.3091771 ], [ 78.637893, 29.3090083 ], [ 78.6380866, 29.3086332 ], [ 78.6386674, 29.3082955 ], [ 78.6388825, 29.3082767 ], [ 78.6393127, 29.308258 ], [ 78.6394848, 29.3084081 ], [ 78.6399043, 29.3085863 ], [ 78.6403453, 29.3085863 ], [ 78.6407755, 29.3084831 ], [ 78.6408508, 29.3081548 ], [ 78.6406572, 29.3075733 ], [ 78.6402808, 29.3070387 ], [ 78.6399796, 29.3067292 ], [ 78.6398183, 29.3065791 ], [ 78.6394311, 29.3063634 ], [ 78.6387965, 29.3061758 ], [ 78.6383339, 29.3061195 ], [ 78.6378822, 29.3059507 ], [ 78.6375595, 29.3056506 ], [ 78.6375703, 29.305463 ], [ 78.6377531, 29.3051253 ], [ 78.6380328, 29.3048345 ], [ 78.6386889, 29.3047032 ], [ 78.6393773, 29.3046376 ], [ 78.6396354, 29.3045625 ], [ 78.6400226, 29.3043656 ], [ 78.6404529, 29.3040185 ], [ 78.6406034, 29.3038497 ], [ 78.6408401, 29.3033338 ], [ 78.6409584, 29.3027617 ], [ 78.6410337, 29.3025835 ], [ 78.6410444, 29.3023959 ], [ 78.6411197, 29.3022083 ], [ 78.6412703, 29.3020488 ], [ 78.641991, 29.3014767 ], [ 78.6421093, 29.3013266 ], [ 78.6420716, 29.3008013 ], [ 78.6417328, 29.3003651 ], [ 78.6417167, 29.2998633 ], [ 78.6417974, 29.2995866 ], [ 78.642077, 29.2991598 ], [ 78.6421631, 29.2991082 ], [ 78.6423943, 29.299066 ], [ 78.6427493, 29.2988597 ] ] } },
{ "type": "Feature", "properties": { "full_id": "w561766822", "osm_id": "561766822", "osm_type": "way", "waterway": "river", "intermittent": null, "alt_name": null, "wikidata": null, "name:uk": null, "layer": null, "width": null, "tunnel": null, "name:ml": null, "name:kn": "ರಾಮಗಂಗಾ", "name:hi": null, "name:en": "Ramganga River", "name": "Ramganga", "int_name": null, "boat": null }, "geometry": { "type": "LineString", "coordinates": [ [ 79.7984667, 27.2402703 ], [ 79.7986938, 27.2398161 ], [ 79.7986275, 27.2386636 ], [ 79.7981261, 27.2366195 ], [ 79.7976719, 27.2351894 ], [ 79.79718, 27.2333051 ], [ 79.7956189, 27.2311852 ], [ 79.7936321, 27.2291493 ], [ 79.7920426, 27.2273322 ], [ 79.7911816, 27.225902 ], [ 79.7904815, 27.2241437 ], [ 79.790349, 27.2229658 ], [ 79.7902544, 27.2217417 ], [ 79.7907369, 27.2204503 ], [ 79.7914371, 27.2194575 ], [ 79.7922223, 27.2188096 ], [ 79.7931685, 27.2184731 ], [ 79.7938875, 27.2184647 ], [ 79.7950323, 27.2186582 ], [ 79.7961487, 27.2188938 ], [ 79.7968678, 27.2190621 ], [ 79.797776, 27.2192471 ], [ 79.7983815, 27.2192556 ], [ 79.7993655, 27.2190621 ], [ 79.8006522, 27.2183974 ], [ 79.8016362, 27.2176822 ], [ 79.8036135, 27.2156882 ], [ 79.8051179, 27.2143925 ], [ 79.8067735, 27.2138456 ], [ 79.807748, 27.2137951 ], [ 79.8084576, 27.2139466 ], [ 79.8092145, 27.2142579 ], [ 79.8098484, 27.2154947 ], [ 79.8100376, 27.2166305 ], [ 79.8107661, 27.2177243 ], [ 79.8130936, 27.2203998 ], [ 79.8153737, 27.222318 ], [ 79.8176822, 27.2236473 ], [ 79.8185905, 27.2239502 ], [ 79.819688, 27.22411 ], [ 79.8207665, 27.2240343 ], [ 79.8214477, 27.2238744 ], [ 79.8226398, 27.2229911 ], [ 79.8234346, 27.2217796 ], [ 79.823936, 27.2207279 ], [ 79.8244564, 27.2186834 ], [ 79.8246929, 27.2169082 ], [ 79.8246835, 27.2157808 ], [ 79.8243239, 27.2145608 ], [ 79.8235008, 27.2131809 ], [ 79.8222046, 27.2112457 ], [ 79.8209652, 27.2098574 ], [ 79.8189311, 27.2078043 ], [ 79.8182593, 27.2066347 ], [ 79.8178336, 27.2053725 ], [ 79.8177201, 27.204346 ], [ 79.8177863, 27.2038159 ], [ 79.8180701, 27.2032353 ], [ 79.8191109, 27.2017459 ], [ 79.8198583, 27.2005678 ], [ 79.8201137, 27.1996169 ], [ 79.8201232, 27.198666 ], [ 79.820038, 27.1978077 ], [ 79.8198488, 27.1971092 ], [ 79.8191298, 27.1955188 ], [ 79.8178241, 27.1941303 ], [ 79.8157197, 27.191851 ], [ 79.814906, 27.1912651 ], [ 79.8144604, 27.1907568 ], [ 79.8141699, 27.1899211 ], [ 79.8145476, 27.1884994 ], [ 79.8156131, 27.1868365 ], [ 79.8168724, 27.1860179 ], [ 79.8177538, 27.1857077 ], [ 79.818984, 27.1856216 ], [ 79.8200882, 27.1857681 ], [ 79.8216284, 27.1865263 ], [ 79.8228101, 27.1869313 ], [ 79.8244665, 27.1871036 ], [ 79.8272561, 27.187543 ], [ 79.8284185, 27.1877067 ], [ 79.8292128, 27.1876895 ], [ 79.8299683, 27.1874052 ], [ 79.8308595, 27.1871725 ], [ 79.8314794, 27.1871639 ], [ 79.83208, 27.1872587 ], [ 79.8330486, 27.18806 ], [ 79.8342981, 27.1889647 ], [ 79.8353443, 27.1896195 ], [ 79.8362064, 27.1904466 ], [ 79.8370491, 27.1920233 ], [ 79.8380371, 27.1943151 ], [ 79.8390927, 27.1959365 ], [ 79.8395687, 27.1965981 ], [ 79.8400447, 27.1969862 ], [ 79.840481, 27.1972685 ], [ 79.8408579, 27.1972861 ], [ 79.841681, 27.1969686 ], [ 79.8429107, 27.1961571 ], [ 79.8436247, 27.1955749 ], [ 79.8444578, 27.1947987 ], [ 79.8451123, 27.1938284 ], [ 79.8454594, 27.1928934 ], [ 79.8456875, 27.1917731 ], [ 79.8456676, 27.1908293 ], [ 79.8450032, 27.1892414 ], [ 79.8444578, 27.1878742 ], [ 79.8443288, 27.1872655 ], [ 79.844309, 27.1866039 ], [ 79.8444379, 27.1851836 ], [ 79.8445966, 27.1824666 ], [ 79.8447979, 27.1801917 ], [ 79.8450415, 27.1792705 ], [ 79.8458335, 27.177464 ], [ 79.8484626, 27.1753932 ], [ 79.8561272, 27.1769685 ], [ 79.8623499, 27.1770258 ] ] } },
{ "type": "Feature", "properties": { "full_id": "w561766826", "osm_id": "561766826", "osm_type": "way", "waterway": "river", "intermittent": null, "alt_name": null, "wikidata": null, "name:uk": null, "layer": null, "width": null, "tunnel": null, "name:ml": null, "name:kn": "ರಾಮಗಂಗಾ", "name:hi": null, "name:en": "Ramganga River", "name": "Ramganga", "int_name": null, "boat": null }, "geometry": { "type": "LineString", "coordinates": [ [ 79.7336418, 27.3755587 ], [ 79.7315846, 27.3758276 ], [ 79.7298303, 27.3758647 ], [ 79.7287234, 27.3757256 ], [ 79.7269899, 27.3753269 ], [ 79.7256532, 27.3749931 ], [ 79.723972, 27.3747241 ], [ 79.7224683, 27.374483 ], [ 79.721612, 27.3742976 ], [ 79.7206199, 27.3738154 ], [ 79.7199307, 27.3732311 ], [ 79.7196279, 27.3723502 ], [ 79.7197532, 27.3716825 ], [ 79.7200769, 27.3710333 ], [ 79.7210794, 27.3699762 ], [ 79.7230844, 27.3680194 ], [ 79.7245254, 27.366786 ], [ 79.7249954, 27.3661461 ], [ 79.7253191, 27.3654691 ], [ 79.72534, 27.3643191 ], [ 79.7251729, 27.3637905 ], [ 79.7248178, 27.3630022 ], [ 79.7243897, 27.3614905 ], [ 79.7237214, 27.3597005 ], [ 79.7219983, 27.3557588 ], [ 79.7207373, 27.353144 ], [ 79.7194929, 27.3517307 ], [ 79.7178712, 27.3507433 ], [ 79.7142401, 27.3489766 ], [ 79.7130161, 27.3481522 ], [ 79.7121185, 27.3471556 ], [ 79.7117105, 27.3464943 ], [ 79.7114657, 27.3457423 ], [ 79.7113943, 27.3451172 ], [ 79.7114045, 27.3445736 ], [ 79.7114861, 27.3439937 ], [ 79.7117105, 27.3434229 ], [ 79.7125979, 27.3426438 ], [ 79.7142197, 27.3416381 ], [ 79.7161168, 27.3400344 ], [ 79.7180956, 27.33863 ], [ 79.7212677, 27.336383 ], [ 79.7230934, 27.3351326 ], [ 79.724501, 27.3342809 ], [ 79.725317, 27.3338822 ], [ 79.72611, 27.333403 ], [ 79.7272218, 27.3324788 ], [ 79.7299247, 27.3297333 ], [ 79.7311691, 27.328365 ], [ 79.7321177, 27.3272233 ], [ 79.7333111, 27.3252026 ], [ 79.7339944, 27.3232905 ], [ 79.7361466, 27.3189227 ], [ 79.7366974, 27.3174274 ], [ 79.7376154, 27.3151437 ], [ 79.7390859, 27.3121516 ], [ 79.7396511, 27.3103662 ], [ 79.7409698, 27.3064045 ], [ 79.7415099, 27.3046859 ], [ 79.7419997, 27.3029115 ], [ 79.7423639, 27.3018624 ], [ 79.7427909, 27.3012598 ], [ 79.7437203, 27.3007576 ], [ 79.7447878, 27.3005009 ], [ 79.7457674, 27.3000656 ], [ 79.7466422, 27.2996263 ], [ 79.7473782, 27.2988087 ], [ 79.7477462, 27.2979039 ], [ 79.7478934, 27.2964868 ], [ 79.7479916, 27.2952985 ], [ 79.7480406, 27.2946663 ], [ 79.7478812, 27.2940122 ], [ 79.7475622, 27.2932927 ], [ 79.7469611, 27.2925732 ], [ 79.745624, 27.2902293 ], [ 79.7446181, 27.288267 ], [ 79.7444341, 27.2876129 ], [ 79.7442378, 27.2867298 ], [ 79.7440906, 27.2854869 ], [ 79.7439557, 27.2845711 ], [ 79.743465, 27.2835354 ], [ 79.742378, 27.2817268 ], [ 79.7411319, 27.2800336 ], [ 79.7400296, 27.2785746 ], [ 79.7393466, 27.2772328 ], [ 79.739095, 27.276253 ], [ 79.7392268, 27.2755608 ], [ 79.7392148, 27.2740272 ], [ 79.7389991, 27.2734202 ], [ 79.738448, 27.273122 ], [ 79.7373576, 27.2723871 ], [ 79.7358119, 27.2711943 ], [ 79.7343621, 27.2702039 ], [ 79.7325888, 27.2688726 ], [ 79.731163, 27.2665721 ], [ 79.7310192, 27.2655816 ], [ 79.7309713, 27.2644633 ], [ 79.7315464, 27.2632597 ], [ 79.7326008, 27.2621414 ], [ 79.7337151, 27.2611295 ], [ 79.7347336, 27.2606609 ], [ 79.7362792, 27.2603946 ], [ 79.7381844, 27.2604479 ], [ 79.7395144, 27.2608952 ], [ 79.7416788, 27.2620689 ], [ 79.7428374, 27.2629948 ], [ 79.7435279, 27.2646073 ], [ 79.744113, 27.2665214 ], [ 79.7446046, 27.2678946 ], [ 79.7458568, 27.2708385 ], [ 79.7470974, 27.2725341 ], [ 79.7487709, 27.2742712 ], [ 79.7508307, 27.2757899 ], [ 79.7537331, 27.2777559 ], [ 79.75488, 27.2784424 ], [ 79.7566589, 27.2789833 ], [ 79.7579112, 27.2789313 ], [ 79.7589528, 27.2786817 ], [ 79.7604625, 27.2781304 ], [ 79.7619137, 27.2775791 ], [ 79.7632127, 27.2769238 ], [ 79.76553, 27.2752386 ], [ 79.766712, 27.2744169 ], [ 79.7681866, 27.273127 ], [ 79.7692984, 27.2718059 ], [ 79.7697549, 27.2707033 ], [ 79.7700878, 27.2688208 ], [ 79.769985, 27.2672662 ], [ 79.7692305, 27.2650613 ], [ 79.7685218, 27.2636388 ], [ 79.7672986, 27.2617589 ], [ 79.7670243, 27.2600823 ], [ 79.7674015, 27.2585276 ], [ 79.767653, 27.2569525 ], [ 79.7685332, 27.2546152 ], [ 79.7694248, 27.2539039 ], [ 79.7707165, 27.2532027 ], [ 79.7730714, 27.2527149 ], [ 79.7746676, 27.25261 ], [ 79.7757395, 27.2526894 ], [ 79.7785085, 27.2532055 ], [ 79.7811881, 27.2535926 ], [ 79.7822377, 27.2535529 ], [ 79.7833207, 27.2533445 ], [ 79.7843032, 27.253007 ], [ 79.7856877, 27.2521832 ], [ 79.7868824, 27.250863 ], [ 79.7883339, 27.248987 ], [ 79.7889256, 27.2478058 ], [ 79.7893723, 27.2461778 ], [ 79.7898412, 27.2445797 ], [ 79.7904106, 27.2432991 ], [ 79.7916053, 27.2421774 ], [ 79.7925655, 27.2416016 ], [ 79.7940393, 27.241016 ], [ 79.7957811, 27.240609 ], [ 79.7967972, 27.2406189 ], [ 79.7979025, 27.2404501 ], [ 79.7984667, 27.2402703 ] ] } },
{ "type": "Feature", "properties": { "full_id": "w562044261", "osm_id": "562044261", "osm_type": "way", "waterway": "river", "intermittent": null, "alt_name": null, "wikidata": null, "name:uk": null, "layer": null, "width": null, "tunnel": null, "name:ml": null, "name:kn": "ರಾಮಗಂಗಾ", "name:hi": null, "name:en": "Ramganga River", "name": "Ramganga", "int_name": null, "boat": null }, "geometry": { "type": "LineString", "coordinates": [ [ 79.4039693, 27.9328124 ], [ 79.4045733, 27.9313528 ], [ 79.4062934, 27.9289175 ], [ 79.4092156, 27.9260243 ], [ 79.4106249, 27.9243946 ], [ 79.4112052, 27.9228381 ], [ 79.4121793, 27.9196701 ], [ 79.4125938, 27.9163005 ], [ 79.4125316, 27.9130041 ], [ 79.4131119, 27.9104768 ], [ 79.4140445, 27.90903 ], [ 79.4165729, 27.9062278 ], [ 79.4176092, 27.904726 ], [ 79.4199718, 27.9007333 ], [ 79.4223137, 27.8981324 ], [ 79.4249664, 27.8959528 ], [ 79.4288834, 27.8934067 ], [ 79.432303, 27.8920879 ], [ 79.4343962, 27.8909706 ], [ 79.440966, 27.888113 ], [ 79.4444685, 27.8848707 ], [ 79.4477016, 27.8833387 ], [ 79.4486457, 27.8828218 ], [ 79.4512474, 27.8811433 ], [ 79.4529587, 27.8803419 ], [ 79.4546699, 27.8799057 ], [ 79.4552118, 27.8798962 ], [ 79.4558555, 27.8799815 ], [ 79.4562954, 27.8802423 ], [ 79.4566816, 27.8805837 ], [ 79.4579188, 27.882471 ], [ 79.4582504, 27.883625 ], [ 79.458586, 27.8841637 ], [ 79.4592082, 27.8845525 ], [ 79.4597661, 27.8848038 ], [ 79.4615954, 27.8851926 ], [ 79.4624913, 27.8853017 ], [ 79.4634086, 27.8856336 ], [ 79.4639236, 27.8859845 ], [ 79.4648194, 27.8867004 ], [ 79.4654953, 27.8872741 ], [ 79.4669134, 27.8889373 ], [ 79.4672864, 27.8906225 ], [ 79.4679911, 27.8932236 ], [ 79.4689444, 27.8969785 ], [ 79.4695768, 27.8976636 ], [ 79.4702293, 27.8983705 ], [ 79.4730686, 27.8987552 ], [ 79.4748717, 27.8976745 ], [ 79.4773587, 27.8959344 ], [ 79.4800322, 27.8924726 ], [ 79.4828922, 27.8895784 ], [ 79.4849646, 27.8873253 ], [ 79.4852133, 27.8854935 ], [ 79.4852133, 27.8845226 ], [ 79.4843844, 27.8808955 ], [ 79.4826227, 27.8788804 ], [ 79.4774623, 27.8760409 ], [ 79.4755142, 27.874557 ], [ 79.474996, 27.8720471 ], [ 79.4749546, 27.8700318 ], [ 79.4759908, 27.8638758 ], [ 79.4755971, 27.8618054 ], [ 79.4744986, 27.8608893 ], [ 79.4743121, 27.8578843 ], [ 79.4741878, 27.8556306 ], [ 79.4738354, 27.8542197 ], [ 79.4727578, 27.8533585 ], [ 79.4722396, 27.8523507 ], [ 79.4721982, 27.8508664 ], [ 79.4737318, 27.8480994 ], [ 79.4755971, 27.8460837 ], [ 79.4783534, 27.8445261 ], [ 79.4798871, 27.8435915 ], [ 79.4813955, 27.8426432 ], [ 79.4823718, 27.8421119 ], [ 79.4835627, 27.8419127 ], [ 79.4857085, 27.8419507 ], [ 79.4878328, 27.8422068 ], [ 79.4912982, 27.8422922 ], [ 79.4926608, 27.8422827 ], [ 79.4938409, 27.8421119 ], [ 79.4942057, 27.8419127 ], [ 79.4945812, 27.8416281 ], [ 79.4959548, 27.8387526 ], [ 79.4971272, 27.8361609 ], [ 79.4974789, 27.8336727 ], [ 79.4967169, 27.8319103 ], [ 79.4949583, 27.8288518 ], [ 79.4925449, 27.8249531 ], [ 79.4917381, 27.8232979 ], [ 79.4910501, 27.8221277 ], [ 79.4903755, 27.8210159 ], [ 79.4902199, 27.820679 ], [ 79.4901931, 27.8204513 ], [ 79.4902039, 27.8203137 ], [ 79.490338, 27.8200291 ], [ 79.4912982, 27.8181645 ], [ 79.4918776, 27.8174291 ], [ 79.4924623, 27.8169309 ], [ 79.4933742, 27.8162525 ], [ 79.4942325, 27.8159678 ], [ 79.499377, 27.8150805 ], [ 79.500407, 27.8147247 ], [ 79.5015442, 27.8142407 ], [ 79.5023167, 27.8140272 ], [ 79.5045268, 27.8137141 ], [ 79.5065254, 27.8135216 ], [ 79.5078903, 27.8132728 ], [ 79.5087755, 27.8129929 ], [ 79.5109511, 27.8122254 ], [ 79.5137648, 27.8101515 ], [ 79.5149372, 27.808959 ], [ 79.5157285, 27.8076887 ], [ 79.5160216, 27.8061073 ], [ 79.515963, 27.804837 ], [ 79.5150544, 27.8024518 ], [ 79.5137355, 27.7985629 ], [ 79.5095426, 27.7919861 ], [ 79.5093387, 27.7916919 ], [ 79.5090759, 27.7913739 ], [ 79.5088828, 27.791037 ], [ 79.5087755, 27.7907665 ], [ 79.5087004, 27.7904295 ], [ 79.5086735, 27.789675 ], [ 79.5087755, 27.7892384 ], [ 79.509607, 27.7880614 ], [ 79.5098376, 27.7875394 ], [ 79.509961, 27.7871028 ], [ 79.5099771, 27.7867943 ], [ 79.5098966, 27.7864383 ], [ 79.5095372, 27.785978 ], [ 79.5088077, 27.7855176 ], [ 79.5083249, 27.7851949 ], [ 79.508062, 27.7849814 ], [ 79.5079118, 27.7847108 ], [ 79.5078206, 27.7843929 ], [ 79.5079118, 27.7840986 ], [ 79.5083088, 27.7833915 ], [ 79.5091349, 27.782148 ], [ 79.5103794, 27.7810517 ], [ 79.5107925, 27.7803492 ], [ 79.5109641, 27.7796468 ], [ 79.5110553, 27.7781708 ], [ 79.5112646, 27.7771835 ], [ 79.5115757, 27.7760824 ], [ 79.5118332, 27.7740415 ], [ 79.5118439, 27.7729023 ], [ 79.5118117, 27.7721049 ], [ 79.5116293, 27.7716018 ], [ 79.5112216, 27.7711366 ], [ 79.5109641, 27.7708898 ], [ 79.5108783, 27.7705765 ], [ 79.5108783, 27.7700354 ], [ 79.5112646, 27.7691526 ], [ 79.5121658, 27.7676906 ], [ 79.5127022, 27.7670925 ], [ 79.5136356, 27.766371 ], [ 79.5151484, 27.7655546 ], [ 79.5168114, 27.7648805 ], [ 79.5179593, 27.7645008 ], [ 79.5190991, 27.7642045 ], [ 79.5204806, 27.7640451 ], [ 79.5219612, 27.7639122 ], [ 79.5231843, 27.7640261 ], [ 79.5253515, 27.7648046 ], [ 79.5265961, 27.7651748 ], [ 79.5278835, 27.7651748 ], [ 79.5289135, 27.7650989 ], [ 79.5295787, 27.7648236 ], [ 79.5301902, 27.7645198 ], [ 79.53107, 27.7635419 ], [ 79.5322609, 27.761966 ], [ 79.5329797, 27.7607033 ], [ 79.5332694, 27.7598488 ], [ 79.5332801, 27.7592602 ], [ 79.5332694, 27.7584817 ], [ 79.5331299, 27.7573234 ], [ 79.5326149, 27.7560891 ], [ 79.5313503, 27.7539078 ], [ 79.5310865, 27.7528185 ], [ 79.5310279, 27.7491612 ], [ 79.5313275, 27.7473163 ], [ 79.5314104, 27.7454822 ], [ 79.5318663, 27.7437947 ], [ 79.5330684, 27.7425107 ], [ 79.5350994, 27.7415569 ], [ 79.5382496, 27.7406398 ], [ 79.5405707, 27.7404564 ], [ 79.545296, 27.7410433 ], [ 79.552592, 27.7433185 ], [ 79.5537615, 27.7435084 ], [ 79.555124, 27.7435274 ], [ 79.5563578, 27.743309 ], [ 79.5577526, 27.7425873 ], [ 79.5585894, 27.7417707 ], [ 79.5592439, 27.7403653 ], [ 79.5596087, 27.7391024 ], [ 79.5597482, 27.7371462 ], [ 79.5595336, 27.7359972 ], [ 79.5591366, 27.7347627 ], [ 79.5580208, 27.7330819 ], [ 79.5568728, 27.7318948 ], [ 79.5560038, 27.731439 ], [ 79.5541048, 27.7307647 ], [ 79.5518625, 27.7302234 ], [ 79.5484722, 27.7291408 ], [ 79.5456397, 27.7277353 ], [ 79.5446527, 27.7270705 ], [ 79.5435262, 27.7258454 ], [ 79.542979, 27.7252186 ], [ 79.5427537, 27.7248102 ], [ 79.5426893, 27.7243164 ], [ 79.5427, 27.7239365 ], [ 79.5427644, 27.7236136 ], [ 79.543333, 27.7222745 ], [ 79.5450282, 27.7190074 ], [ 79.5461118, 27.7174307 ], [ 79.5475495, 27.71612 ], [ 79.5485151, 27.7154077 ], [ 79.5492768, 27.7150753 ], [ 79.5503282, 27.7147998 ], [ 79.5526886, 27.7142869 ], [ 79.5541048, 27.7141635 ], [ 79.5557034, 27.714249 ], [ 79.5570016, 27.7144769 ], [ 79.5579028, 27.7147049 ], [ 79.5601559, 27.7155407 ], [ 79.561733, 27.7157686 ], [ 79.5622909, 27.7157876 ], [ 79.5634496, 27.7156547 ], [ 79.5641684, 27.7154077 ], [ 79.5658314, 27.7142869 ], [ 79.5670545, 27.7134796 ], [ 79.5680845, 27.7124253 ], [ 79.5690501, 27.7110956 ], [ 79.570595, 27.708873 ], [ 79.5718825, 27.7065078 ], [ 79.5733738, 27.7033827 ], [ 79.5744252, 27.7015969 ], [ 79.5767147, 27.6985534 ], [ 79.5776009, 27.6974077 ], [ 79.578309, 27.6965432 ], [ 79.5790172, 27.6955458 ], [ 79.5793497, 27.6945673 ], [ 79.5794892, 27.6933988 ], [ 79.579457, 27.6919549 ], [ 79.5792532, 27.6909954 ], [ 79.5788777, 27.6897509 ], [ 79.5782339, 27.6887343 ], [ 79.5778263, 27.6883353 ], [ 79.5769465, 27.6878033 ], [ 79.5749617, 27.6868153 ], [ 79.5718181, 27.6855327 ], [ 79.5709383, 27.6851337 ], [ 79.5702517, 27.6846112 ], [ 79.569844, 27.6841361 ], [ 79.5696187, 27.6835376 ], [ 79.5694899, 27.6828535 ], [ 79.5696831, 27.6814949 ], [ 79.5700908, 27.6798893 ], [ 79.570831, 27.6785211 ], [ 79.5716679, 27.6774665 ], [ 79.5727622, 27.6766969 ], [ 79.5734703, 27.6764499 ], [ 79.574393, 27.6762503 ], [ 79.5750475, 27.6762218 ], [ 79.5755517, 27.6763073 ], [ 79.5759058, 27.6764404 ], [ 79.5766568, 27.6769629 ], [ 79.5781696, 27.6783311 ], [ 79.578942, 27.6787967 ], [ 79.5796287, 27.6790342 ], [ 79.5808303, 27.6791577 ], [ 79.5819354, 27.6791387 ], [ 79.5856261, 27.6789867 ], [ 79.5873749, 27.6788822 ], [ 79.5883298, 27.6789107 ], [ 79.5898533, 27.6791672 ], [ 79.5911622, 27.679723 ], [ 79.5918596, 27.6801173 ], [ 79.5923531, 27.6805496 ], [ 79.592852, 27.6812859 ], [ 79.5936137, 27.6822217 ], [ 79.5944613, 27.6831576 ], [ 79.5954966, 27.6842311 ], [ 79.596253, 27.6849294 ], [ 79.5978033, 27.6862262 ], [ 79.5988065, 27.6872713 ], [ 79.5994234, 27.6880693 ], [ 79.5998579, 27.6890668 ], [ 79.6001476, 27.6901879 ], [ 79.6003085, 27.6910096 ], [ 79.600566, 27.6916746 ], [ 79.6009201, 27.6921116 ], [ 79.6014404, 27.6924964 ], [ 79.6023363, 27.6929571 ], [ 79.6042567, 27.6938073 ], [ 79.6049702, 27.6940543 ], [ 79.6055571, 27.6941142 ], [ 79.6062845, 27.6940781 ], [ 79.6071428, 27.6939403 ], [ 79.6116972, 27.6925296 ], [ 79.6129364, 27.6920594 ], [ 79.6135211, 27.6917459 ], [ 79.6137249, 27.6914324 ], [ 79.6138108, 27.6911521 ], [ 79.6138537, 27.6901831 ], [ 79.6135211, 27.6892948 ], [ 79.6133816, 27.6886773 ], [ 79.6134728, 27.6876466 ], [ 79.6136016, 27.6867108 ], [ 79.6138912, 27.6859792 ], [ 79.614374, 27.6853 ], [ 79.614948, 27.6846492 ], [ 79.6158653, 27.6839936 ], [ 79.6174157, 27.6831481 ], [ 79.6186817, 27.682654 ], [ 79.6213973, 27.6820006 ], [ 79.6231717, 27.6817087 ], [ 79.6242821, 27.6814284 ], [ 79.6249258, 27.6811529 ], [ 79.6255481, 27.6807491 ], [ 79.6260202, 27.6801981 ], [ 79.6263957, 27.6796612 ], [ 79.6266854, 27.6786684 ], [ 79.6268141, 27.6779891 ], [ 79.6267927, 27.6772812 ], [ 79.6264976, 27.6758465 ], [ 79.6259612, 27.6738845 ], [ 79.6256715, 27.6725115 ], [ 79.6256339, 27.6717134 ], [ 79.62565, 27.669965 ], [ 79.6256769, 27.6694614 ], [ 79.6258432, 27.6687345 ], [ 79.626106, 27.6680219 ], [ 79.6265137, 27.6674043 ], [ 79.6271467, 27.6668436 ], [ 79.6279299, 27.666359 ], [ 79.6287668, 27.6659789 ], [ 79.6296251, 27.6656464 ], [ 79.6303439, 27.6655038 ], [ 79.631052, 27.6654658 ], [ 79.6323609, 27.6655228 ], [ 79.6337128, 27.6657414 ], [ 79.6393669, 27.6671477 ], [ 79.6404827, 27.6673853 ], [ 79.6413088, 27.6674328 ], [ 79.6420806, 27.667391 ], [ 79.6427572, 27.6672427 ], [ 79.6438408, 27.6668436 ], [ 79.6446776, 27.6664255 ], [ 79.6455624, 27.6658492 ], [ 79.646126, 27.6651902 ], [ 79.6469717, 27.6638668 ], [ 79.6472731, 27.6631084 ], [ 79.6473639, 27.6623177 ], [ 79.6473277, 27.6612847 ], [ 79.6472633, 27.6607716 ], [ 79.6470594, 27.660515 ], [ 79.6465981, 27.6601824 ], [ 79.6463513, 27.6599259 ], [ 79.6460616, 27.6594127 ], [ 79.6454573, 27.6576669 ], [ 79.645257, 27.6561912 ], [ 79.6451175, 27.655393 ], [ 79.644742, 27.6541861 ], [ 79.6443987, 27.6534163 ], [ 79.6437657, 27.6520763 ], [ 79.6420061, 27.6500901 ], [ 79.6413517, 27.6494343 ], [ 79.6408582, 27.6488071 ], [ 79.640665, 27.648484 ], [ 79.6405685, 27.6481799 ], [ 79.6405095, 27.6478092 ], [ 79.6409547, 27.6446349 ], [ 79.6411478, 27.6435419 ], [ 79.6416843, 27.6411849 ], [ 79.6422529, 27.6393125 ], [ 79.6428537, 27.6375066 ], [ 79.6433151, 27.6358528 ], [ 79.6439052, 27.6345221 ], [ 79.6446454, 27.6328112 ], [ 79.6450317, 27.6321173 ], [ 79.6473813, 27.6294083 ], [ 79.6483929, 27.6285251 ], [ 79.6498001, 27.6275062 ], [ 79.6510258, 27.6269029 ], [ 79.6516299, 27.6267468 ], [ 79.6521556, 27.6266708 ], [ 79.652971, 27.6266803 ], [ 79.6537328, 27.6268419 ], [ 79.6545052, 27.6271555 ], [ 79.6559107, 27.627878 ], [ 79.6569192, 27.6284958 ], [ 79.6573913, 27.628876 ], [ 79.6578097, 27.6293988 ], [ 79.6580994, 27.6298361 ], [ 79.6583462, 27.6303969 ], [ 79.6586144, 27.6311193 ], [ 79.6586895, 27.6317276 ], [ 79.6588075, 27.6330108 ], [ 79.6588933, 27.6353205 ], [ 79.6591063, 27.6362604 ], [ 79.6594512, 27.6370884 ], [ 79.6597087, 27.6375446 ], [ 79.6600596, 27.6378958 ], [ 79.6606743, 27.638286 ], [ 79.6611678, 27.6385141 ], [ 79.6617695, 27.6386465 ], [ 79.6633584, 27.6385795 ], [ 79.6652555, 27.6383145 ], [ 79.6666074, 27.6379248 ], [ 79.6679485, 27.6374496 ], [ 79.6687853, 27.6369268 ], [ 79.6696329, 27.63629 ], [ 79.6702444, 27.6356152 ], [ 79.6709204, 27.6342845 ], [ 79.6716714, 27.6326972 ], [ 79.6721649, 27.6312999 ], [ 79.6730018, 27.6292277 ], [ 79.6734846, 27.6276213 ], [ 79.6735704, 27.6264616 ], [ 79.673506, 27.6249027 ], [ 79.6732378, 27.622992 ], [ 79.6729803, 27.6223076 ], [ 79.6718323, 27.6201592 ], [ 79.6711349, 27.619085 ], [ 79.6707165, 27.6183435 ], [ 79.6700835, 27.6169081 ], [ 79.669708, 27.6156342 ], [ 79.6691716, 27.6144934 ], [ 79.6685278, 27.6137043 ], [ 79.6680128, 27.613172 ], [ 79.6676052, 27.6126681 ], [ 79.6673262, 27.6122118 ], [ 79.6669078, 27.6112325 ], [ 79.6661246, 27.6092646 ], [ 79.6653736, 27.6077434 ], [ 79.6649873, 27.606517 ], [ 79.664762, 27.6052715 ], [ 79.6647084, 27.6043113 ], [ 79.6646869, 27.6030277 ], [ 79.6645689, 27.6021245 ], [ 79.6640861, 27.6010691 ], [ 79.6634531, 27.5999472 ], [ 79.6627772, 27.5989869 ], [ 79.6614575, 27.5969997 ], [ 79.6605027, 27.5958968 ], [ 79.6598911, 27.5952597 ], [ 79.6594727, 27.5947938 ], [ 79.6591616, 27.5942613 ], [ 79.6587753, 27.5933865 ], [ 79.6585607, 27.5926068 ], [ 79.65855, 27.5918176 ], [ 79.6587753, 27.5904959 ], [ 79.6590328, 27.5894785 ], [ 79.6596122, 27.5877669 ], [ 79.6599126, 27.5870727 ], [ 79.6605992, 27.5860552 ], [ 79.6612215, 27.5851709 ], [ 79.662348, 27.5838586 ], [ 79.6630132, 27.5832215 ], [ 79.6637669, 27.5822763 ], [ 79.664463, 27.5811631 ], [ 79.6649444, 27.5802925 ], [ 79.6652985, 27.5798075 ], [ 79.6658134, 27.5793511 ], [ 79.6664035, 27.5789517 ], [ 79.6676266, 27.5785808 ], [ 79.669311, 27.5781148 ], [ 79.6700835, 27.577839 ], [ 79.6707916, 27.5774872 ], [ 79.6713602, 27.5770117 ], [ 79.6716392, 27.5765267 ], [ 79.672004, 27.5754901 ], [ 79.6720898, 27.5747483 ], [ 79.6719825, 27.5741111 ], [ 79.6718001, 27.5734929 ], [ 79.6708131, 27.5722471 ], [ 79.6699226, 27.5711819 ], [ 79.6692145, 27.5701358 ], [ 79.6672473, 27.5683536 ], [ 79.6652233, 27.5668546 ], [ 79.6624339, 27.5649714 ], [ 79.6616399, 27.5646195 ], [ 79.6605778, 27.5642676 ], [ 79.6595693, 27.564125 ], [ 79.6584535, 27.564182 ], [ 79.6577024, 27.5643152 ], [ 79.6569192, 27.5646195 ], [ 79.6565223, 27.5649049 ], [ 79.6560287, 27.5653043 ], [ 79.6553957, 27.5662839 ], [ 79.654752, 27.5675584 ], [ 79.6540332, 27.5692513 ], [ 79.6534216, 27.571296 ], [ 79.6528852, 27.5727511 ], [ 79.6522844, 27.5737212 ], [ 79.6518338, 27.5742442 ], [ 79.6514046, 27.5746437 ], [ 79.6505999, 27.574986 ], [ 79.6497524, 27.5752048 ], [ 79.6490335, 27.5752428 ], [ 79.6480787, 27.5751287 ], [ 79.6470272, 27.5748909 ], [ 79.6462762, 27.5745676 ], [ 79.6456003, 27.5741396 ], [ 79.6451068, 27.5735785 ], [ 79.6447956, 27.573084 ], [ 79.6444631, 27.5723137 ], [ 79.6443236, 27.5714672 ], [ 79.6442163, 27.5699836 ], [ 79.6441197, 27.5688899 ], [ 79.6442921, 27.5672805 ], [ 79.6445918, 27.5657704 ], [ 79.6451712, 27.5638111 ], [ 79.6455145, 27.5628219 ], [ 79.6469414, 27.5595691 ], [ 79.647156, 27.5587226 ], [ 79.6474671, 27.5567822 ], [ 79.6476495, 27.5555076 ], [ 79.6477997, 27.5538335 ], [ 79.647907, 27.5531392 ], [ 79.6481001, 27.5525209 ], [ 79.6483147, 27.5520072 ], [ 79.6486473, 27.5514555 ], [ 79.6493447, 27.5505804 ], [ 79.6503746, 27.5493343 ], [ 79.653722, 27.5459193 ], [ 79.6567154, 27.5430274 ], [ 79.6577239, 27.5424662 ], [ 79.6585393, 27.5419525 ], [ 79.6589577, 27.54161 ], [ 79.6592903, 27.5411058 ], [ 79.6593761, 27.5406111 ], [ 79.6593332, 27.5398311 ], [ 79.6592367, 27.5392698 ], [ 79.658947, 27.5384897 ], [ 79.6585071, 27.5374623 ], [ 79.6573913, 27.5364824 ], [ 79.6564901, 27.5358926 ], [ 79.6544731, 27.5350839 ], [ 79.6525419, 27.5342372 ], [ 79.6508896, 27.533381 ], [ 79.6498811, 27.5327721 ], [ 79.6492267, 27.5322583 ], [ 79.6488941, 27.5318112 ], [ 79.6485293, 27.5310406 ], [ 79.648304, 27.5302794 ], [ 79.6481538, 27.5295754 ], [ 79.6481538, 27.5288428 ], [ 79.6482718, 27.5282815 ], [ 79.6486366, 27.5272444 ], [ 79.6488833, 27.5265975 ], [ 79.6495056, 27.5254367 ], [ 79.6505785, 27.5238668 ], [ 79.6518338, 27.5222303 ], [ 79.6526492, 27.5212693 ], [ 79.65325, 27.5206509 ], [ 79.6537971, 27.5202132 ], [ 79.6546726, 27.5196774 ], [ 79.6561789, 27.5188335 ], [ 79.6580243, 27.5178345 ], [ 79.6590543, 27.517254 ], [ 79.6597302, 27.5167973 ], [ 79.6602452, 27.5161693 ], [ 79.660567, 27.5156555 ], [ 79.6608353, 27.5150656 ], [ 79.6611678, 27.5139998 ], [ 79.6612966, 27.5127819 ], [ 79.6612644, 27.5114592 ], [ 79.6610606, 27.5102602 ], [ 79.6608138, 27.508595 ], [ 79.6605134, 27.5075387 ], [ 79.6600628, 27.5062921 ], [ 79.6591616, 27.5045031 ], [ 79.6585929, 27.5033135 ], [ 79.6578741, 27.5007631 ], [ 79.6577668, 27.4995736 ], [ 79.6577024, 27.4979748 ], [ 79.6577024, 27.4972515 ], [ 79.6577668, 27.4969279 ], [ 79.6578526, 27.4967185 ], [ 79.6580672, 27.4965377 ], [ 79.6586573, 27.4962617 ], [ 79.6593547, 27.4957383 ], [ 79.6600091, 27.494996 ], [ 79.6607602, 27.4942441 ], [ 79.6615434, 27.4935494 ], [ 79.6619832, 27.4932924 ], [ 79.6629918, 27.4928832 ], [ 79.6645367, 27.4925406 ], [ 79.6669292, 27.4923692 ], [ 79.6684205, 27.4924549 ], [ 79.6698475, 27.4925501 ], [ 79.670577, 27.4925691 ], [ 79.6713924, 27.4924263 ], [ 79.6721971, 27.4921123 ], [ 79.6735489, 27.4913604 ], [ 79.6747827, 27.4906371 ], [ 79.6767354, 27.4894189 ], [ 79.6782482, 27.4882101 ], [ 79.6792138, 27.4874677 ], [ 79.6799862, 27.4871632 ], [ 79.6813488, 27.4868301 ], [ 79.682529, 27.4866302 ], [ 79.6833551, 27.4866016 ], [ 79.6839881, 27.4866873 ], [ 79.6846747, 27.4869728 ], [ 79.6849537, 27.4871822 ], [ 79.6851575, 27.4874202 ], [ 79.6853077, 27.4879151 ], [ 79.6854579, 27.4887241 ], [ 79.685694, 27.4901993 ], [ 79.68593, 27.4912462 ], [ 79.6864557, 27.4926548 ], [ 79.6873569, 27.4948723 ], [ 79.6884406, 27.4964711 ], [ 79.6892345, 27.4972991 ], [ 79.6900821, 27.4979177 ], [ 79.6908331, 27.4982032 ], [ 79.6918201, 27.4982698 ], [ 79.693408, 27.4980604 ], [ 79.6952212, 27.4977083 ], [ 79.6976459, 27.4970897 ], [ 79.6991694, 27.4963283 ], [ 79.7008216, 27.4956622 ], [ 79.7019482, 27.4954338 ], [ 79.703182, 27.4952624 ], [ 79.7051132, 27.4952339 ], [ 79.7063148, 27.4950816 ], [ 79.7070658, 27.4948247 ], [ 79.708997, 27.4938444 ], [ 79.7099948, 27.4931687 ], [ 79.7109389, 27.4923883 ], [ 79.7120869, 27.4914841 ], [ 79.7129023, 27.4907132 ], [ 79.7133744, 27.4903896 ], [ 79.713825, 27.4901803 ], [ 79.7151124, 27.4899994 ], [ 79.7160351, 27.4899138 ], [ 79.7166788, 27.489752 ], [ 79.7170651, 27.4895616 ], [ 79.717226, 27.4893522 ], [ 79.7174621, 27.4887336 ], [ 79.7176659, 27.4872393 ], [ 79.7182667, 27.4857736 ], [ 79.7185349, 27.4847361 ], [ 79.7185135, 27.4837748 ], [ 79.7180736, 27.481262 ], [ 79.7178161, 27.4798914 ], [ 79.7176552, 27.476817 ], [ 79.7172153, 27.4746562 ], [ 79.7161531, 27.4720575 ], [ 79.7155952, 27.4704774 ], [ 79.7147477, 27.4670885 ], [ 79.7142112, 27.4651941 ], [ 79.7137284, 27.4640803 ], [ 79.7132456, 27.4631855 ], [ 79.7116256, 27.4610435 ], [ 79.7103917, 27.4597012 ], [ 79.7098982, 27.4589205 ], [ 79.7095656, 27.4581018 ], [ 79.7095549, 27.4564643 ], [ 79.7098875, 27.454941 ], [ 79.7103488, 27.4536843 ], [ 79.7110248, 27.4527323 ], [ 79.7121298, 27.4520087 ], [ 79.713428, 27.4512756 ], [ 79.7149408, 27.4506187 ], [ 79.7166467, 27.4502378 ], [ 79.717859, 27.4501236 ], [ 79.719286, 27.4501331 ], [ 79.7204018, 27.4501617 ], [ 79.7216892, 27.450095 ], [ 79.7229552, 27.4499141 ], [ 79.7237599, 27.4497237 ], [ 79.7244465, 27.4494952 ], [ 79.7250366, 27.4490858 ], [ 79.7252726, 27.4487621 ], [ 79.726249, 27.4467722 ], [ 79.7269142, 27.4456677 ], [ 79.7282767, 27.4435825 ], [ 79.7288453, 27.4425352 ], [ 79.729296, 27.4405356 ], [ 79.7296178, 27.4393549 ], [ 79.7299075, 27.4385455 ], [ 79.7301328, 27.4372696 ], [ 79.7301006, 27.4358984 ], [ 79.7299075, 27.4344415 ], [ 79.7295105, 27.4326037 ], [ 79.7293424, 27.4311888 ], [ 79.7293067, 27.4292518 ], [ 79.7296393, 27.4281281 ], [ 79.7301543, 27.4272901 ], [ 79.7306692, 27.4266044 ], [ 79.731313, 27.4261188 ], [ 79.7323644, 27.425595 ], [ 79.7331369, 27.4253379 ], [ 79.7340917, 27.4253474 ], [ 79.7348964, 27.4254522 ], [ 79.7357225, 27.4256426 ], [ 79.736892, 27.4261569 ], [ 79.7386944, 27.427471 ], [ 79.7397888, 27.4287471 ], [ 79.7413444, 27.4313087 ], [ 79.742471, 27.4327751 ], [ 79.7432649, 27.4336797 ], [ 79.7444665, 27.4344796 ], [ 79.7456145, 27.4351367 ], [ 79.7464299, 27.4354128 ], [ 79.7472346, 27.4355842 ], [ 79.7479105, 27.4356128 ], [ 79.7486508, 27.4355652 ], [ 79.7499061, 27.4352509 ], [ 79.7508824, 27.4347939 ], [ 79.7514832, 27.4343939 ], [ 79.7524488, 27.4334607 ], [ 79.7530603, 27.4326513 ], [ 79.7537362, 27.4315467 ], [ 79.7540259, 27.4307468 ], [ 79.7545195, 27.4292803 ], [ 79.7549808, 27.4279757 ], [ 79.7551417, 27.4271091 ], [ 79.7552168, 27.4259854 ], [ 79.7551846, 27.4249665 ], [ 79.7550774, 27.4240523 ], [ 79.7547662, 27.4232999 ], [ 79.7543156, 27.4223571 ], [ 79.7537148, 27.4213857 ], [ 79.7531247, 27.4205953 ], [ 79.7522235, 27.4199191 ], [ 79.7513115, 27.4193287 ], [ 79.7503245, 27.4189192 ], [ 79.7485006, 27.4184525 ], [ 79.7470736, 27.4180716 ], [ 79.7459149, 27.4176525 ], [ 79.7445631, 27.4169668 ], [ 79.7427928, 27.4159192 ], [ 79.7414195, 27.4149858 ], [ 79.7397137, 27.413462 ], [ 79.7377074, 27.4114905 ], [ 79.7365594, 27.4102143 ], [ 79.7349299, 27.4086547 ], [ 79.734661, 27.407839 ], [ 79.7344368, 27.4056901 ], [ 79.7345489, 27.4038993 ], [ 79.7344817, 27.402984 ], [ 79.734011, 27.4021682 ], [ 79.7332265, 27.4009743 ], [ 79.7320872, 27.3996415 ], [ 79.7310364, 27.3969302 ], [ 79.7309598, 27.3963811 ], [ 79.7309448, 27.3955192 ], [ 79.7310731, 27.394551 ], [ 79.7312334, 27.3933739 ], [ 79.7315862, 27.3924247 ], [ 79.7321636, 27.3915419 ], [ 79.7331792, 27.3904502 ], [ 79.7343873, 27.3897858 ], [ 79.7360552, 27.3888934 ], [ 79.7375092, 27.3873746 ], [ 79.7379689, 27.3866911 ], [ 79.7384821, 27.3858367 ], [ 79.7389097, 27.384783 ], [ 79.7391663, 27.3829128 ], [ 79.7389418, 27.3814129 ], [ 79.7384976, 27.3801117 ], [ 79.7373281, 27.3778863 ], [ 79.7360645, 27.3764304 ], [ 79.7351873, 27.3758091 ], [ 79.7344041, 27.3755495 ], [ 79.7336418, 27.3755587 ] ] } },
{ "type": "Feature", "properties": { "full_id": "w562114082", "osm_id": "562114082", "osm_type": "way", "waterway": "river", "intermittent": null, "alt_name": null, "wikidata": null, "name:uk": null, "layer": null, "width": null, "tunnel": null, "name:ml": null, "name:kn": "ರಾಮಗಂಗಾ", "name:hi": null, "name:en": "Ramganga River", "name": "Ramganga", "int_name": null, "boat": null }, "geometry": { "type": "LineString", "coordinates": [ [ 79.466021, 28.1446074 ], [ 79.4675566, 28.1423554 ], [ 79.4685207, 28.1412625 ], [ 79.4700578, 28.1402473 ], [ 79.4753486, 28.137889 ], [ 79.4779008, 28.1373449 ], [ 79.4801516, 28.1376158 ], [ 79.4826546, 28.1373719 ], [ 79.4834833, 28.1366131 ], [ 79.4837117, 28.1353666 ], [ 79.4849359, 28.1273941 ], [ 79.485229, 28.1229999 ], [ 79.4860947, 28.1174202 ], [ 79.4862342, 28.1157169 ], [ 79.4865131, 28.1148936 ], [ 79.486953, 28.1142974 ], [ 79.4877899, 28.1136066 ], [ 79.4887769, 28.1129064 ], [ 79.4896674, 28.1124995 ], [ 79.4910943, 28.1120452 ], [ 79.4926286, 28.1115437 ], [ 79.493916, 28.1115531 ], [ 79.4950747, 28.1118086 ], [ 79.4958901, 28.112102 ], [ 79.4973493, 28.1128212 ], [ 79.4993126, 28.1136823 ], [ 79.5011473, 28.1147233 ], [ 79.502306, 28.1154992 ], [ 79.503057, 28.1161616 ], [ 79.5039904, 28.1169943 ], [ 79.5044732, 28.1171079 ], [ 79.5053315, 28.1170133 ], [ 79.5059752, 28.1168145 ], [ 79.5068872, 28.1163319 ], [ 79.5076489, 28.1156128 ], [ 79.5085716, 28.114534 ], [ 79.5096981, 28.1133038 ], [ 79.5103419, 28.1119033 ], [ 79.510889, 28.1104459 ], [ 79.5113826, 28.1090832 ], [ 79.5115435, 28.1071811 ], [ 79.5117044, 28.1051558 ], [ 79.5117688, 28.1032442 ], [ 79.511801, 28.1018624 ], [ 79.5116401, 28.100386 ], [ 79.5109641, 28.0988433 ], [ 79.5100307, 28.096799 ], [ 79.5092797, 28.0948493 ], [ 79.5085072, 28.0937041 ], [ 79.5080352, 28.0924074 ], [ 79.50737, 28.090079 ], [ 79.507134, 28.0887255 ], [ 79.5069194, 28.0875802 ], [ 79.5065009, 28.0869366 ], [ 79.505707, 28.0858765 ], [ 79.5046985, 28.0845608 ], [ 79.5035183, 28.0830747 ], [ 79.5024562, 28.0820997 ], [ 79.5013082, 28.0815507 ], [ 79.5007074, 28.0812004 ], [ 79.5001387, 28.0808407 ], [ 79.4999242, 28.0803958 ], [ 79.4999456, 28.0796575 ], [ 79.5002997, 28.078957 ], [ 79.5003211, 28.0784458 ], [ 79.5002997, 28.0778968 ], [ 79.4998598, 28.0772815 ], [ 79.4985938, 28.075748 ], [ 79.4972634, 28.0741103 ], [ 79.4956112, 28.0723211 ], [ 79.4946778, 28.0712892 ], [ 79.493401, 28.0704372 ], [ 79.4908583, 28.0692255 ], [ 79.4886804, 28.0682125 ], [ 79.4863415, 28.0666599 ], [ 79.4852686, 28.0659404 ], [ 79.4850111, 28.0656848 ], [ 79.4848072, 28.0652398 ], [ 79.4849038, 28.0643499 ], [ 79.4854295, 28.061557 ], [ 79.4858158, 28.0591238 ], [ 79.4861483, 28.0574007 ], [ 79.4869852, 28.0550999 ], [ 79.4878864, 28.0524677 ], [ 79.4884336, 28.0510664 ], [ 79.4893563, 28.0491443 ], [ 79.4897747, 28.0476104 ], [ 79.4900429, 28.0458965 ], [ 79.4899034, 28.0446845 ], [ 79.4894421, 28.0430274 ], [ 79.4890988, 28.042071 ], [ 79.488734, 28.0413323 ], [ 79.4883048, 28.0408873 ], [ 79.4874143, 28.0400919 ], [ 79.4854617, 28.0388419 ], [ 79.4838202, 28.0379044 ], [ 79.482404, 28.0371279 ], [ 79.4802153, 28.0361051 ], [ 79.4787884, 28.0351771 ], [ 79.4781339, 28.0344006 ], [ 79.4775545, 28.0336335 ], [ 79.477458, 28.0329516 ], [ 79.4775545, 28.0323171 ], [ 79.4781661, 28.0312091 ], [ 79.4789708, 28.0302621 ], [ 79.4800436, 28.0298075 ], [ 79.4818675, 28.0294761 ], [ 79.4830692, 28.0291351 ], [ 79.4849789, 28.028368 ], [ 79.4865882, 28.0280081 ], [ 79.4876075, 28.027743 ], [ 79.4886374, 28.0274683 ], [ 79.4891202, 28.0272789 ], [ 79.4896889, 28.0269569 ], [ 79.4903219, 28.0263508 ], [ 79.490633, 28.0257257 ], [ 79.4908583, 28.0245229 ], [ 79.4909763, 28.0224109 ], [ 79.4912875, 28.0199389 ], [ 79.4915235, 28.0173059 ], [ 79.4916737, 28.0162735 ], [ 79.4919634, 28.0152884 ], [ 79.4928646, 28.0133657 ], [ 79.4936478, 28.0122385 ], [ 79.4949996, 28.0105904 ], [ 79.4959116, 28.0097 ], [ 79.4972634, 28.0089328 ], [ 79.4983899, 28.0084592 ], [ 79.5018983, 28.0070952 ], [ 79.503926, 28.0061479 ], [ 79.5049882, 28.0054754 ], [ 79.5056641, 28.0048786 ], [ 79.5080674, 28.0024631 ], [ 79.5087111, 28.0015537 ], [ 79.5092261, 28.0004169 ], [ 79.5096016, 27.9987307 ], [ 79.5096552, 27.9973666 ], [ 79.5095909, 27.9958698 ], [ 79.5093548, 27.9944298 ], [ 79.5089257, 27.9933688 ], [ 79.5078099, 27.9918909 ], [ 79.5065975, 27.9908488 ], [ 79.5046985, 27.9899772 ], [ 79.5029712, 27.9896646 ], [ 79.5003748, 27.9892761 ], [ 79.4992912, 27.9892856 ], [ 79.4981646, 27.9893993 ], [ 79.496845, 27.9896456 ], [ 79.4946992, 27.9902425 ], [ 79.493283, 27.9904983 ], [ 79.4916952, 27.9906309 ], [ 79.4900215, 27.9906214 ], [ 79.4888627, 27.9908014 ], [ 79.4876289, 27.9911046 ], [ 79.4863522, 27.991512 ], [ 79.4851613, 27.9924025 ], [ 79.4846034, 27.9933688 ], [ 79.4840455, 27.9946098 ], [ 79.4837987, 27.9959551 ], [ 79.4831979, 27.9974708 ], [ 79.4830155, 27.9980771 ], [ 79.4826078, 27.9988918 ], [ 79.4810521, 28.0009664 ], [ 79.4800115, 28.0019326 ], [ 79.4791102, 28.0026241 ], [ 79.4783914, 28.0030314 ], [ 79.4776082, 28.0033251 ], [ 79.4763744, 28.0037135 ], [ 79.4744432, 28.004236 ], [ 79.4726193, 28.0044902 ], [ 79.471246, 28.0044429 ], [ 79.4700658, 28.0042345 ], [ 79.4694757, 28.0040355 ], [ 79.469111, 28.0037608 ], [ 79.4689929, 28.0034577 ], [ 79.4689178, 28.0032209 ], [ 79.4689071, 28.0029556 ], [ 79.4690573, 28.0023968 ], [ 79.4688856, 28.0015347 ], [ 79.4678342, 27.9990718 ], [ 79.467212, 27.9971961 ], [ 79.4669759, 27.9964761 ], [ 79.4663858, 27.9953772 ], [ 79.4659138, 27.994714 ], [ 79.4655597, 27.9939562 ], [ 79.4654095, 27.9930562 ], [ 79.4653666, 27.9917962 ], [ 79.4645834, 27.9894656 ], [ 79.46365, 27.987315 ], [ 79.4630813, 27.9855149 ], [ 79.4623625, 27.9834306 ], [ 79.4615364, 27.9810998 ], [ 79.4610643, 27.9801334 ], [ 79.4606566, 27.9794133 ], [ 79.4602275, 27.9789396 ], [ 79.4581675, 27.9775941 ], [ 79.4567513, 27.9757749 ], [ 79.4552493, 27.9749411 ], [ 79.4527817, 27.9743726 ], [ 79.4497132, 27.9736714 ], [ 79.4468808, 27.9731408 ], [ 79.4438553, 27.9729134 ], [ 79.4426107, 27.972307 ], [ 79.441688, 27.9718332 ], [ 79.4408512, 27.9709615 ], [ 79.440186, 27.9700897 ], [ 79.439435, 27.968422 ], [ 79.4390273, 27.9662046 ], [ 79.4382548, 27.961675 ], [ 79.4385123, 27.9595144 ], [ 79.438684, 27.9578655 ], [ 79.4385981, 27.9566145 ], [ 79.4383621, 27.9551361 ], [ 79.4375896, 27.9535629 ], [ 79.435873, 27.9505492 ], [ 79.4329119, 27.9464359 ], [ 79.4307446, 27.9430997 ], [ 79.4294572, 27.94128 ], [ 79.4270539, 27.9395549 ], [ 79.4264316, 27.9393085 ], [ 79.425745, 27.9390241 ], [ 79.4249081, 27.9386071 ], [ 79.4238782, 27.9378204 ], [ 79.4232774, 27.9373464 ], [ 79.4225585, 27.9364934 ], [ 79.4221508, 27.9355645 ], [ 79.4217539, 27.9348441 ], [ 79.4214521, 27.9344476 ], [ 79.4204991, 27.933926 ], [ 79.4195177, 27.9339297 ], [ 79.417855, 27.9341448 ], [ 79.4166454, 27.9348102 ], [ 79.4140662, 27.9357423 ], [ 79.4100801, 27.9363638 ], [ 79.4063593, 27.935746 ], [ 79.4047391, 27.9347585 ], [ 79.4041588, 27.9337331 ], [ 79.4039693, 27.9328124 ] ] } },
{ "type": "Feature", "properties": { "full_id": "w562784004", "osm_id": "562784004", "osm_type": "way", "waterway": "river", "intermittent": null, "alt_name": null, "wikidata": null, "name:uk": null, "layer": null, "width": null, "tunnel": null, "name:ml": null, "name:kn": "ರಾಮಗಂಗಾ", "name:hi": null, "name:en": null, "name": "Ramganga", "int_name": null, "boat": null }, "geometry": { "type": "LineString", "coordinates": [ [ 79.2614122, 29.697399 ], [ 79.260981, 29.6970244 ], [ 79.2602949, 29.6967615 ], [ 79.2590168, 29.6967147 ], [ 79.2574494, 29.6966095 ], [ 79.2567498, 29.6962998 ], [ 79.2556667, 29.6956512 ], [ 79.2548527, 29.6944357 ], [ 79.2544357, 29.6931092 ], [ 79.2542406, 29.692221 ], [ 79.253985, 29.6911165 ], [ 79.2535544, 29.6902458 ], [ 79.2532046, 29.6893108 ], [ 79.2529625, 29.6882004 ], [ 79.2529288, 29.6874056 ], [ 79.2529086, 29.6862485 ], [ 79.2528683, 29.6856875 ], [ 79.2525454, 29.6850563 ], [ 79.2520947, 29.6845771 ], [ 79.2518323, 29.6842966 ], [ 79.2515834, 29.6840687 ], [ 79.2513547, 29.6837998 ], [ 79.2512, 29.6835135 ], [ 79.2511933, 29.6830459 ], [ 79.2510991, 29.6821459 ], [ 79.2509376, 29.6816082 ], [ 79.2505542, 29.6810939 ], [ 79.2498479, 29.6802406 ], [ 79.2490406, 29.6791127 ], [ 79.2486841, 29.6783646 ], [ 79.2483545, 29.677295 ], [ 79.2481527, 29.6766638 ], [ 79.2481123, 29.6760559 ], [ 79.2480719, 29.6756234 ], [ 79.2478432, 29.6753078 ], [ 79.2472243, 29.6750156 ], [ 79.2463969, 29.674776 ], [ 79.2454821, 29.6742792 ], [ 79.2446815, 29.6735427 ], [ 79.2439819, 29.6730927 ], [ 79.2431814, 29.6728472 ], [ 79.2420647, 29.6727186 ], [ 79.2411835, 29.6725958 ], [ 79.2405579, 29.6725199 ], [ 79.2397439, 29.6726251 ], [ 79.2372348, 29.6722978 ], [ 79.2355597, 29.6716197 ], [ 79.2349005, 29.6713158 ], [ 79.2334004, 29.6708073 ], [ 79.2328488, 29.6704858 ], [ 79.2325662, 29.6701936 ], [ 79.2326133, 29.6696149 ], [ 79.2327815, 29.6692233 ], [ 79.2328757, 29.6688609 ], [ 79.2334609, 29.6678906 ], [ 79.2337973, 29.6674522 ], [ 79.2339722, 29.66716 ], [ 79.2341269, 29.6668443 ], [ 79.2340058, 29.6665053 ], [ 79.2337704, 29.6660085 ], [ 79.2331784, 29.6654649 ], [ 79.232425, 29.6650089 ], [ 79.2312343, 29.664816 ], [ 79.2306827, 29.6647985 ], [ 79.2295122, 29.6647459 ], [ 79.2285368, 29.6646465 ], [ 79.2277834, 29.664629 ], [ 79.2274672, 29.6644595 ], [ 79.2273259, 29.6642023 ], [ 79.226781, 29.6631442 ], [ 79.2265859, 29.6625714 ], [ 79.2264985, 29.6619576 ], [ 79.2265859, 29.6615484 ], [ 79.2266599, 29.6609873 ], [ 79.2271846, 29.660163 ], [ 79.2277026, 29.6590874 ], [ 79.2277901, 29.6585555 ], [ 79.2277026, 29.6580995 ], [ 79.2271039, 29.65755 ], [ 79.2265725, 29.6573045 ], [ 79.2261756, 29.6570648 ], [ 79.2259402, 29.6565913 ], [ 79.2260949, 29.6562873 ], [ 79.2263034, 29.6559015 ], [ 79.2269761, 29.6550188 ], [ 79.2274874, 29.6545394 ], [ 79.2283148, 29.6538438 ], [ 79.2286511, 29.6534229 ], [ 79.2285099, 29.6529669 ], [ 79.2282542, 29.6525167 ], [ 79.2279515, 29.6517392 ], [ 79.2279448, 29.6510494 ], [ 79.2279919, 29.6504706 ], [ 79.2281802, 29.6496814 ], [ 79.2284493, 29.6488921 ], [ 79.2284628, 29.648021 ], [ 79.2277497, 29.647261 ], [ 79.2273125, 29.646881 ], [ 79.2265994, 29.646577 ], [ 79.2255231, 29.6464776 ], [ 79.2234377, 29.6461385 ], [ 79.2223614, 29.6459865 ], [ 79.2210227, 29.6455889 ], [ 79.2201079, 29.6448347 ], [ 79.2186952, 29.6437941 ], [ 79.2181705, 29.6431392 ], [ 79.2179283, 29.6425078 ], [ 79.2178812, 29.6417185 ], [ 79.2185068, 29.6403504 ], [ 79.2190719, 29.6396897 ], [ 79.2198724, 29.6386431 ], [ 79.2203702, 29.6376609 ], [ 79.2201953, 29.6370645 ], [ 79.219785, 29.6361465 ], [ 79.2189306, 29.6345269 ], [ 79.2188095, 29.6337726 ], [ 79.2188835, 29.6330768 ], [ 79.2190652, 29.6325447 ], [ 79.2194822, 29.6320418 ], [ 79.220128, 29.6315916 ], [ 79.2205115, 29.6311004 ], [ 79.2210631, 29.6304572 ], [ 79.2217896, 29.6297906 ], [ 79.2221461, 29.6294164 ], [ 79.2226036, 29.6288901 ], [ 79.2230274, 29.6281475 ], [ 79.2229063, 29.6274984 ], [ 79.2223547, 29.6266681 ], [ 79.221312, 29.62644 ], [ 79.2202626, 29.6262295 ], [ 79.2193612, 29.6258085 ], [ 79.2185203, 29.625177 ], [ 79.2172556, 29.6242472 ], [ 79.216408, 29.6234694 ], [ 79.2159304, 29.6228554 ], [ 79.2156815, 29.6220543 ], [ 79.2152644, 29.621066 ], [ 79.214733, 29.6202941 ], [ 79.2143563, 29.6197093 ], [ 79.2133472, 29.6189374 ], [ 79.2129907, 29.6186859 ], [ 79.2120624, 29.6186917 ], [ 79.2107304, 29.6189198 ], [ 79.2100241, 29.6191128 ], [ 79.2092774, 29.6195865 ], [ 79.2083894, 29.6200602 ], [ 79.2081473, 29.6203526 ], [ 79.2078916, 29.62099 ], [ 79.207636, 29.6219139 ], [ 79.2075486, 29.6227502 ], [ 79.207562, 29.6231829 ], [ 79.2077369, 29.6236039 ], [ 79.2079993, 29.6237794 ], [ 79.2083356, 29.6239022 ], [ 79.2093178, 29.6243758 ], [ 79.2100106, 29.6253699 ], [ 79.2105959, 29.626095 ], [ 79.2108784, 29.6266447 ], [ 79.2106968, 29.6271651 ], [ 79.2105623, 29.6274458 ], [ 79.2102259, 29.627668 ], [ 79.2099434, 29.6278376 ], [ 79.2090823, 29.6280306 ], [ 79.2074611, 29.628358 ], [ 79.2057457, 29.6287556 ], [ 79.2038218, 29.6293404 ], [ 79.2033375, 29.629586 ], [ 79.2029877, 29.6299485 ], [ 79.2028195, 29.6303052 ], [ 79.2027388, 29.6306502 ], [ 79.2034653, 29.6317904 ], [ 79.2036738, 29.6321178 ], [ 79.2037411, 29.6324979 ], [ 79.2035998, 29.6327084 ], [ 79.2030415, 29.6329891 ], [ 79.2026446, 29.6332347 ], [ 79.2017365, 29.6336498 ], [ 79.200566, 29.6333691 ], [ 79.2004179, 29.6332329 ], [ 79.2002162, 29.6330475 ], [ 79.1999336, 29.632457 ], [ 79.1996982, 29.6319717 ], [ 79.1997116, 29.6314454 ], [ 79.1997184, 29.6310186 ], [ 79.2004381, 29.6293872 ], [ 79.2011176, 29.6281592 ], [ 79.2013934, 29.6276271 ], [ 79.2015346, 29.6268318 ], [ 79.2014943, 29.6265979 ], [ 79.2011176, 29.6263523 ], [ 79.2007879, 29.6261886 ], [ 79.2003171, 29.6259839 ], [ 79.19879, 29.625481 ], [ 79.1981106, 29.6252179 ], [ 79.1977474, 29.6249898 ], [ 79.1971419, 29.6242881 ], [ 79.1968258, 29.6236098 ], [ 79.1966912, 29.6227151 ], [ 79.1968056, 29.6222882 ], [ 79.1969267, 29.6219081 ], [ 79.1970679, 29.6214987 ], [ 79.1974917, 29.620797 ], [ 79.1980097, 29.6200368 ], [ 79.1983461, 29.6195923 ], [ 79.1985344, 29.6193233 ], [ 79.1986959, 29.6190368 ], [ 79.1988169, 29.6187268 ], [ 79.1987631, 29.6185163 ], [ 79.1985277, 29.6183233 ], [ 79.1982586, 29.6182707 ], [ 79.197707, 29.6183759 ], [ 79.1973236, 29.6185455 ], [ 79.1968459, 29.6187678 ], [ 79.1963414, 29.6191245 ], [ 79.195884, 29.6194286 ], [ 79.1951171, 29.6202064 ], [ 79.1940611, 29.6204869 ], [ 79.1935452, 29.620559 ], [ 79.1927528, 29.6206631 ], [ 79.1923014, 29.6208473 ], [ 79.191767, 29.6211677 ], [ 79.1913189, 29.6213992 ], [ 79.1911313, 29.6214961 ], [ 79.1901086, 29.622313 ], [ 79.189777, 29.6225213 ], [ 79.1885516, 29.6235865 ], [ 79.1880817, 29.6240029 ], [ 79.1876487, 29.6243874 ], [ 79.1870682, 29.62498 ], [ 79.1865247, 29.6257168 ], [ 79.1859166, 29.625853 ], [ 79.1853361, 29.6256688 ], [ 79.1848847, 29.6254205 ], [ 79.1844517, 29.6251883 ], [ 79.1840831, 29.62498 ], [ 79.1835303, 29.6247878 ], [ 79.1829591, 29.6246597 ], [ 79.1824708, 29.6245716 ], [ 79.1822036, 29.6245636 ], [ 79.1818259, 29.6246757 ], [ 79.1812639, 29.6248279 ], [ 79.1806997, 29.6249323 ], [ 79.1777057, 29.6221125 ], [ 79.1770428, 29.6208787 ], [ 79.1763903, 29.6181758 ], [ 79.1766039, 29.6160896 ], [ 79.1768467, 29.6150912 ], [ 79.1769868, 29.6144905 ], [ 79.1768271, 29.613868 ], [ 79.1764732, 29.6135001 ], [ 79.1757904, 29.6132884 ], [ 79.1746991, 29.6133378 ], [ 79.1733826, 29.613833 ], [ 79.1718887, 29.6146609 ], [ 79.16877, 29.6166578 ], [ 79.1682005, 29.6172423 ], [ 79.1676309, 29.61764 ], [ 79.1672013, 29.6177526 ] ] } },
{ "type": "Feature", "properties": { "full_id": "w569405743", "osm_id": "569405743", "osm_type": "way", "waterway": "river", "intermittent": null, "alt_name": null, "wikidata": null, "name:uk": null, "layer": null, "width": null, "tunnel": null, "name:ml": null, "name:kn": "ರಾಮಗಂಗಾ", "name:hi": null, "name:en": null, "name": "Ramganga", "int_name": null, "boat": null }, "geometry": { "type": "LineString", "coordinates": [ [ 79.4184896, 29.9190543 ], [ 79.4185356, 29.9189846 ], [ 79.4189796, 29.9183782 ], [ 79.4192352, 29.9181625 ], [ 79.4196253, 29.9179351 ], [ 79.4206158, 29.9174545 ] ] } },
{ "type": "Feature", "properties": { "full_id": "w569405744", "osm_id": "569405744", "osm_type": "way", "waterway": "river", "intermittent": null, "alt_name": null, "wikidata": null, "name:uk": null, "layer": null, "width": null, "tunnel": null, "name:ml": null, "name:kn": "ರಾಮಗಂಗಾ", "name:hi": null, "name:en": null, "name": "Ramganga", "int_name": null, "boat": null }, "geometry": { "type": "LineString", "coordinates": [ [ 79.4092582, 29.9489051 ], [ 79.4102766, 29.948641 ], [ 79.4106448, 29.9484767 ], [ 79.4112973, 29.9482085 ], [ 79.4120575, 29.9478064 ], [ 79.4124813, 29.9475149 ], [ 79.4133692, 29.9469379 ], [ 79.4140689, 29.9464074 ], [ 79.4148223, 29.9456672 ], [ 79.4151519, 29.9449327 ], [ 79.4154075, 29.9443673 ], [ 79.4154748, 29.9435629 ], [ 79.4156699, 29.9430033 ], [ 79.4158179, 29.9424087 ], [ 79.4158448, 29.9422455 ], [ 79.4157506, 29.9419832 ], [ 79.4152393, 29.9417617 ], [ 79.414681, 29.9415519 ], [ 79.4138805, 29.9412837 ], [ 79.412932, 29.9404909 ], [ 79.4122593, 29.9396865 ], [ 79.4117884, 29.938917 ], [ 79.411405, 29.9385673 ], [ 79.4108937, 29.9383166 ], [ 79.4104497, 29.9378386 ], [ 79.4104026, 29.9370691 ], [ 79.4104901, 29.9360956 ], [ 79.4106314, 29.9355943 ], [ 79.4109072, 29.9354602 ], [ 79.4113108, 29.9353786 ], [ 79.4116808, 29.9352736 ], [ 79.4120575, 29.9351279 ], [ 79.4124409, 29.9348014 ], [ 79.4127571, 29.9343293 ], [ 79.4133827, 29.9331225 ], [ 79.4136451, 29.9325396 ], [ 79.4137123, 29.9315368 ], [ 79.4137527, 29.9308373 ], [ 79.4140352, 29.9300677 ], [ 79.4149703, 29.9290358 ], [ 79.4153873, 29.9284703 ], [ 79.4156026, 29.9280681 ], [ 79.4156968, 29.9277591 ], [ 79.4152999, 29.9272227 ], [ 79.4148865, 29.9269783 ], [ 79.4144839, 29.9266036 ], [ 79.4142922, 29.9260935 ], [ 79.414607, 29.9255495 ], [ 79.4147281, 29.9251589 ], [ 79.4149165, 29.9247741 ], [ 79.4154075, 29.9241561 ], [ 79.4163022, 29.9230542 ], [ 79.4167664, 29.9226344 ], [ 79.4175332, 29.9218123 ], [ 79.4177418, 29.9213401 ], [ 79.4178763, 29.9209553 ], [ 79.4179301, 29.920553 ], [ 79.417984, 29.920174 ], [ 79.418132, 29.9195968 ], [ 79.4184896, 29.9190543 ] ] } },
{ "type": "Feature", "properties": { "full_id": "w569405745", "osm_id": "569405745", "osm_type": "way", "waterway": "river", "intermittent": null, "alt_name": null, "wikidata": null, "name:uk": null, "layer": null, "width": null, "tunnel": null, "name:ml": null, "name:kn": "ರಾಮಗಂಗಾ", "name:hi": null, "name:en": null, "name": "Ramganga", "int_name": null, "boat": null }, "geometry": { "type": "LineString", "coordinates": [ [ 79.3203286, 29.9865853 ], [ 79.3202078, 29.9863723 ], [ 79.32019, 29.9861321 ], [ 79.3205835, 29.9853263 ], [ 79.3213081, 29.9844585 ], [ 79.3220595, 29.983796 ], [ 79.322395, 29.983273 ], [ 79.3225739, 29.9827849 ], [ 79.3227796, 29.9823549 ], [ 79.3229809, 29.9820411 ], [ 79.3232403, 29.9819481 ], [ 79.3234997, 29.9820449 ], [ 79.3240454, 29.9823084 ], [ 79.324363, 29.9824943 ], [ 79.324515, 29.9828198 ], [ 79.3247252, 29.9831568 ], [ 79.3249444, 29.9832769 ], [ 79.3254632, 29.983366 ], [ 79.3257361, 29.9833428 ], [ 79.3268453, 29.9828895 ], [ 79.3272926, 29.9828895 ], [ 79.3275028, 29.9829166 ], [ 79.3277264, 29.983029 ], [ 79.3279948, 29.9832847 ], [ 79.3281647, 29.9836333 ], [ 79.3286299, 29.9837922 ], [ 79.3291845, 29.9837922 ], [ 79.3295155, 29.9837844 ], [ 79.330495, 29.9842067 ], [ 79.3311883, 29.9844663 ], [ 79.3315819, 29.9844856 ], [ 79.3323467, 29.9843965 ], [ 79.33287, 29.984288 ], [ 79.3333307, 29.983951 ], [ 79.3335677, 29.9838425 ], [ 79.3339524, 29.9837496 ], [ 79.3346188, 29.9835752 ], [ 79.3354776, 29.9831839 ], [ 79.3366002, 29.9826842 ], [ 79.3370519, 29.9823471 ], [ 79.3372711, 29.9819597 ], [ 79.3376021, 29.9811113 ], [ 79.3378168, 29.9808285 ], [ 79.3380985, 29.9807548 ], [ 79.3385548, 29.9807936 ], [ 79.3388723, 29.9809369 ], [ 79.339579, 29.9815568 ], [ 79.3398116, 29.9817738 ], [ 79.3400352, 29.9818319 ], [ 79.3405309, 29.9818773 ], [ 79.3408725, 29.9820417 ], [ 79.3418592, 29.982743 ], [ 79.3429598, 29.9832908 ], [ 79.3433583, 29.9836689 ], [ 79.343586, 29.9841455 ], [ 79.3442628, 29.984666 ], [ 79.3446762, 29.9847086 ], [ 79.3453968, 29.984986 ] ] } },
{ "type": "Feature", "properties": { "full_id": "w569410623", "osm_id": "569410623", "osm_type": "way", "waterway": "river", "intermittent": null, "alt_name": null, "wikidata": null, "name:uk": null, "layer": null, "width": null, "tunnel": null, "name:ml": null, "name:kn": "ರಾಮಗಂಗಾ", "name:hi": null, "name:en": null, "name": "Ramganga", "int_name": null, "boat": null }, "geometry": { "type": "LineString", "coordinates": [ [ 79.2849105, 30.0630554 ], [ 79.285125, 30.0627084 ], [ 79.2852952, 30.0622333 ], [ 79.2852677, 30.0620242 ], [ 79.2851305, 30.0618769 ], [ 79.2848285, 30.0617914 ], [ 79.2844442, 30.0617534 ], [ 79.2835714, 30.061896 ], [ 79.2833298, 30.0618152 ], [ 79.283242, 30.0616346 ], [ 79.2830553, 30.060214 ], [ 79.2830937, 30.0600001 ], [ 79.2831596, 30.0598814 ], [ 79.2833463, 30.0598386 ], [ 79.2835329, 30.0598671 ], [ 79.2838458, 30.0600144 ], [ 79.2844442, 30.0601807 ], [ 79.2849952, 30.060131 ], [ 79.2854494, 30.060047 ], [ 79.2857444, 30.0598387 ], [ 79.286121, 30.0592742 ], [ 79.286253, 30.0586829 ], [ 79.2862685, 30.0581453 ], [ 79.2861559, 30.0577825 ], [ 79.2859968, 30.0575204 ], [ 79.2855542, 30.0574129 ], [ 79.2853058, 30.0573154 ], [ 79.2851893, 30.0571407 ], [ 79.2851893, 30.056966 ], [ 79.2853174, 30.0567443 ], [ 79.2853368, 30.0565494 ], [ 79.2851389, 30.0558841 ], [ 79.2848555, 30.055528 ], [ 79.2845527, 30.0548157 ], [ 79.2843897, 30.0544998 ], [ 79.2836637, 30.0540899 ], [ 79.2831824, 30.0536598 ], [ 79.2831009, 30.0532869 ], [ 79.2831436, 30.0531054 ], [ 79.2836909, 30.0526417 ], [ 79.2846032, 30.0515127 ], [ 79.2851932, 30.0510222 ], [ 79.2854572, 30.0506257 ], [ 79.2855698, 30.0503871 ], [ 79.2855775, 30.0501889 ], [ 79.2854649, 30.0500477 ], [ 79.2849797, 30.0498831 ], [ 79.2848011, 30.0497588 ], [ 79.2848206, 30.0495605 ], [ 79.2849448, 30.0494261 ], [ 79.2851272, 30.0493388 ], [ 79.2853407, 30.0493119 ], [ 79.2856086, 30.0492951 ], [ 79.2858104, 30.0492245 ], [ 79.2859735, 30.0490767 ], [ 79.2861443, 30.0487608 ], [ 79.2861288, 30.0484517 ], [ 79.2859502, 30.0482702 ], [ 79.2854999, 30.0483576 ], [ 79.2851427, 30.0484954 ], [ 79.2848128, 30.0484282 ], [ 79.2845915, 30.0482769 ], [ 79.2844945, 30.0479947 ], [ 79.2844867, 30.0478328 ], [ 79.2844824, 30.0477436 ], [ 79.2846828, 30.0475987 ], [ 79.2852949, 30.0474751 ], [ 79.2858055, 30.0473539 ], [ 79.2861459, 30.0471544 ], [ 79.2862584, 30.0469144 ], [ 79.2862721, 30.0466601 ], [ 79.2861376, 30.046337 ], [ 79.2859156, 30.0460186 ], [ 79.2855063, 30.0454317 ], [ 79.2852867, 30.044947 ], [ 79.2846691, 30.0441843 ], [ 79.2845565, 30.0438777 ], [ 79.2843973, 30.0435261 ], [ 79.2843315, 30.0430841 ], [ 79.284455, 30.0426517 ], [ 79.2848173, 30.0423618 ], [ 79.2851495, 30.0421907 ], [ 79.2855173, 30.0422073 ], [ 79.2856902, 30.0421859 ], [ 79.2860553, 30.0420529 ], [ 79.2861925, 30.0418984 ], [ 79.2861992, 30.0416963 ], [ 79.2860824, 30.0415514 ], [ 79.2847639, 30.040825 ], [ 79.2842282, 30.0401529 ], [ 79.2839643, 30.0390708 ], [ 79.28266, 30.0379685 ], [ 79.2823261, 30.0373166 ], [ 79.2824115, 30.0364092 ], [ 79.2826609, 30.0360713 ], [ 79.2831258, 30.0354414 ], [ 79.2841584, 30.0346886 ], [ 79.2847484, 30.0339896 ], [ 79.285913, 30.0338552 ], [ 79.2867733, 30.0334688 ], [ 79.2879497, 30.032335 ], [ 79.2897371, 30.0313584 ], [ 79.2920119, 30.0303837 ], [ 79.2922448, 30.0300745 ], [ 79.292338, 30.0295301 ], [ 79.2926386, 30.0292017 ], [ 79.2930664, 30.0287342 ], [ 79.2943163, 30.0276229 ], [ 79.2945623, 30.0273289 ], [ 79.2943294, 30.0267575 ], [ 79.2942517, 30.0263677 ], [ 79.2946481, 30.0259733 ], [ 79.2954943, 30.0257179 ], [ 79.2966274, 30.0254737 ], [ 79.2979467, 30.0247264 ], [ 79.299189, 30.0236777 ], [ 79.2992278, 30.0230257 ], [ 79.2992821, 30.0226089 ], [ 79.3000352, 30.0218695 ], [ 79.3004506, 30.0214225 ], [ 79.3008106, 30.0212648 ], [ 79.3015336, 30.0212578 ], [ 79.3025351, 30.0212645 ], [ 79.3041353, 30.0205456 ], [ 79.3046731, 30.0203372 ], [ 79.3052437, 30.0202901 ], [ 79.3058054, 30.0203329 ], [ 79.3064588, 30.0202935 ], [ 79.3067344, 30.0202397 ], [ 79.3068275, 30.0201489 ], [ 79.3066606, 30.0197389 ], [ 79.3067421, 30.0190902 ], [ 79.3068664, 30.0187272 ], [ 79.3072041, 30.0185053 ], [ 79.3076233, 30.0183541 ], [ 79.307897, 30.0180751 ], [ 79.3080946, 30.017595 ], [ 79.3081111, 30.01663 ], [ 79.3087479, 30.014952 ], [ 79.3093134, 30.0145717 ], [ 79.3104443, 30.0141439 ], [ 79.3110152, 30.0136637 ], [ 79.3114078, 30.0131406 ], [ 79.3124426, 30.0112108 ], [ 79.3131782, 30.0103076 ], [ 79.3135515, 30.0102553 ], [ 79.3140291, 30.0109113 ], [ 79.3146715, 30.0110111 ], [ 79.315236, 30.0109524 ], [ 79.3157255, 30.010783 ], [ 79.3161098, 30.0104549 ], [ 79.3163994, 30.0100786 ], [ 79.3164925, 30.0094509 ], [ 79.3162493, 30.0089041 ], [ 79.3149844, 30.0082396 ], [ 79.3143632, 30.0077117 ], [ 79.3139962, 30.0069228 ], [ 79.3142378, 30.0063666 ], [ 79.3156377, 30.0060576 ], [ 79.3160714, 30.0058721 ], [ 79.3162959, 30.005482 ], [ 79.3163066, 30.0044985 ], [ 79.3164973, 30.0041717 ], [ 79.3167499, 30.0041099 ], [ 79.3168981, 30.0041575 ], [ 79.3169914, 30.0040719 ], [ 79.3170839, 30.0031221 ], [ 79.3168926, 30.0023271 ], [ 79.3167334, 30.0016235 ], [ 79.3168322, 30.0010625 ], [ 79.3171726, 30.0004825 ], [ 79.3179679, 30.0000358 ], [ 79.3184182, 29.9990945 ], [ 79.3187177, 29.9981666 ], [ 79.3186944, 29.9977632 ], [ 79.3183994, 29.9971715 ], [ 79.3180811, 29.9967748 ], [ 79.3180235, 29.9965506 ], [ 79.3183364, 29.9956139 ], [ 79.3196681, 29.9929572 ], [ 79.3197349, 29.992568 ], [ 79.3196611, 29.9921107 ], [ 79.3197543, 29.9910315 ], [ 79.3198009, 29.9905171 ], [ 79.320046, 29.9898657 ], [ 79.3205254, 29.9884216 ], [ 79.3206819, 29.9878328 ], [ 79.3205522, 29.9870618 ], [ 79.3203286, 29.9865853 ] ] } },
{ "type": "Feature", "properties": { "full_id": "w569410627", "osm_id": "569410627", "osm_type": "way", "waterway": "river", "intermittent": null, "alt_name": null, "wikidata": null, "name:uk": null, "layer": null, "width": null, "tunnel": null, "name:ml": null, "name:kn": "ರಾಮಗಂಗಾ", "name:hi": null, "name:en": null, "name": "Ramganga", "int_name": null, "boat": null }, "geometry": { "type": "LineString", "coordinates": [ [ 79.3734638, 29.9502111 ], [ 79.3742708, 29.9497526 ], [ 79.3749552, 29.9494796 ], [ 79.3753623, 29.9492921 ], [ 79.3757923, 29.9488264 ], [ 79.3761152, 29.9484475 ], [ 79.3763506, 29.9481095 ], [ 79.3767892, 29.947629 ] ] } },
{ "type": "Feature", "properties": { "full_id": "w569410628", "osm_id": "569410628", "osm_type": "way", "waterway": "river", "intermittent": null, "alt_name": null, "wikidata": null, "name:uk": null, "layer": null, "width": null, "tunnel": null, "name:ml": null, "name:kn": "ರಾಮಗಂಗಾ", "name:hi": null, "name:en": null, "name": "Ramganga", "int_name": null, "boat": null }, "geometry": { "type": "LineString", "coordinates": [ [ 79.3767892, 29.947629 ], [ 79.3777229, 29.94741 ], [ 79.3781535, 29.9472002 ], [ 79.3787051, 29.9468038 ], [ 79.3792163, 29.9463725 ], [ 79.3798554, 29.9460286 ], [ 79.3802725, 29.9458304 ], [ 79.3805483, 29.9457255 ], [ 79.3808443, 29.9456672 ], [ 79.3811873, 29.9457779 ], [ 79.381591, 29.9461859 ], [ 79.3819004, 29.9467105 ], [ 79.3821426, 29.9471186 ], [ 79.3823377, 29.947375 ], [ 79.382822, 29.947579 ], [ 79.3834678, 29.9478238 ], [ 79.3839252, 29.9484534 ], [ 79.3840463, 29.9488089 ], [ 79.3841943, 29.9491178 ], [ 79.384497, 29.9494093 ], [ 79.3851495, 29.9497532 ], [ 79.3856473, 29.9499863 ], [ 79.386098, 29.9501087 ], [ 79.3865084, 29.9500446 ], [ 79.3867236, 29.9497648 ], [ 79.3869524, 29.949485 ], [ 79.3871945, 29.9492694 ], [ 79.3875982, 29.9490479 ], [ 79.3881498, 29.948669 ], [ 79.3887956, 29.9484475 ], [ 79.3894279, 29.9483135 ], [ 79.3898584, 29.9483193 ], [ 79.3904571, 29.9484126 ], [ 79.3908271, 29.9485641 ], [ 79.3912307, 29.9487973 ], [ 79.3917891, 29.9491761 ], [ 79.3926972, 29.9497415 ], [ 79.393121, 29.9498814 ], [ 79.3935179, 29.9499513 ], [ 79.3939484, 29.9499513 ], [ 79.3947288, 29.9497881 ], [ 79.3950315, 29.9497648 ], [ 79.3954418, 29.9497998 ], [ 79.3957042, 29.9499513 ], [ 79.3959396, 29.9502894 ], [ 79.3962087, 29.9505342 ], [ 79.3963769, 29.9507265 ], [ 79.3965652, 29.9508723 ], [ 79.3968747, 29.9509597 ], [ 79.3971841, 29.950948 ], [ 79.3975676, 29.9508897 ], [ 79.3979443, 29.9507615 ], [ 79.3983142, 29.9506974 ], [ 79.3990811, 29.9507382 ], [ 79.3995655, 29.9508956 ], [ 79.4000834, 29.9510879 ], [ 79.4004063, 29.9513327 ], [ 79.4008167, 29.9515484 ], [ 79.4011194, 29.9516475 ], [ 79.4013885, 29.951595 ], [ 79.4018392, 29.9514959 ], [ 79.4023303, 29.9513152 ], [ 79.4027608, 29.9510996 ], [ 79.4034402, 29.9507615 ], [ 79.4039313, 29.9503011 ], [ 79.404456, 29.9499688 ], [ 79.4055592, 29.9491295 ], [ 79.4063866, 29.9489605 ], [ 79.4076867, 29.9492924 ], [ 79.4088293, 29.9488971 ], [ 79.4092582, 29.9489051 ] ] } },
{ "type": "Feature", "properties": { "full_id": "w569410629", "osm_id": "569410629", "osm_type": "way", "waterway": "river", "intermittent": null, "alt_name": null, "wikidata": null, "name:uk": null, "layer": null, "width": null, "tunnel": null, "name:ml": null, "name:kn": "ರಾಮಗಂಗಾ", "name:hi": null, "name:en": null, "name": "Ramganga", "int_name": null, "boat": null }, "geometry": { "type": "LineString", "coordinates": [ [ 79.3734638, 29.9502111 ], [ 79.3734099, 29.9499156 ], [ 79.3735454, 29.9494831 ], [ 79.3737796, 29.9489492 ], [ 79.3738782, 29.9487944 ], [ 79.3740569, 29.9484526 ], [ 79.3742849, 29.948175 ], [ 79.3744944, 29.9479347 ], [ 79.3747594, 29.9477639 ], [ 79.3750243, 29.9476144 ], [ 79.3753139, 29.9475022 ], [ 79.3755727, 29.9474382 ], [ 79.3758439, 29.9474489 ], [ 79.376152, 29.9474862 ], [ 79.3764847, 29.947545 ], [ 79.3767892, 29.947629 ] ] } },
{ "type": "Feature", "properties": { "full_id": "w569410630", "osm_id": "569410630", "osm_type": "way", "waterway": "river", "intermittent": null, "alt_name": null, "wikidata": null, "name:uk": null, "layer": null, "width": null, "tunnel": null, "name:ml": null, "name:kn": null, "name:hi": null, "name:en": null, "name": "Ramganga", "int_name": null, "boat": null }, "geometry": { "type": "LineString", "coordinates": [ [ 79.4206158, 29.9174545 ], [ 79.4210822, 29.9172477 ], [ 79.4216411, 29.9169608 ], [ 79.4221412, 29.9163142 ], [ 79.4223094, 29.916046 ], [ 79.4223624, 29.9157952 ], [ 79.4223834, 29.9156961 ], [ 79.4223094, 29.9153696 ], [ 79.422148, 29.9150839 ], [ 79.4213878, 29.9147282 ], [ 79.4207335, 29.9146398 ] ] } },
{ "type": "Feature", "properties": { "full_id": "w569410631", "osm_id": "569410631", "osm_type": "way", "waterway": "river", "intermittent": null, "alt_name": null, "wikidata": null, "name:uk": null, "layer": null, "width": null, "tunnel": null, "name:ml": null, "name:kn": "ರಾಮಗಂಗಾ", "name:hi": null, "name:en": null, "name": "Ramganga", "int_name": null, "boat": null }, "geometry": { "type": "LineString", "coordinates": [ [ 79.4207335, 29.9146398 ], [ 79.4201951, 29.9144863 ], [ 79.4196321, 29.9144717 ], [ 79.419363, 29.9144892 ], [ 79.418919, 29.9144775 ], [ 79.4186365, 29.91439 ], [ 79.4184212, 29.9142793 ], [ 79.4181185, 29.9138711 ], [ 79.4180109, 29.9135154 ], [ 79.4178831, 29.9131656 ], [ 79.4177552, 29.9127866 ], [ 79.4171969, 29.9122268 ], [ 79.4167193, 29.9119586 ], [ 79.416652, 29.9119703 ], [ 79.4162686, 29.9120169 ], [ 79.415939, 29.912081 ], [ 79.4153403, 29.9122968 ], [ 79.4149165, 29.9124834 ], [ 79.4140823, 29.9127516 ], [ 79.4136451, 29.9129265 ], [ 79.4131809, 29.9130606 ], [ 79.4128445, 29.9131248 ], [ 79.4123938, 29.9130256 ], [ 79.41197, 29.9128332 ], [ 79.4115731, 29.9124076 ], [ 79.4111426, 29.9118478 ], [ 79.4108735, 29.9114221 ], [ 79.4106717, 29.9109323 ], [ 79.4103556, 29.9102734 ], [ 79.4101739, 29.9093405 ], [ 79.4099587, 29.9086058 ], [ 79.409851, 29.9084658 ], [ 79.4096425, 29.9083084 ], [ 79.4094205, 29.9081684 ], [ 79.4088285, 29.9079935 ], [ 79.407806, 29.9079119 ], [ 79.4071602, 29.9078127 ], [ 79.4063059, 29.907562 ], [ 79.4053238, 29.9068039 ], [ 79.404974, 29.9063258 ], [ 79.4047587, 29.9059759 ], [ 79.4045703, 29.905661 ], [ 79.4042744, 29.9054511 ], [ 79.4038573, 29.9052995 ], [ 79.4032921, 29.9052551 ], [ 79.403021, 29.9051809 ] ] } },
{ "type": "Feature", "properties": { "full_id": "w569410635", "osm_id": "569410635", "osm_type": "way", "waterway": "river", "intermittent": null, "alt_name": null, "wikidata": null, "name:uk": null, "layer": null, "width": null, "tunnel": null, "name:ml": null, "name:kn": null, "name:hi": null, "name:en": null, "name": "Ramganga", "int_name": null, "boat": null }, "geometry": { "type": "LineString", "coordinates": [ [ 79.392475, 29.8974508 ], [ 79.3914955, 29.8972926 ], [ 79.3911218, 29.8970505 ], [ 79.3906298, 29.8967318 ], [ 79.3901841, 29.8962894 ], [ 79.3899691, 29.8953189 ] ] } },
{ "type": "Feature", "properties": { "full_id": "w569410636", "osm_id": "569410636", "osm_type": "way", "waterway": "river", "intermittent": null, "alt_name": null, "wikidata": null, "name:uk": null, "layer": null, "width": null, "tunnel": null, "name:ml": null, "name:kn": "ರಾಮಗಂಗಾ", "name:hi": null, "name:en": null, "name": "Ramganga", "int_name": null, "boat": null }, "geometry": { "type": "LineString", "coordinates": [ [ 79.3899691, 29.8953189 ], [ 79.3892028, 29.8945627 ], [ 79.3890743, 29.8942947 ], [ 79.3888793, 29.8938493 ], [ 79.3883228, 29.8930039 ], [ 79.3880849, 29.8924059 ], [ 79.3879137, 29.8918451 ], [ 79.3878852, 29.8913378 ], [ 79.3879518, 29.8910574 ], [ 79.3882752, 29.8899522 ], [ 79.3882324, 29.8891315 ], [ 79.3880612, 29.8885748 ], [ 79.3878519, 29.8882902 ], [ 79.3873857, 29.8880345 ], [ 79.3863345, 29.887985 ], [ 79.3848171, 29.8879397 ], [ 79.3841892, 29.8878984 ], [ 79.3827955, 29.8875066 ], [ 79.3817585, 29.887086 ], [ 79.381183, 29.8867519 ], [ 79.3808558, 29.886525 ], [ 79.380303, 29.8861416 ], [ 79.3797702, 29.8853868 ], [ 79.3791471, 29.8845496 ], [ 79.3787571, 29.8841668 ], [ 79.3782814, 29.8837 ], [ 79.3770256, 29.8824092 ], [ 79.3767022, 29.8819885 ], [ 79.3758507, 29.8812997 ], [ 79.3748566, 29.8807553 ], [ 79.3740955, 29.8806563 ], [ 79.3733011, 29.8806068 ], [ 79.3724497, 29.8806934 ], [ 79.3715126, 29.8810522 ], [ 79.3699429, 29.882071 ], [ 79.3695719, 29.8821947 ], [ 79.3690914, 29.8822978 ], [ 79.3684255, 29.8823927 ], [ 79.3678024, 29.8822689 ], [ 79.3666798, 29.8819843 ], [ 79.3659806, 29.88184 ], [ 79.3646154, 29.8816709 ], [ 79.3633406, 29.8816297 ], [ 79.3629743, 29.881708 ], [ 79.3622915, 29.8819978 ], [ 79.3620801, 29.8820875 ], [ 79.3604818, 29.8826525 ], [ 79.3601821, 29.8827061 ], [ 79.3598397, 29.8827556 ], [ 79.3593022, 29.882669 ], [ 79.3589026, 29.8825947 ], [ 79.3580987, 29.8826319 ], [ 79.3577229, 29.8827061 ], [ 79.3567204, 29.8832388 ], [ 79.3564577, 29.8833784 ], [ 79.3560153, 29.8835516 ], [ 79.3551353, 29.8837083 ], [ 79.3537416, 29.883898 ], [ 79.3527902, 29.8841372 ], [ 79.352443, 29.8842609 ], [ 79.3522718, 29.8844012 ], [ 79.351934, 29.8849084 ], [ 79.3516011, 29.8852796 ], [ 79.3508352, 29.8862199 ], [ 79.349979, 29.8873582 ], [ 79.3494273, 29.8880716 ], [ 79.3486324, 29.8885993 ], [ 79.348514, 29.8886779 ], [ 79.3477957, 29.8889047 ], [ 79.3469871, 29.8889954 ], [ 79.3461451, 29.8886573 ], [ 79.3452604, 29.8880345 ], [ 79.3444327, 29.8876551 ], [ 79.3437525, 29.8868715 ], [ 79.3431579, 29.886422 ], [ 79.3426632, 29.8854363 ], [ 79.3423969, 29.8849744 ], [ 79.341807, 29.8845125 ], [ 79.3412933, 29.8842692 ], [ 79.3403895, 29.8840135 ], [ 79.3396855, 29.8838733 ], [ 79.3388721, 29.8837248 ], [ 79.3383572, 29.8834916 ], [ 79.3382347, 29.8834361 ], [ 79.3374689, 29.8828669 ], [ 79.3371978, 29.8825329 ], [ 79.3371264, 29.8819761 ], [ 79.3372168, 29.8813698 ], [ 79.3374213, 29.8808667 ], [ 79.3375498, 29.8804831 ], [ 79.3376306, 29.8798562 ], [ 79.3378257, 29.8795798 ], [ 79.3381301, 29.8793076 ], [ 79.3386105, 29.8790767 ], [ 79.3390434, 29.8787426 ], [ 79.3394858, 29.8783549 ], [ 79.3397046, 29.8780456 ], [ 79.3398425, 29.8776084 ], [ 79.3398425, 29.8767628 ], [ 79.3397712, 29.8760988 ], [ 79.3396332, 29.8756038 ], [ 79.339481, 29.8752904 ], [ 79.339324, 29.8750388 ], [ 79.3391861, 29.8745892 ], [ 79.3392051, 29.8739952 ], [ 79.3392574, 29.8736405 ], [ 79.3393859, 29.8730466 ], [ 79.3398187, 29.8722711 ], [ 79.3399757, 29.8719783 ], [ 79.3400613, 29.8717184 ] ] } },
{ "type": "Feature", "properties": { "full_id": "w569410640", "osm_id": "569410640", "osm_type": "way", "waterway": "river", "intermittent": null, "alt_name": null, "wikidata": null, "name:uk": null, "layer": null, "width": null, "tunnel": null, "name:ml": null, "name:kn": "ರಾಮಗಂಗಾ", "name:hi": null, "name:en": null, "name": "Ramganga", "int_name": null, "boat": null }, "geometry": { "type": "LineString", "coordinates": [ [ 79.3400613, 29.8717184 ], [ 79.3400375, 29.8711616 ], [ 79.3399376, 29.8707202 ], [ 79.3397093, 29.8696643 ], [ 79.3396903, 29.8693425 ], [ 79.3395286, 29.8687527 ], [ 79.3392336, 29.8681504 ], [ 79.3388674, 29.8675936 ], [ 79.3382252, 29.86721 ], [ 79.3379065, 29.867078 ], [ 79.3376021, 29.8670243 ], [ 79.3372311, 29.8670532 ], [ 79.336076, 29.8670941 ], [ 79.335188, 29.8667499 ], [ 79.3341252, 29.866009 ], [ 79.3335601, 29.8656882 ], [ 79.3330825, 29.8655423 ], [ 79.3319295, 29.8654991 ], [ 79.3313777, 29.8655156 ], [ 79.3303788, 29.8655981 ], [ 79.3291801, 29.8653836 ], [ 79.3281051, 29.8651031 ], [ 79.3276009, 29.8648721 ], [ 79.3267256, 29.8645751 ], [ 79.3262024, 29.8646824 ], [ 79.3256696, 29.8649299 ], [ 79.3251845, 29.8651774 ], [ 79.3245566, 29.8654331 ], [ 79.3236909, 29.8656559 ], [ 79.3228822, 29.8656229 ], [ 79.3223019, 29.8653754 ], [ 79.3216074, 29.8646989 ], [ 79.3201519, 29.8639811 ], [ 79.3196191, 29.8638574 ], [ 79.3192576, 29.8638409 ], [ 79.3182397, 29.8639399 ], [ 79.3170791, 29.8640389 ], [ 79.316356, 29.8639811 ], [ 79.3159184, 29.8637831 ], [ 79.315633, 29.8634779 ], [ 79.3153286, 29.8630159 ], [ 79.3147958, 29.8625044 ], [ 79.3137208, 29.8622073 ], [ 79.3128646, 29.8620341 ], [ 79.3123128, 29.8619268 ], [ 79.3113234, 29.8618691 ], [ 79.3102294, 29.8617948 ], [ 79.3094778, 29.8617783 ], [ 79.3084504, 29.8614978 ], [ 79.30748, 29.8606728 ], [ 79.3063758, 29.8596722 ], [ 79.3060268, 29.85923 ] ] } },
{ "type": "Feature", "properties": { "full_id": "w569410641", "osm_id": "569410641", "osm_type": "way", "waterway": "river", "intermittent": null, "alt_name": null, "wikidata": null, "name:uk": null, "layer": null, "width": null, "tunnel": null, "name:ml": null, "name:kn": "ರಾಮಗಂಗಾ", "name:hi": null, "name:en": null, "name": "Ramganga", "int_name": null, "boat": null }, "geometry": { "type": "LineString", "coordinates": [ [ 79.3009415, 29.854046 ], [ 79.3000109, 29.8537023 ], [ 79.2995363, 29.8532472 ], [ 79.2990987, 29.8526861 ], [ 79.2986801, 29.852092 ], [ 79.2984233, 29.8516135 ], [ 79.2983662, 29.8511101 ], [ 79.2984423, 29.8505243 ], [ 79.2982901, 29.850021 ], [ 79.2977288, 29.8490473 ], [ 79.2969202, 29.8481149 ], [ 79.2962828, 29.8471 ], [ 79.2959308, 29.8464564 ], [ 79.2958166, 29.8452516 ], [ 79.2956779, 29.8443833 ], [ 79.2955978, 29.8438818 ], [ 79.2954741, 29.8431557 ], [ 79.2951412, 29.8422315 ], [ 79.2946369, 29.8416538 ], [ 79.2942184, 29.8414723 ], [ 79.2937237, 29.841431 ], [ 79.2927913, 29.8415548 ], [ 79.292211, 29.8415878 ], [ 79.2916783, 29.8415713 ], [ 79.291155, 29.8415631 ], [ 79.2907555, 29.8415548 ], [ 79.2898327, 29.8408369 ], [ 79.2895663, 29.8403088 ], [ 79.2895283, 29.8396981 ], [ 79.2895187, 29.8392855 ], [ 79.2894712, 29.8388976 ], [ 79.289357, 29.838452 ], [ 79.288986, 29.8379156 ], [ 79.2883581, 29.8370409 ], [ 79.2878254, 29.8367273 ], [ 79.2875209, 29.8366778 ], [ 79.2870548, 29.8366448 ], [ 79.2866837, 29.8366283 ], [ 79.2863127, 29.8364962 ], [ 79.2860083, 29.8361496 ], [ 79.28578, 29.8354977 ], [ 79.2853804, 29.8346477 ], [ 79.2851426, 29.8336739 ], [ 79.2850855, 29.8321966 ], [ 79.2854185, 29.8306616 ], [ 79.2853804, 29.829564 ], [ 79.2849904, 29.8284581 ], [ 79.2844576, 29.8275667 ], [ 79.2840105, 29.8270551 ], [ 79.2833921, 29.8265186 ], [ 79.2826881, 29.8261802 ], [ 79.2818129, 29.8258336 ], [ 79.2813182, 29.8255117 ], [ 79.281185, 29.8249257 ], [ 79.281147, 29.8244388 ], [ 79.2810613, 29.8239353 ], [ 79.2807284, 29.8232338 ], [ 79.2802717, 29.8228376 ], [ 79.2798912, 29.8221773 ], [ 79.2799958, 29.8215996 ], [ 79.2802051, 29.8212034 ], [ 79.2805666, 29.8199076 ], [ 79.2805476, 29.8189171 ], [ 79.2803764, 29.8179844 ], [ 79.2801956, 29.8169031 ], [ 79.2800719, 29.8157311 ], [ 79.2800719, 29.815178 ], [ 79.28011, 29.8145342 ], [ 79.2799197, 29.8139482 ], [ 79.2796819, 29.8133374 ], [ 79.2795202, 29.8125697 ], [ 79.2795868, 29.8122313 ], [ 79.2797865, 29.8118516 ], [ 79.2799863, 29.8115296 ], [ 79.2799483, 29.8111499 ], [ 79.2797865, 29.8106877 ], [ 79.2795106, 29.8102419 ], [ 79.2790635, 29.8096806 ], [ 79.2788352, 29.8094413 ], [ 79.2784261, 29.8091854 ], [ 79.2775319, 29.8086818 ], [ 79.276942, 29.8083351 ], [ 79.2757053, 29.8079719 ], [ 79.2752962, 29.8074436 ], [ 79.2755911, 29.806742 ], [ 79.2756387, 29.8061228 ], [ 79.2752201, 29.8053469 ], [ 79.2733935, 29.8050827 ], [ 79.2731367, 29.8049259 ], [ 79.2730986, 29.8044223 ], [ 79.2729464, 29.8035308 ], [ 79.2728418, 29.8030272 ], [ 79.2727086, 29.8021026 ], [ 79.2724802, 29.8010625 ], [ 79.2724232, 29.8000305 ], [ 79.2724327, 29.7990564 ], [ 79.2721187, 29.7978924 ], [ 79.2718238, 29.7972649 ], [ 79.2718143, 29.7968191 ], [ 79.2719475, 29.7960349 ], [ 79.271957, 29.7954735 ], [ 79.2718904, 29.7952258 ], [ 79.2717001, 29.7947635 ], [ 79.271272, 29.7940782 ], [ 79.2705681, 29.7935911 ], [ 79.269807, 29.7931948 ], [ 79.2689888, 29.793071 ], [ 79.2681897, 29.7929802 ], [ 79.2675999, 29.7928233 ], [ 79.2668198, 29.7925839 ], [ 79.2664488, 29.7923197 ], [ 79.2661443, 29.7918739 ], [ 79.2660111, 29.7915767 ], [ 79.2660016, 29.791007 ], [ 79.2656782, 29.7904869 ], [ 79.2653833, 29.7901896 ], [ 79.2651693, 29.7900919 ], [ 79.2646602, 29.7898594 ], [ 79.2640514, 29.7897273 ], [ 79.2629193, 29.7897851 ], [ 79.2622248, 29.7898511 ], [ 79.2614637, 29.7901318 ], [ 79.2605314, 29.7902309 ], [ 79.258781, 29.7900493 ], [ 79.2574776, 29.7898346 ], [ 79.2552229, 29.7897273 ], [ 79.2539101, 29.7890915 ], [ 79.2532537, 29.7884723 ], [ 79.2527875, 29.7879026 ], [ 79.2523404, 29.7870522 ], [ 79.2516744, 29.7863504 ], [ 79.2512368, 29.7862348 ], [ 79.2500952, 29.7864082 ], [ 79.24961, 29.7865238 ], [ 79.249258, 29.7863752 ], [ 79.2482116, 29.7859128 ], [ 79.2468987, 29.7850789 ], [ 79.2461852, 29.7845918 ], [ 79.2454432, 29.7841872 ], [ 79.2448533, 29.7841129 ], [ 79.2441018, 29.7843193 ], [ 79.2422276, 29.7847486 ], [ 79.241438, 29.7846743 ], [ 79.2410004, 29.7845422 ], [ 79.2399254, 29.7840881 ], [ 79.2389301, 29.7835407 ], [ 79.2378274, 29.7831113 ], [ 79.2372026, 29.7829292 ], [ 79.2367405, 29.7828751 ], [ 79.2363334, 29.7830315 ], [ 79.2358727, 29.7833698 ], [ 79.2354636, 29.7836505 ], [ 79.2350281, 29.7838214 ] ] } },
{ "type": "Feature", "properties": { "full_id": "w569410643", "osm_id": "569410643", "osm_type": "way", "waterway": "river", "intermittent": null, "alt_name": null, "wikidata": null, "name:uk": null, "layer": null, "width": null, "tunnel": null, "name:ml": null, "name:kn": null, "name:hi": null, "name:en": null, "name": "Ramganga", "int_name": null, "boat": null }, "geometry": { "type": "LineString", "coordinates": [ [ 79.3060268, 29.85923 ], [ 79.3056893, 29.8585696 ], [ 79.3050375, 29.8577575 ], [ 79.3048163, 29.8574386 ], [ 79.3047116, 29.8569105 ], [ 79.3044453, 29.856399 ], [ 79.3038656, 29.8552695 ], [ 79.3032455, 29.8544351 ], [ 79.3025236, 29.8541625 ], [ 79.3018301, 29.8540635 ], [ 79.3009415, 29.854046 ] ] } },
{ "type": "Feature", "properties": { "full_id": "w569410645", "osm_id": "569410645", "osm_type": "way", "waterway": "river", "intermittent": null, "alt_name": null, "wikidata": null, "name:uk": null, "layer": null, "width": null, "tunnel": null, "name:ml": null, "name:kn": "ರಾಮಗಂಗಾ", "name:hi": null, "name:en": null, "name": "Ramganga", "int_name": null, "boat": null }, "geometry": { "type": "LineString", "coordinates": [ [ 79.2350281, 29.7838214 ], [ 79.234654, 29.7839682 ], [ 79.2342449, 29.7840838 ], [ 79.2339025, 29.7842737 ], [ 79.2333317, 29.7846287 ], [ 79.2327228, 29.7846452 ], [ 79.2324659, 29.7842737 ], [ 79.2323042, 29.7836957 ], [ 79.2321901, 29.7831507 ], [ 79.2320283, 29.7823333 ], [ 79.2322376, 29.7810948 ], [ 79.2323328, 29.7806324 ], [ 79.2325135, 29.7800957 ], [ 79.2338168, 29.7797819 ], [ 79.2346826, 29.7797076 ], [ 79.2352819, 29.7795672 ], [ 79.2356339, 29.7793773 ], [ 79.2359288, 29.7790388 ], [ 79.2362332, 29.7786672 ], [ 79.2364806, 29.7780892 ], [ 79.2367375, 29.7775773 ], [ 79.2369658, 29.7769662 ], [ 79.2368421, 29.7761405 ], [ 79.2364996, 29.7756946 ], [ 79.2361571, 29.7753478 ], [ 79.2353866, 29.7747945 ], [ 79.2339025, 29.7741174 ], [ 79.2331604, 29.7740266 ], [ 79.2319332, 29.7735642 ], [ 79.2306774, 29.7725815 ], [ 79.2302816, 29.7720301 ] ] } },
{ "type": "Feature", "properties": { "full_id": "w569410648", "osm_id": "569410648", "osm_type": "way", "waterway": "river", "intermittent": null, "alt_name": null, "wikidata": null, "name:uk": null, "layer": null, "width": null, "tunnel": null, "name:ml": null, "name:kn": "ರಾಮಗಂಗಾ", "name:hi": null, "name:en": null, "name": "Ramganga", "int_name": null, "boat": null }, "geometry": { "type": "LineString", "coordinates": [ [ 79.2302816, 29.7720301 ], [ 79.2296975, 29.77074 ], [ 79.2294692, 29.7700959 ], [ 79.2294502, 29.7696665 ], [ 79.2296214, 29.7693032 ], [ 79.2300495, 29.7690554 ], [ 79.2309153, 29.7688903 ], [ 79.2317715, 29.7684856 ], [ 79.2330938, 29.7681305 ], [ 79.2339976, 29.7677837 ], [ 79.2344638, 29.7673295 ], [ 79.2344828, 29.766355 ], [ 79.2343401, 29.7658595 ], [ 79.2341403, 29.7649594 ], [ 79.2343686, 29.7639023 ], [ 79.234654, 29.7630022 ], [ 79.2349204, 29.7621102 ], [ 79.2351582, 29.7617056 ], [ 79.2354056, 29.7613752 ], [ 79.2359383, 29.7611853 ], [ 79.2365186, 29.7613092 ], [ 79.2376603, 29.7617056 ], [ 79.2385165, 29.762135 ], [ 79.239601, 29.7625149 ], [ 79.2399149, 29.762391 ], [ 79.2401242, 29.7615982 ], [ 79.2403525, 29.7608384 ], [ 79.2407141, 29.7599713 ], [ 79.2409329, 29.7592032 ], [ 79.240657, 29.7581378 ], [ 79.2401908, 29.7566347 ], [ 79.2398388, 29.7559492 ], [ 79.2390302, 29.7553545 ], [ 79.2386687, 29.7550242 ], [ 79.2384499, 29.7547021 ], [ 79.2384404, 29.7542891 ], [ 79.2384974, 29.7539505 ], [ 79.238878, 29.7535458 ], [ 79.2398864, 29.7527529 ], [ 79.2407616, 29.7522243 ], [ 79.2424645, 29.7515636 ], [ 79.2427499, 29.7512745 ], [ 79.2431875, 29.7508119 ], [ 79.2433112, 29.750209 ], [ 79.2433588, 29.7492839 ], [ 79.2433302, 29.7487058 ], [ 79.2432446, 29.7481441 ], [ 79.2433398, 29.7468143 ], [ 79.2437679, 29.7460131 ], [ 79.2444233, 29.7456667 ], [ 79.2450807, 29.7453193 ], [ 79.2462413, 29.7447989 ], [ 79.2466504, 29.7444933 ], [ 79.2467931, 29.7441959 ], [ 79.2467456, 29.7428082 ], [ 79.246717, 29.7407845 ], [ 79.2467075, 29.7402971 ], [ 79.2466694, 29.7399997 ], [ 79.2467836, 29.7397354 ], [ 79.2471261, 29.7395867 ], [ 79.2475066, 29.7395372 ], [ 79.2478967, 29.7396198 ], [ 79.2485436, 29.7398511 ], [ 79.2488956, 29.7395702 ], [ 79.2492095, 29.7389094 ], [ 79.2496852, 29.7383146 ], [ 79.2495425, 29.7374968 ], [ 79.2496947, 29.7371747 ], [ 79.249914, 29.7367452 ], [ 79.2502179, 29.7361503 ], [ 79.2503511, 29.7358943 ], [ 79.2504843, 29.7354647 ], [ 79.2508934, 29.7350351 ], [ 79.2523585, 29.7351591 ], [ 79.25311, 29.7353573 ], [ 79.2535857, 29.7354647 ], [ 79.2546036, 29.7354482 ], [ 79.2557547, 29.7349278 ], [ 79.2565253, 29.7342669 ], [ 79.2567883, 29.7338178 ], [ 79.2569154, 29.7333252 ], [ 79.2567251, 29.7330608 ], [ 79.2562019, 29.7328625 ], [ 79.2551744, 29.7323999 ], [ 79.2544229, 29.731896 ], [ 79.2544038, 29.7315491 ], [ 79.2547273, 29.730566 ], [ 79.2546226, 29.7301694 ], [ 79.2538302, 29.728983 ], [ 79.2536957, 29.7282469 ], [ 79.2536823, 29.7277621 ], [ 79.2538639, 29.7269034 ], [ 79.2540388, 29.7265295 ], [ 79.2540993, 29.7262432 ], [ 79.253985, 29.7260329 ], [ 79.2540859, 29.7254429 ], [ 79.2543886, 29.7249464 ], [ 79.255142, 29.7247302 ], [ 79.2556465, 29.7245725 ], [ 79.2559022, 29.7241519 ], [ 79.2560165, 29.7237955 ], [ 79.2561511, 29.7231646 ], [ 79.2568641, 29.7224168 ], [ 79.2572745, 29.7221247 ], [ 79.2576243, 29.7219144 ], [ 79.2578933, 29.7216282 ], [ 79.2580817, 29.7212367 ], [ 79.2585257, 29.7203079 ], [ 79.2590638, 29.7197587 ], [ 79.2594742, 29.7193147 ], [ 79.260268, 29.7186662 ], [ 79.2606716, 29.718228 ], [ 79.2607994, 29.7179184 ], [ 79.2608599, 29.7175387 ], [ 79.2608936, 29.7169544 ], [ 79.2604361, 29.7149739 ], [ 79.2603891, 29.71408 ], [ 79.2603756, 29.7133555 ], [ 79.2603756, 29.7129349 ], [ 79.2604698, 29.712374 ], [ 79.260564, 29.711632 ], [ 79.2606178, 29.7109718 ], [ 79.2606985, 29.7105219 ], [ 79.2608398, 29.7100136 ], [ 79.2609003, 29.7095987 ], [ 79.2609474, 29.7086288 ], [ 79.2610147, 29.7082257 ], [ 79.2612367, 29.7074603 ], [ 79.2613376, 29.7069987 ], [ 79.2616672, 29.7064202 ], [ 79.2623197, 29.7052224 ], [ 79.2624408, 29.7045797 ], [ 79.2626426, 29.7043694 ], [ 79.262905, 29.7031949 ], [ 79.2629117, 29.702482 ], [ 79.2628377, 29.7017926 ], [ 79.2626493, 29.7013426 ], [ 79.2621919, 29.700472 ], [ 79.2618824, 29.6998 ], [ 79.2618286, 29.698608 ], [ 79.2618555, 29.6981347 ], [ 79.2616874, 29.697638 ], [ 79.2614122, 29.697399 ] ] } },
{ "type": "Feature", "properties": { "full_id": "w706355522", "osm_id": "706355522", "osm_type": "way", "waterway": "stream", "intermittent": null, "alt_name": null, "wikidata": null, "name:uk": null, "layer": null, "width": null, "tunnel": null, "name:ml": null, "name:kn": null, "name:hi": null, "name:en": null, "name": "Dhauli Ganga", "int_name": null, "boat": null }, "geometry": { "type": "LineString", "coordinates": [ [ 79.779067, 30.8793916 ], [ 79.7799682, 30.8780288 ], [ 79.7799682, 30.8767396 ], [ 79.780097, 30.8761135 ], [ 79.7803545, 30.8755241 ], [ 79.7812557, 30.8738666 ], [ 79.7816848, 30.8727247 ], [ 79.7817707, 30.8721354 ], [ 79.7813415, 30.8702936 ], [ 79.7818136, 30.8698516 ], [ 79.783616, 30.8687097 ], [ 79.7843885, 30.8676783 ], [ 79.7846031, 30.867052 ], [ 79.7847747, 30.8657627 ], [ 79.7852468, 30.8653207 ], [ 79.7858905, 30.8650628 ], [ 79.7879934, 30.8634051 ], [ 79.7892808, 30.8628525 ], [ 79.7897529, 30.8623368 ], [ 79.7908258, 30.8605685 ], [ 79.7907829, 30.8599423 ], [ 79.7903537, 30.8593897 ], [ 79.7904396, 30.8588002 ], [ 79.7910404, 30.858395 ], [ 79.7923708, 30.8579529 ], [ 79.7929287, 30.8575477 ], [ 79.7933149, 30.8570319 ], [ 79.7938299, 30.8559267 ], [ 79.7940874, 30.8548583 ], [ 79.7940445, 30.8536057 ], [ 79.793787, 30.8523162 ], [ 79.7933149, 30.8511372 ], [ 79.7935295, 30.8505846 ], [ 79.7955894, 30.8488529 ], [ 79.7970914, 30.8487424 ], [ 79.7976493, 30.8483371 ], [ 79.7978639, 30.8477476 ], [ 79.7979068, 30.8471212 ], [ 79.7981643, 30.8466054 ], [ 79.7991943, 30.8457948 ], [ 79.7997951, 30.8455001 ], [ 79.8030567, 30.8448 ], [ 79.8045158, 30.8446158 ], [ 79.8052454, 30.8444316 ], [ 79.8064899, 30.8436946 ], [ 79.8072624, 30.8426998 ], [ 79.8079919, 30.8424787 ], [ 79.8090678, 30.8416864 ] ] } },
{ "type": "Feature", "properties": { "full_id": "w706355531", "osm_id": "706355531", "osm_type": "way", "waterway": "river", "intermittent": null, "alt_name": "Lapthal;Laptel;Lapkhel", "wikidata": null, "name:uk": null, "layer": null, "width": null, "tunnel": null, "name:ml": null, "name:kn": null, "name:hi": null, "name:en": "Kio Gad", "name": "Kio Gad", "int_name": null, "boat": null }, "geometry": { "type": "LineString", "coordinates": [ [ 80.1320135, 30.7297275 ], [ 80.1317453, 30.7295154 ], [ 80.1315844, 30.7294601 ], [ 80.1314235, 30.7293863 ], [ 80.1312625, 30.7293217 ], [ 80.1310801, 30.7292572 ], [ 80.1303291, 30.7291004 ], [ 80.1299751, 30.7289989 ], [ 80.1297927, 30.7289067 ], [ 80.1296317, 30.7288237 ], [ 80.1294815, 30.7287407 ], [ 80.1291489, 30.7285839 ], [ 80.1289666, 30.7285563 ], [ 80.1287949, 30.7285563 ], [ 80.1282048, 30.7281228 ], [ 80.1280224, 30.7280951 ], [ 80.1278508, 30.7280306 ], [ 80.1275504, 30.7278554 ], [ 80.1273787, 30.7277262 ], [ 80.1272178, 30.7276248 ], [ 80.1270461, 30.727551 ], [ 80.1268637, 30.7274311 ], [ 80.1267242, 30.7273204 ], [ 80.1263916, 30.7271083 ], [ 80.1259088, 30.7267302 ], [ 80.1258016, 30.7266103 ], [ 80.1255441, 30.726389 ], [ 80.1253831, 30.7262875 ], [ 80.1250827, 30.7261307 ], [ 80.1249432, 30.7260385 ], [ 80.1246321, 30.7258817 ], [ 80.1244819, 30.7257803 ], [ 80.1242137, 30.7255589 ], [ 80.1240742, 30.7254206 ], [ 80.1235056, 30.725024 ], [ 80.1229799, 30.7245721 ], [ 80.1228619, 30.7244614 ], [ 80.1227224, 30.7243507 ], [ 80.1225614, 30.7242954 ], [ 80.1224005, 30.7242032 ], [ 80.1220572, 30.7240464 ], [ 80.121907, 30.7239634 ], [ 80.1217461, 30.7238804 ], [ 80.1215958, 30.7237881 ], [ 80.1212633, 30.7235299 ], [ 80.1210916, 30.7234192 ], [ 80.1209092, 30.7233454 ], [ 80.1207054, 30.723327 ], [ 80.1205337, 30.723327 ], [ 80.120362, 30.7232716 ], [ 80.120008, 30.7230503 ], [ 80.1198149, 30.7229673 ], [ 80.1196325, 30.7229488 ], [ 80.1193643, 30.7227736 ], [ 80.1191926, 30.7227552 ], [ 80.1190102, 30.7227552 ], [ 80.1188385, 30.7227736 ], [ 80.1186561, 30.7227459 ], [ 80.1183236, 30.7226353 ], [ 80.1175725, 30.7226353 ], [ 80.1172078, 30.7226721 ], [ 80.1170468, 30.7227459 ], [ 80.1168966, 30.7228382 ], [ 80.1166069, 30.7230411 ], [ 80.1162958, 30.7232809 ], [ 80.1161778, 30.7234192 ], [ 80.1161349, 30.723576 ], [ 80.1160383, 30.7237051 ], [ 80.1158988, 30.7238066 ], [ 80.1157486, 30.7238711 ], [ 80.1155662, 30.723908 ], [ 80.1150298, 30.7239265 ], [ 80.114826, 30.7239541 ], [ 80.1146328, 30.7239541 ], [ 80.1144504, 30.7239726 ], [ 80.1142788, 30.7240279 ], [ 80.1141286, 30.7241294 ], [ 80.1140213, 30.7242585 ], [ 80.1138282, 30.724526 ], [ 80.1137102, 30.7246459 ], [ 80.1136243, 30.7247842 ], [ 80.1134634, 30.724858 ], [ 80.1130986, 30.724858 ], [ 80.1129269, 30.7248488 ], [ 80.1127446, 30.724858 ], [ 80.1125622, 30.724858 ], [ 80.112369, 30.7249041 ], [ 80.1122188, 30.7249687 ], [ 80.1120579, 30.7250332 ], [ 80.111897, 30.725107 ], [ 80.1117146, 30.7251716 ], [ 80.1112962, 30.7252638 ], [ 80.1107383, 30.7254206 ], [ 80.1105773, 30.7254851 ], [ 80.1102769, 30.7256604 ], [ 80.1101375, 30.7257803 ], [ 80.1100516, 30.7259186 ], [ 80.1099336, 30.7260385 ], [ 80.1097619, 30.7260846 ], [ 80.1095903, 30.7261307 ], [ 80.1091719, 30.7261307 ], [ 80.1089895, 30.7261215 ], [ 80.1084423, 30.7261215 ], [ 80.1080668, 30.7261584 ], [ 80.1078737, 30.7261861 ], [ 80.1076805, 30.7261953 ], [ 80.1071334, 30.7262414 ], [ 80.1066828, 30.7262414 ], [ 80.1062965, 30.7262783 ], [ 80.1060927, 30.7262875 ], [ 80.1059103, 30.7262967 ], [ 80.1057386, 30.7262598 ], [ 80.105406, 30.7261492 ], [ 80.1050413, 30.7260938 ], [ 80.1044834, 30.7260385 ], [ 80.104301, 30.7260108 ], [ 80.1039255, 30.7260108 ], [ 80.1034534, 30.7260385 ], [ 80.1030993, 30.7261492 ], [ 80.1028955, 30.7261307 ], [ 80.1021123, 30.7259186 ], [ 80.1019406, 30.7258725 ], [ 80.101769, 30.7257987 ], [ 80.10149, 30.7255866 ], [ 80.100857, 30.7252822 ], [ 80.1007283, 30.7251716 ], [ 80.1006424, 30.7250332 ], [ 80.1003098, 30.7248949 ], [ 80.1001489, 30.7248119 ], [ 80.0996017, 30.7246551 ], [ 80.099237, 30.7245813 ], [ 80.0990653, 30.724526 ], [ 80.0985825, 30.7243138 ], [ 80.0982392, 30.7241755 ], [ 80.0974882, 30.7239726 ], [ 80.0971234, 30.7238988 ], [ 80.0969517, 30.7238527 ], [ 80.0966191, 30.7236959 ], [ 80.0964367, 30.7236406 ], [ 80.0962222, 30.7235944 ], [ 80.0960505, 30.723576 ], [ 80.0956857, 30.7235668 ], [ 80.0954926, 30.7235207 ], [ 80.0950956, 30.7233731 ], [ 80.0949025, 30.723327 ], [ 80.0947201, 30.7233085 ], [ 80.0945377, 30.7233085 ], [ 80.0943875, 30.723327 ], [ 80.0942695, 30.7234469 ], [ 80.0939047, 30.7234469 ], [ 80.0937331, 30.7234192 ], [ 80.0935507, 30.7234469 ], [ 80.0932503, 30.7235944 ], [ 80.0928211, 30.7238527 ], [ 80.09251, 30.7240095 ], [ 80.0923169, 30.7240279 ], [ 80.0921345, 30.7240279 ], [ 80.0919628, 30.7240003 ], [ 80.0917911, 30.7239449 ], [ 80.0916088, 30.7239357 ], [ 80.0914585, 30.7240187 ], [ 80.0912332, 30.7242769 ], [ 80.091126, 30.7244337 ], [ 80.0908792, 30.7246735 ], [ 80.0907397, 30.7247658 ], [ 80.0905788, 30.724858 ], [ 80.0902998, 30.7250609 ], [ 80.090163, 30.7251377 ], [ 80.089699, 30.7254482 ], [ 80.0893772, 30.7255958 ], [ 80.089227, 30.7256604 ], [ 80.0891822, 30.725811 ], [ 80.0891492, 30.725954 ], [ 80.089108, 30.7261154 ], [ 80.0890276, 30.7262837 ], [ 80.0887862, 30.7265004 ], [ 80.0885376, 30.726784 ], [ 80.088104, 30.7272267 ], [ 80.0878107, 30.7274403 ], [ 80.0874406, 30.7277631 ], [ 80.0873163, 30.7277524 ], [ 80.0872027, 30.7276794 ], [ 80.0870266, 30.7275948 ], [ 80.0868648, 30.7275695 ], [ 80.0866626, 30.7276227 ], [ 80.0865546, 30.7276217 ], [ 80.0865126, 30.7275418 ], [ 80.0865376, 30.7273835 ], [ 80.0865117, 30.7271959 ], [ 80.0862935, 30.7270684 ], [ 80.0861174, 30.7270606 ], [ 80.0858983, 30.7271444 ], [ 80.0856811, 30.7272136 ], [ 80.0855166, 30.7272805 ], [ 80.0853485, 30.7273565 ], [ 80.0851759, 30.7274573 ], [ 80.0849569, 30.7274972 ], [ 80.0846216, 30.7274703 ], [ 80.0844088, 30.7274472 ], [ 80.084238, 30.7275233 ], [ 80.0840986, 30.727634 ], [ 80.0840047, 30.7277532 ], [ 80.0839117, 30.7278884 ], [ 80.0837803, 30.7280006 ], [ 80.0836587, 30.7280306 ], [ 80.0834656, 30.7280121 ], [ 80.0833154, 30.7279384 ], [ 80.083133, 30.7278646 ], [ 80.0829613, 30.7278277 ], [ 80.0825322, 30.7281136 ], [ 80.0823712, 30.728215 ], [ 80.0818455, 30.7285378 ], [ 80.0812983, 30.7285378 ], [ 80.081116, 30.7285102 ], [ 80.0808585, 30.7287223 ], [ 80.0807083, 30.7288145 ], [ 80.0805581, 30.7288883 ], [ 80.0800323, 30.7293033 ], [ 80.0796783, 30.7292387 ], [ 80.0795174, 30.7291465 ], [ 80.0793564, 30.7291004 ], [ 80.079174, 30.7291004 ], [ 80.0789273, 30.7290266 ], [ 80.07882, 30.7288975 ], [ 80.0786269, 30.7288975 ], [ 80.0782728, 30.7288606 ], [ 80.0781011, 30.7288698 ], [ 80.0780153, 30.7289989 ], [ 80.0778329, 30.7290082 ], [ 80.0773072, 30.7289805 ], [ 80.0771248, 30.7290174 ], [ 80.0767708, 30.7291281 ], [ 80.0766098, 30.7291926 ], [ 80.0764274, 30.7291649 ], [ 80.0762558, 30.7291834 ], [ 80.0760841, 30.7292295 ], [ 80.0759017, 30.7292203 ], [ 80.0757301, 30.7291649 ], [ 80.0754189, 30.7290082 ], [ 80.0753331, 30.7288791 ], [ 80.0753331, 30.7287223 ], [ 80.0752687, 30.7285839 ], [ 80.0748932, 30.7283995 ], [ 80.0747216, 30.7283534 ], [ 80.0745499, 30.7283718 ], [ 80.0743782, 30.7284272 ], [ 80.0742066, 30.7284548 ], [ 80.0740242, 30.7284087 ], [ 80.0738418, 30.7283995 ], [ 80.0736701, 30.7284456 ], [ 80.0734985, 30.7284456 ], [ 80.0733161, 30.7284087 ], [ 80.0731552, 30.7283534 ], [ 80.0729513, 30.7283073 ], [ 80.0727904, 30.7282611 ], [ 80.0725973, 30.7282243 ], [ 80.0720501, 30.7282335 ], [ 80.0717926, 30.728298 ], [ 80.0713527, 30.728547 ], [ 80.0707304, 30.7288237 ], [ 80.070548, 30.7288145 ], [ 80.0704086, 30.7287223 ], [ 80.0700545, 30.7286762 ], [ 80.0691211, 30.7286762 ], [ 80.0687134, 30.7287315 ], [ 80.0683594, 30.7287315 ], [ 80.0681877, 30.7286762 ], [ 80.0680375, 30.7285839 ], [ 80.0675118, 30.7285932 ], [ 80.0666964, 30.7283073 ], [ 80.0665355, 30.728215 ], [ 80.0663638, 30.7281413 ], [ 80.0661921, 30.7280583 ], [ 80.0660205, 30.7280951 ], [ 80.0655162, 30.7282888 ], [ 80.0651622, 30.7283718 ], [ 80.0647974, 30.7283718 ], [ 80.0639069, 30.7283073 ], [ 80.0633759, 30.7282043 ], [ 80.063188, 30.7282012 ], [ 80.0630584, 30.7282527 ], [ 80.0628662, 30.7283019 ], [ 80.0626838, 30.7282527 ], [ 80.0625068, 30.7282473 ], [ 80.0621608, 30.7282489 ], [ 80.0619953, 30.728252 ], [ 80.0617933, 30.7282427 ], [ 80.0616217, 30.7282335 ], [ 80.0612676, 30.7281505 ], [ 80.0600338, 30.7281505 ], [ 80.0598621, 30.7281044 ], [ 80.0597227, 30.7279937 ], [ 80.0596046, 30.727883 ], [ 80.0594222, 30.727883 ], [ 80.0592291, 30.7278554 ], [ 80.0590896, 30.7277539 ], [ 80.0587034, 30.7274219 ], [ 80.0585639, 30.7273204 ], [ 80.0583815, 30.7272559 ], [ 80.0582099, 30.7272467 ], [ 80.0578558, 30.7272374 ], [ 80.0576734, 30.7272651 ], [ 80.0575447, 30.7273758 ], [ 80.0574481, 30.7275049 ], [ 80.0569653, 30.727717 ], [ 80.0568044, 30.7277724 ], [ 80.056622, 30.7278 ], [ 80.056268, 30.7277908 ], [ 80.0560105, 30.7278738 ], [ 80.0558281, 30.7278922 ], [ 80.0556242, 30.728132 ], [ 80.0554633, 30.7281781 ], [ 80.0545299, 30.7281874 ], [ 80.0541866, 30.7282611 ], [ 80.0540364, 30.7283257 ], [ 80.0538969, 30.7284272 ], [ 80.0537789, 30.7285655 ], [ 80.0536823, 30.7286946 ], [ 80.0535214, 30.7287499 ], [ 80.0533497, 30.7287868 ], [ 80.0531995, 30.7288698 ], [ 80.0530708, 30.7289805 ], [ 80.0529206, 30.7290635 ], [ 80.0527596, 30.7291465 ], [ 80.052588, 30.7291926 ], [ 80.052191, 30.7295154 ], [ 80.0519228, 30.7297367 ], [ 80.0518906, 30.7298935 ], [ 80.0517189, 30.7299212 ], [ 80.0515365, 30.729912 ], [ 80.0513649, 30.7299489 ], [ 80.0511289, 30.7299765 ], [ 80.0509572, 30.7300042 ], [ 80.0507641, 30.7300226 ], [ 80.0506246, 30.7300964 ], [ 80.0504851, 30.7302071 ], [ 80.0503349, 30.7302809 ], [ 80.050174, 30.7303454 ], [ 80.0500238, 30.7302716 ], [ 80.0498736, 30.7302071 ], [ 80.0496912, 30.7301886 ], [ 80.0494873, 30.7302624 ], [ 80.0493586, 30.7303639 ], [ 80.0491762, 30.73041 ], [ 80.0490153, 30.7303546 ], [ 80.0488329, 30.730327 ], [ 80.0484788, 30.7303915 ], [ 80.0483286, 30.7304561 ], [ 80.0480068, 30.7306405 ], [ 80.0477493, 30.7308619 ], [ 80.0475025, 30.7310924 ], [ 80.0473523, 30.731157 ], [ 80.0470734, 30.7313414 ], [ 80.046891, 30.7314429 ], [ 80.0467193, 30.731489 ], [ 80.0461829, 30.7316734 ], [ 80.0460541, 30.7317749 ], [ 80.0458181, 30.7320331 ], [ 80.0456679, 30.7321069 ], [ 80.0454855, 30.7321345 ], [ 80.0453138, 30.7321899 ], [ 80.0449812, 30.7323374 ], [ 80.0447988, 30.7323651 ], [ 80.0442517, 30.7323466 ], [ 80.04408, 30.7323743 ], [ 80.0439083, 30.7324296 ], [ 80.0436223, 30.7325495 ], [ 80.0433397, 30.732734 ], [ 80.0430179, 30.7328446 ], [ 80.0427067, 30.732983 ], [ 80.0423777, 30.7330906 ], [ 80.0422418, 30.7331612 ], [ 80.0420522, 30.7331858 ], [ 80.0419021, 30.7331951 ], [ 80.0413763, 30.7330475 ], [ 80.0410545, 30.7329 ], [ 80.040915, 30.732817 ], [ 80.040561, 30.7327247 ], [ 80.0403893, 30.7326417 ], [ 80.0403035, 30.7325126 ], [ 80.0399494, 30.7325126 ], [ 80.039767, 30.7325495 ], [ 80.0396275, 30.7326417 ], [ 80.0393271, 30.7327893 ], [ 80.0389624, 30.7328354 ], [ 80.03878, 30.7328354 ], [ 80.0386083, 30.7328446 ], [ 80.0384581, 30.7329276 ], [ 80.0383401, 30.733066 ], [ 80.0381684, 30.7330844 ], [ 80.0379753, 30.733066 ], [ 80.0377822, 30.7330383 ], [ 80.0376212, 30.7329553 ], [ 80.0374818, 30.7328631 ], [ 80.0373101, 30.7328077 ], [ 80.0371277, 30.7327985 ], [ 80.0369453, 30.7328077 ], [ 80.0367629, 30.7327985 ], [ 80.0365806, 30.7327524 ], [ 80.0364303, 30.7326879 ], [ 80.0362587, 30.7326325 ], [ 80.0358939, 30.7326694 ], [ 80.035733, 30.7327155 ], [ 80.035522, 30.7327401 ], [ 80.0346708, 30.7327555 ], [ 80.0341344, 30.7326971 ], [ 80.0337731, 30.7326848 ], [ 80.0334084, 30.7326602 ], [ 80.0328791, 30.732817 ], [ 80.0325358, 30.7328723 ], [ 80.0323427, 30.7329 ], [ 80.032053, 30.7330567 ], [ 80.0318563, 30.7331212 ], [ 80.0315988, 30.7330322 ], [ 80.0313592, 30.7329983 ], [ 80.0310337, 30.733149 ], [ 80.0307118, 30.7332105 ], [ 80.0304365, 30.7333334 ], [ 80.0303113, 30.7334194 ], [ 80.0301826, 30.7335424 ], [ 80.0298643, 30.7337392 ], [ 80.0296855, 30.7338314 ], [ 80.0295317, 30.7338867 ], [ 80.02936, 30.733942 ], [ 80.0284946, 30.7339943 ], [ 80.027883, 30.7340035 ], [ 80.0273859, 30.7340435 ], [ 80.0272035, 30.7340435 ], [ 80.0270247, 30.7340803 ], [ 80.0268173, 30.7340927 ], [ 80.0265026, 30.7340312 ], [ 80.0261092, 30.7339298 ], [ 80.0256836, 30.7338283 ] ] } },
{ "type": "Feature", "properties": { "full_id": "w706355532", "osm_id": "706355532", "osm_type": "way", "waterway": "river", "intermittent": null, "alt_name": null, "wikidata": null, "name:uk": null, "layer": null, "width": null, "tunnel": null, "name:ml": null, "name:kn": null, "name:hi": null, "name:en": "Girthi Ganga", "name": "Girthi Ganga", "int_name": null, "boat": null }, "geometry": { "type": "LineString", "coordinates": [ [ 80.1583528, 30.6295944 ], [ 80.158149, 30.6295944 ], [ 80.157913, 30.6296221 ], [ 80.1577628, 30.6297237 ], [ 80.1576018, 30.6298252 ], [ 80.1573872, 30.6298714 ], [ 80.1568079, 30.629936 ], [ 80.1558101, 30.6300099 ], [ 80.1554131, 30.6300099 ], [ 80.1552093, 30.6300191 ], [ 80.1550269, 30.6300652 ], [ 80.1548338, 30.630176 ], [ 80.1545548, 30.6304068 ], [ 80.1544046, 30.6304899 ], [ 80.1542544, 30.630573 ], [ 80.154115, 30.630693 ], [ 80.1539433, 30.6307392 ], [ 80.1535571, 30.6307484 ], [ 80.153439, 30.6308869 ], [ 80.1532245, 30.63097 ], [ 80.152806, 30.6309977 ], [ 80.1522267, 30.6309977 ], [ 80.1520443, 30.6309792 ], [ 80.1518619, 30.630933 ], [ 80.1516795, 30.6308869 ], [ 80.1515293, 30.6307761 ], [ 80.1514006, 30.6306561 ], [ 80.1511323, 30.6304068 ], [ 80.1509607, 30.630333 ], [ 80.1507783, 30.6303237 ], [ 80.1504242, 30.630453 ], [ 80.150274, 30.6305545 ], [ 80.1499307, 30.6309515 ], [ 80.149802, 30.6310623 ], [ 80.1496088, 30.6310623 ], [ 80.1494157, 30.6310715 ], [ 80.149287, 30.6311915 ], [ 80.1489115, 30.6312838 ], [ 80.148536, 30.6313208 ], [ 80.1483536, 30.6313485 ], [ 80.148139, 30.6313762 ], [ 80.1479566, 30.6314131 ], [ 80.1477742, 30.6314777 ], [ 80.147388, 30.6314777 ], [ 80.1470446, 30.6316347 ], [ 80.1466584, 30.6317085 ], [ 80.1464653, 30.6317177 ], [ 80.1460898, 30.6317177 ], [ 80.1458967, 30.6317547 ], [ 80.1457035, 30.6317547 ], [ 80.1455212, 30.6317362 ], [ 80.145328, 30.6317731 ], [ 80.1451564, 30.6318285 ], [ 80.1448452, 30.6321055 ], [ 80.1447272, 30.6322532 ], [ 80.1445985, 30.6323732 ], [ 80.1445126, 30.6325209 ], [ 80.144459, 30.6326778 ], [ 80.1444483, 30.6328717 ], [ 80.144577, 30.6330009 ], [ 80.1448452, 30.6332225 ], [ 80.1449418, 30.6333517 ], [ 80.1449954, 30.6334994 ], [ 80.1450491, 30.6336472 ], [ 80.1450813, 30.6338041 ], [ 80.1450062, 30.633961 ], [ 80.144856, 30.6340533 ], [ 80.1447058, 30.6341549 ], [ 80.1445877, 30.6342841 ], [ 80.1444483, 30.6345426 ], [ 80.144341, 30.6347088 ], [ 80.1442444, 30.6348472 ], [ 80.1440942, 30.6349488 ], [ 80.1439011, 30.6349857 ], [ 80.1437402, 30.6350688 ], [ 80.1434183, 30.6352811 ], [ 80.1432896, 30.6354011 ], [ 80.1431501, 30.6355119 ], [ 80.1430213, 30.6356227 ], [ 80.1428819, 30.6357427 ], [ 80.1427424, 30.6358535 ], [ 80.14256, 30.6359089 ], [ 80.1422489, 30.6361212 ], [ 80.1420557, 30.636435 ], [ 80.141927, 30.6365643 ], [ 80.1417661, 30.6366474 ], [ 80.1416159, 30.6367581 ], [ 80.1411223, 30.637072 ], [ 80.1409292, 30.6371274 ], [ 80.1407683, 30.6372197 ], [ 80.140543, 30.6374782 ], [ 80.1402533, 30.6376997 ], [ 80.1400173, 30.6378567 ], [ 80.13991, 30.6379859 ], [ 80.1397598, 30.6380782 ], [ 80.139395, 30.6382167 ], [ 80.1392019, 30.6382259 ], [ 80.1390087, 30.6381428 ], [ 80.1386654, 30.638032 ], [ 80.1382899, 30.638032 ], [ 80.1379144, 30.6380782 ], [ 80.1375496, 30.6382167 ], [ 80.1363695, 30.6383828 ], [ 80.1361871, 30.6384197 ], [ 80.1360047, 30.6384936 ], [ 80.1352215, 30.6385028 ], [ 80.1350391, 30.6385305 ], [ 80.1345456, 30.6385398 ], [ 80.1342773, 30.638549 ], [ 80.1340735, 30.6385582 ], [ 80.1338911, 30.6385859 ], [ 80.1337194, 30.6386505 ], [ 80.1335692, 30.6387336 ], [ 80.1326895, 30.6391028 ], [ 80.1325285, 30.6392044 ], [ 80.1323891, 30.6393244 ], [ 80.1322067, 30.6393336 ], [ 80.1320135, 30.6393059 ], [ 80.1318312, 30.6393059 ], [ 80.131638, 30.6393429 ], [ 80.1314771, 30.6394536 ], [ 80.1313376, 30.6395736 ], [ 80.1308012, 30.6398321 ], [ 80.1305973, 30.6398321 ], [ 80.1303828, 30.6398506 ], [ 80.1299751, 30.6399152 ], [ 80.1298141, 30.639989 ], [ 80.1296103, 30.6400536 ], [ 80.1292348, 30.6401275 ], [ 80.1290524, 30.6401736 ], [ 80.12887, 30.6402198 ], [ 80.1285159, 30.640349 ], [ 80.1283336, 30.6403767 ], [ 80.127958, 30.6404229 ], [ 80.1277649, 30.6404136 ], [ 80.1275611, 30.6404044 ], [ 80.1273787, 30.6404044 ], [ 80.1271963, 30.6404506 ], [ 80.1270139, 30.6404506 ], [ 80.1262951, 30.640626 ], [ 80.1260912, 30.640626 ], [ 80.1257908, 30.6406813 ], [ 80.1256084, 30.6407275 ], [ 80.125426, 30.6407736 ], [ 80.1252437, 30.6408198 ], [ 80.1250827, 30.6408937 ], [ 80.1249003, 30.640949 ], [ 80.1242566, 30.6413275 ], [ 80.1240849, 30.6414013 ], [ 80.1239025, 30.6414567 ], [ 80.1237202, 30.6414937 ], [ 80.1235592, 30.6415583 ], [ 80.1234519, 30.6416967 ], [ 80.1233232, 30.6418167 ], [ 80.1231837, 30.6419275 ], [ 80.1230764, 30.6420567 ], [ 80.1221967, 30.6428321 ], [ 80.1220572, 30.6429336 ], [ 80.1218963, 30.6430352 ], [ 80.1217782, 30.6431644 ], [ 80.121671, 30.6433121 ], [ 80.1214886, 30.6435983 ], [ 80.1213276, 30.6436629 ], [ 80.1211345, 30.6437183 ], [ 80.120759, 30.6437921 ], [ 80.120362, 30.6438383 ], [ 80.1201689, 30.6438383 ], [ 80.1199865, 30.6438659 ], [ 80.1198256, 30.6439859 ], [ 80.1194179, 30.6444198 ], [ 80.119096, 30.6445213 ], [ 80.1187956, 30.6447059 ], [ 80.1186454, 30.6448075 ], [ 80.1185596, 30.6449459 ], [ 80.1184845, 30.6450936 ], [ 80.1184523, 30.6452505 ], [ 80.1184201, 30.6454074 ], [ 80.1183236, 30.6457397 ], [ 80.1182485, 30.6458782 ], [ 80.1181304, 30.6460166 ], [ 80.1177657, 30.6461182 ], [ 80.1174438, 30.646312 ], [ 80.1173043, 30.6464228 ], [ 80.1171648, 30.6465335 ], [ 80.1168752, 30.6468381 ], [ 80.1167893, 30.6470135 ], [ 80.1165855, 30.6472997 ], [ 80.1164782, 30.6474381 ], [ 80.1162743, 30.6477704 ], [ 80.1161671, 30.6478996 ], [ 80.1160169, 30.6480104 ], [ 80.1158667, 30.6480935 ], [ 80.115695, 30.6481488 ], [ 80.1141715, 30.6483057 ], [ 80.1139891, 30.6482596 ], [ 80.1138174, 30.6482134 ], [ 80.1119292, 30.6485642 ], [ 80.111736, 30.6486103 ], [ 80.1115858, 30.6487303 ], [ 80.1109421, 30.6493303 ], [ 80.1107812, 30.6494041 ], [ 80.1105988, 30.6494687 ], [ 80.1104164, 30.6494964 ], [ 80.1102233, 30.6495057 ], [ 80.1100302, 30.6495149 ], [ 80.1098478, 30.6495149 ], [ 80.1096547, 30.6495334 ], [ 80.1091719, 30.6494687 ], [ 80.1090217, 30.6493764 ], [ 80.10885, 30.6493303 ], [ 80.1086676, 30.6492749 ], [ 80.1084745, 30.6492472 ], [ 80.1082921, 30.6491918 ], [ 80.1081204, 30.6491088 ], [ 80.1079595, 30.6490165 ], [ 80.1077878, 30.6489703 ], [ 80.107584, 30.6489334 ], [ 80.1074016, 30.6489149 ], [ 80.1071978, 30.6489149 ], [ 80.1068222, 30.6489795 ], [ 80.1066399, 30.648998 ], [ 80.1064682, 30.6490442 ], [ 80.1062965, 30.649118 ], [ 80.1061463, 30.6492011 ], [ 80.1060176, 30.6493118 ], [ 80.105803, 30.6495887 ], [ 80.1055348, 30.6501241 ], [ 80.1053953, 30.6502902 ], [ 80.1050198, 30.6506779 ], [ 80.1048052, 30.6509732 ], [ 80.1046872, 30.6510932 ], [ 80.1045477, 30.651204 ], [ 80.1044619, 30.6513424 ], [ 80.1043224, 30.6514439 ], [ 80.1040864, 30.6515916 ], [ 80.1039469, 30.6517116 ], [ 80.1036572, 30.6519239 ], [ 80.1034748, 30.6519608 ], [ 80.1033032, 30.652007 ], [ 80.1031101, 30.6520531 ], [ 80.1029384, 30.6521085 ], [ 80.1027453, 30.6521731 ], [ 80.1024127, 30.65233 ], [ 80.1020372, 30.6524038 ], [ 80.1018441, 30.6524131 ], [ 80.1016295, 30.6524223 ], [ 80.1014364, 30.6524315 ], [ 80.1010287, 30.6524408 ], [ 80.1008463, 30.6524592 ], [ 80.1006639, 30.6525054 ], [ 80.1005244, 30.6526069 ], [ 80.1003313, 30.6526254 ], [ 80.1001489, 30.6526069 ], [ 80.0999451, 30.65257 ], [ 80.0997627, 30.6525608 ], [ 80.0995159, 30.6524869 ], [ 80.0989795, 30.6523485 ], [ 80.0987971, 30.6523116 ], [ 80.0986147, 30.6523392 ], [ 80.0985181, 30.6524777 ], [ 80.0984001, 30.6527361 ], [ 80.0977135, 30.6532253 ], [ 80.097456, 30.6534007 ], [ 80.0973594, 30.6535483 ], [ 80.0972092, 30.6536591 ], [ 80.0970161, 30.653696 ], [ 80.096823, 30.6537052 ], [ 80.0966298, 30.6537052 ], [ 80.0955784, 30.6542129 ], [ 80.0952351, 30.6546374 ], [ 80.0949776, 30.6549143 ], [ 80.0948703, 30.6550435 ], [ 80.0947201, 30.6551543 ], [ 80.0943875, 30.6553573 ], [ 80.0942373, 30.6554589 ], [ 80.0938725, 30.6555973 ], [ 80.0935507, 30.6558003 ], [ 80.093379, 30.6558926 ], [ 80.0932395, 30.6560034 ], [ 80.0930786, 30.6561234 ], [ 80.0929177, 30.6562341 ], [ 80.0927889, 30.6563633 ], [ 80.0924349, 30.6567694 ], [ 80.0922632, 30.6568525 ], [ 80.0920057, 30.6570186 ], [ 80.0918341, 30.6571478 ], [ 80.091716, 30.657277 ], [ 80.0915551, 30.6573693 ], [ 80.0913513, 30.6574524 ], [ 80.0911796, 30.6575447 ], [ 80.0909865, 30.6576185 ], [ 80.090729, 30.6576831 ], [ 80.0905359, 30.6577016 ], [ 80.0903213, 30.6577477 ], [ 80.0901711, 30.65784 ], [ 80.0900745, 30.6579969 ], [ 80.0899243, 30.6581077 ], [ 80.0897419, 30.6581723 ], [ 80.0895488, 30.6582277 ], [ 80.0887871, 30.6585876 ], [ 80.0886369, 30.6589198 ], [ 80.0884652, 30.6591967 ], [ 80.0877571, 30.6595105 ], [ 80.0874138, 30.6596397 ], [ 80.0866627, 30.6596766 ], [ 80.0863194, 30.6597689 ], [ 80.0856972, 30.660175 ], [ 80.0853538, 30.6603042 ], [ 80.0850105, 30.6604703 ], [ 80.0848818, 30.6607841 ], [ 80.0847959, 30.6610979 ], [ 80.0849676, 30.6613932 ], [ 80.0852465, 30.6616147 ], [ 80.0854611, 30.6618731 ], [ 80.0853324, 30.6621685 ], [ 80.0850105, 30.6622977 ], [ 80.0846457, 30.6623346 ], [ 80.0843024, 30.6622423 ], [ 80.0839376, 30.6621869 ], [ 80.0830793, 30.6619285 ], [ 80.0827145, 30.661947 ], [ 80.0824356, 30.66215 ], [ 80.0821996, 30.6624084 ], [ 80.0818991, 30.6626114 ], [ 80.0815344, 30.6627406 ], [ 80.0811696, 30.6628329 ], [ 80.0808048, 30.6629621 ], [ 80.0806546, 30.6632574 ], [ 80.0803542, 30.6634236 ], [ 80.079968, 30.6634974 ], [ 80.0791955, 30.6634974 ], [ 80.0780582, 30.6635528 ], [ 80.0770736, 30.6635528 ], [ 80.0768351, 30.6635528 ], [ 80.0764489, 30.6635897 ], [ 80.0760841, 30.6636635 ], [ 80.0756979, 30.6637189 ], [ 80.0749039, 30.6637189 ], [ 80.0746035, 30.6639588 ], [ 80.074397, 30.6643497 ], [ 80.0742817, 30.6645679 ], [ 80.0742173, 30.6648817 ], [ 80.0741958, 30.6652324 ], [ 80.0742103, 30.6654435 ], [ 80.0742173, 30.6655461 ], [ 80.0740671, 30.6658599 ], [ 80.0738096, 30.6660999 ], [ 80.0730371, 30.6667828 ], [ 80.072844, 30.6670596 ], [ 80.0725865, 30.6672995 ], [ 80.0724792, 30.6676318 ], [ 80.0724792, 30.6679455 ], [ 80.072329, 30.6682408 ], [ 80.0719857, 30.6683331 ], [ 80.0711703, 30.6683147 ], [ 80.070827, 30.6684623 ], [ 80.0706124, 30.6687207 ], [ 80.0702691, 30.6692928 ], [ 80.0700331, 30.6695512 ], [ 80.0696683, 30.6696804 ], [ 80.0693035, 30.6697912 ], [ 80.0690031, 30.6700126 ], [ 80.0688314, 30.6702895 ], [ 80.0685096, 30.6704371 ], [ 80.0681233, 30.670511 ], [ 80.0677585, 30.670511 ], [ 80.0674581, 30.6706217 ], [ 80.0672436, 30.6708985 ], [ 80.0671148, 30.6711938 ], [ 80.0667286, 30.671323 ], [ 80.0663423, 30.6713415 ], [ 80.0659561, 30.671323 ], [ 80.0655913, 30.671323 ], [ 80.0652265, 30.6713784 ], [ 80.0649047, 30.671526 ], [ 80.0645828, 30.6716921 ], [ 80.0638747, 30.6724119 ], [ 80.0634885, 30.6724488 ], [ 80.0631451, 30.6725411 ], [ 80.0628233, 30.6726887 ], [ 80.0625014, 30.6728733 ], [ 80.0617718, 30.6730763 ], [ 80.0613642, 30.6730579 ], [ 80.0610423, 30.6729471 ], [ 80.0603127, 30.6728364 ], [ 80.0594544, 30.672984 ], [ 80.0590467, 30.672984 ], [ 80.0586605, 30.6730025 ], [ 80.0582742, 30.6730025 ], [ 80.058094, 30.6729843 ], [ 80.0579095, 30.6729656 ], [ 80.0575232, 30.6729656 ], [ 80.0571799, 30.6730948 ], [ 80.0567919, 30.6732778 ], [ 80.0565147, 30.6734085 ], [ 80.0555491, 30.6738884 ], [ 80.0552058, 30.674036 ], [ 80.0548196, 30.6740545 ], [ 80.0545621, 30.6743128 ], [ 80.0543475, 30.6745897 ], [ 80.0540042, 30.6747373 ], [ 80.0536394, 30.6747742 ], [ 80.0532746, 30.674848 ], [ 80.0526523, 30.6748665 ], [ 80.0522661, 30.6748665 ], [ 80.0519657, 30.6750326 ], [ 80.0516653, 30.6752356 ], [ 80.0513434, 30.6754571 ], [ 80.0510216, 30.6756231 ], [ 80.0503135, 30.6759738 ], [ 80.0500774, 30.6762322 ], [ 80.0497556, 30.6763983 ], [ 80.0493049, 30.6764167 ], [ 80.0489187, 30.6764536 ], [ 80.0485754, 30.6766013 ], [ 80.0482321, 30.6768043 ], [ 80.0479549, 30.677018 ], [ 80.0478122, 30.6770492 ], [ 80.0475669, 30.677118 ], [ 80.0463652, 30.6775609 ], [ 80.0460648, 30.6778008 ], [ 80.0458073, 30.6780407 ], [ 80.0454426, 30.6781699 ], [ 80.0443482, 30.6784467 ], [ 80.0439405, 30.6785021 ], [ 80.0431466, 30.6785759 ], [ 80.0429106, 30.6788158 ], [ 80.0427174, 30.6790926 ], [ 80.0423956, 30.6792218 ], [ 80.0420308, 30.6793325 ], [ 80.0417733, 30.6795725 ], [ 80.0414514, 30.6797939 ], [ 80.041151, 30.67996 ], [ 80.0407433, 30.6802368 ], [ 80.0404858, 30.6804583 ], [ 80.0401854, 30.6806982 ], [ 80.0398421, 30.6809012 ], [ 80.0395417, 30.6811042 ], [ 80.0394344, 30.6814179 ], [ 80.0392628, 30.6816947 ], [ 80.0389194, 30.6818423 ], [ 80.0382542, 30.6826358 ], [ 80.0375032, 30.6828757 ], [ 80.0371384, 30.6828942 ], [ 80.0364089, 30.6827835 ], [ 80.0360656, 30.6829126 ], [ 80.0356793, 30.6830234 ], [ 80.0349712, 30.6832079 ], [ 80.0346708, 30.683374 ], [ 80.0343275, 30.6834662 ], [ 80.0339627, 30.6835401 ], [ 80.0336623, 30.683743 ], [ 80.033555, 30.6840383 ], [ 80.0332331, 30.6842044 ], [ 80.0328469, 30.6843336 ], [ 80.0324821, 30.6844074 ], [ 80.0321173, 30.6845181 ], [ 80.0316238, 30.6851086 ], [ 80.0311303, 30.6856068 ], [ 80.0307226, 30.6856622 ], [ 80.0299501, 30.6856622 ], [ 80.0295853, 30.6856253 ], [ 80.0292206, 30.6856068 ], [ 80.0289416, 30.6858283 ], [ 80.0284525, 30.6861738 ], [ 80.0283408, 30.6862527 ], [ 80.0283395, 30.6862731 ], [ 80.0283193, 30.6865848 ], [ 80.0281906, 30.6868985 ], [ 80.0279331, 30.68712 ], [ 80.0275898, 30.6872861 ], [ 80.0272679, 30.687489 ], [ 80.0269488, 30.6876263 ], [ 80.0268388, 30.6876736 ], [ 80.0265813, 30.6879135 ], [ 80.0263452, 30.6881718 ], [ 80.0260663, 30.6883748 ], [ 80.0257873, 30.6885777 ], [ 80.0252938, 30.6891498 ], [ 80.0251007, 30.6894081 ], [ 80.0249505, 30.6897218 ], [ 80.0246286, 30.6902938 ], [ 80.024551, 30.6904369 ], [ 80.0244784, 30.6905706 ], [ 80.0243068, 30.6908843 ], [ 80.0234699, 30.6916408 ], [ 80.0231051, 30.6916408 ], [ 80.0227189, 30.6916777 ], [ 80.0223756, 30.6918069 ], [ 80.0217104, 30.6921021 ], [ 80.0210452, 30.6923605 ], [ 80.0207019, 30.6925265 ], [ 80.0200367, 30.6928218 ], [ 80.0189209, 30.6930432 ], [ 80.018599, 30.6931908 ], [ 80.0182986, 30.6933938 ], [ 80.0179338, 30.6933938 ], [ 80.0166678, 30.6935967 ], [ 80.0157237, 30.6935967 ], [ 80.015316, 30.6935783 ], [ 80.0149083, 30.6935783 ], [ 80.0145221, 30.6935967 ], [ 80.0137496, 30.6935967 ], [ 80.0129986, 30.6935414 ], [ 80.0126552, 30.6936336 ], [ 80.012641, 30.6936336 ], [ 80.0122905, 30.6936336 ], [ 80.0119257, 30.6936152 ], [ 80.0115394, 30.6937074 ], [ 80.0105524, 30.6941687 ], [ 80.0103573, 30.6942766 ], [ 80.010252, 30.6943348 ], [ 80.0099087, 30.6944455 ], [ 80.0097602, 30.6944526 ], [ 80.0095224, 30.694464 ], [ 80.008707, 30.6946116 ], [ 80.0070977, 30.6946116 ], [ 80.0057888, 30.6954234 ], [ 80.0054455, 30.6955526 ], [ 80.0051021, 30.6956817 ], [ 80.0049305, 30.6959585 ], [ 80.0048385, 30.6961167 ], [ 80.0047588, 30.6962537 ], [ 80.0045442, 30.6965305 ], [ 80.0043297, 30.6967888 ], [ 80.0037074, 30.6971209 ], [ 80.0033855, 30.6972501 ], [ 80.0029993, 30.6973239 ], [ 80.0028062, 30.6975822 ], [ 80.0026774, 30.6978959 ], [ 80.0024414, 30.6981542 ], [ 80.0018835, 30.6986523 ], [ 80.0015402, 30.6988 ], [ 80.0011539, 30.6988553 ], [ 80.0007462, 30.6989476 ], [ 80.0004244, 30.6990952 ], [ 80.0000381, 30.6991136 ], [ 79.9996519, 30.6991505 ], [ 79.9992871, 30.6992059 ], [ 79.9989009, 30.6991874 ], [ 79.9985361, 30.6991505 ], [ 79.9981713, 30.699169 ], [ 79.997828, 30.6997409 ], [ 79.9975061, 30.6998701 ], [ 79.9965071, 30.7002382 ], [ 79.9964547, 30.7002575 ], [ 79.9963028, 30.7004068 ], [ 79.9957812, 30.7009194 ], [ 79.9957037, 30.7009956 ], [ 79.9952101, 30.7015306 ], [ 79.9948668, 30.7016598 ], [ 79.9946737, 30.7019365 ], [ 79.9946308, 30.7022502 ], [ 79.9943948, 30.7025269 ], [ 79.99403, 30.7026561 ], [ 79.9937296, 30.702859 ], [ 79.9934077, 30.7030435 ], [ 79.9931717, 30.7033203 ], [ 79.9925065, 30.7040398 ], [ 79.9923563, 30.7043165 ], [ 79.9923044, 30.704386 ], [ 79.9921632, 30.7045748 ], [ 79.9918842, 30.7047778 ], [ 79.9916466, 30.704914 ], [ 79.9912405, 30.7051468 ], [ 79.990983, 30.7053682 ], [ 79.9906826, 30.7056449 ], [ 79.9905097, 30.7058049 ], [ 79.9904036, 30.7059032 ], [ 79.9902513, 30.7060061 ], [ 79.9901032, 30.7061061 ], [ 79.9898457, 30.706346 ], [ 79.9895239, 30.706512 ], [ 79.9891376, 30.7066043 ], [ 79.9891123, 30.7066079 ], [ 79.9887514, 30.7066596 ], [ 79.9883652, 30.7067703 ], [ 79.9882364, 30.7070839 ], [ 79.9881291, 30.7073791 ], [ 79.9873996, 30.7075268 ], [ 79.9856227, 30.7081137 ] ] } },
{ "type": "Feature", "properties": { "full_id": "w933564031", "osm_id": "933564031", "osm_type": "way", "waterway": "river", "intermittent": null, "alt_name": null, "wikidata": null, "name:uk": null, "layer": null, "width": null, "tunnel": null, "name:ml": null, "name:kn": null, "name:hi": null, "name:en": null, "name": "Harosing Gad", "int_name": null, "boat": null }, "geometry": { "type": "LineString", "coordinates": [ [ 79.6880436, 30.2440905 ], [ 79.684782, 30.2458329 ], [ 79.6831083, 30.2473344 ], [ 79.681735, 30.2483168 ], [ 79.6796321, 30.2490212 ], [ 79.6780872, 30.2507265 ], [ 79.6770572, 30.2520054 ], [ 79.6756196, 30.2527839 ], [ 79.6744609, 30.2535624 ], [ 79.6731734, 30.2537848 ], [ 79.6716714, 30.2534141 ], [ 79.6706843, 30.2536922 ], [ 79.6694827, 30.2547116 ], [ 79.6682167, 30.2555457 ], [ 79.6663749, 30.2562038 ], [ 79.6657135, 30.2570501 ], [ 79.6652236, 30.257632 ], [ 79.6651746, 30.2580658 ], [ 79.664697, 30.2584572 ], [ 79.6642438, 30.2586159 ], [ 79.6636681, 30.2585841 ], [ 79.6627728, 30.2597201 ], [ 79.6619108, 30.2597927 ], [ 79.6608021, 30.2593564 ], [ 79.6604347, 30.2586476 ], [ 79.6595406, 30.2585524 ], [ 79.6587322, 30.2581292 ], [ 79.6579483, 30.2585313 ], [ 79.6570542, 30.258362 ], [ 79.6549598, 30.2584466 ], [ 79.6536126, 30.2582245 ], [ 79.6527185, 30.2582985 ], [ 79.6518733, 30.2580763 ], [ 79.651212, 30.2579494 ], [ 79.6501831, 30.2584466 ], [ 79.6489583, 30.2584466 ], [ 79.648101, 30.2593247 ], [ 79.6472436, 30.2594411 ], [ 79.6460923, 30.2603509 ], [ 79.644892, 30.2603615 ], [ 79.643263, 30.2623291 ], [ 79.6433243, 30.263313 ], [ 79.6427609, 30.2635775 ], [ 79.6412544, 30.263387 ], [ 79.640642, 30.2639265 ], [ 79.6400896, 30.2640167 ], [ 79.6394551, 30.2636801 ], [ 79.6391107, 30.2636135 ], [ 79.6385895, 30.2638954 ], [ 79.6379912, 30.2641029 ], [ 79.6369941, 30.2643925 ], [ 79.6361058, 30.2645021 ], [ 79.6355845, 30.2649328 ], [ 79.6348775, 30.2648975 ], [ 79.634388, 30.2647801 ], [ 79.6337558, 30.2644776 ], [ 79.633163, 30.2644124 ], [ 79.6325399, 30.2642419 ], [ 79.6317161, 30.2642066 ], [ 79.6308677, 30.2644024 ], [ 79.6301064, 30.2647938 ], [ 79.6293278, 30.264563 ], [ 79.6289733, 30.2646533 ], [ 79.6284735, 30.2651552 ], [ 79.6281481, 30.2655266 ], [ 79.6276948, 30.2664501 ], [ 79.6276484, 30.2669771 ], [ 79.6267651, 30.2670373 ], [ 79.6260858, 30.26762 ], [ 79.6261794, 30.2682471 ], [ 79.6255123, 30.2684506 ], [ 79.6249308, 30.2687644 ], [ 79.6244246, 30.2692453 ], [ 79.6238847, 30.2695149 ], [ 79.6234839, 30.2696397 ] ] } },
{ "type": "Feature", "properties": { "full_id": "w942824232", "osm_id": "942824232", "osm_type": "way", "waterway": "river", "intermittent": null, "alt_name": null, "wikidata": null, "name:uk": null, "layer": null, "width": null, "tunnel": null, "name:ml": null, "name:kn": null, "name:hi": null, "name:en": null, "name": null, "int_name": null, "boat": null }, "geometry": { "type": "LineString", "coordinates": [ [ 79.6506201, 30.0317603 ], [ 79.6501235, 30.0315426 ], [ 79.6495302, 30.0314777 ] ] } },
{ "type": "Feature", "properties": { "full_id": "w942824233", "osm_id": "942824233", "osm_type": "way", "waterway": "river", "intermittent": null, "alt_name": null, "wikidata": null, "name:uk": null, "layer": null, "width": null, "tunnel": null, "name:ml": null, "name:kn": null, "name:hi": null, "name:en": null, "name": null, "int_name": null, "boat": null }, "geometry": { "type": "LineString", "coordinates": [ [ 79.6495302, 30.0314777 ], [ 79.6491984, 30.0314644 ], [ 79.6490971, 30.0314603 ], [ 79.6487483, 30.0316547 ], [ 79.6486124, 30.0317413 ], [ 79.6480736, 30.0320848 ] ] } },
{ "type": "Feature", "properties": { "full_id": "w960688851", "osm_id": "960688851", "osm_type": "way", "waterway": "river", "intermittent": null, "alt_name": null, "wikidata": null, "name:uk": null, "layer": null, "width": null, "tunnel": null, "name:ml": null, "name:kn": null, "name:hi": null, "name:en": null, "name": null, "int_name": null, "boat": null }, "geometry": { "type": "LineString", "coordinates": [ [ 79.5608882, 30.031819 ], [ 79.5601112, 30.0321983 ], [ 79.5598145, 30.0322917 ], [ 79.5595577, 30.0324568 ], [ 79.5590188, 30.0327646 ], [ 79.5584388, 30.0333892 ], [ 79.5565447, 30.0345013 ] ] } },
{ "type": "Feature", "properties": { "full_id": "w984989265", "osm_id": "984989265", "osm_type": "way", "waterway": "river", "intermittent": null, "alt_name": null, "wikidata": null, "name:uk": null, "layer": null, "width": null, "tunnel": null, "name:ml": null, "name:kn": null, "name:hi": null, "name:en": null, "name": "Girthi Ganga", "int_name": null, "boat": null }, "geometry": { "type": "LineString", "coordinates": [ [ 79.9523254, 30.7046841 ], [ 79.9520195, 30.704519 ], [ 79.9512605, 30.7046045 ], [ 79.9505439, 30.7045779 ], [ 79.9501118, 30.7040942 ], [ 79.9498227, 30.7039236 ], [ 79.9494943, 30.7037479 ], [ 79.9489656, 30.7037163 ], [ 79.9484216, 30.7039146 ], [ 79.9481964, 30.7040582 ], [ 79.9479955, 30.704281 ], [ 79.9476906, 30.7045511 ], [ 79.9468997, 30.7046174 ], [ 79.9467274, 30.7049262 ], [ 79.9465944, 30.7051383 ], [ 79.9461541, 30.7052204 ], [ 79.945603, 30.705095 ], [ 79.9448045, 30.7048255 ], [ 79.9435222, 30.7042313 ], [ 79.9430298, 30.7045666 ], [ 79.9424595, 30.704798 ], [ 79.9420539, 30.7050302 ], [ 79.9417274, 30.705006 ], [ 79.9413427, 30.704945 ], [ 79.9406065, 30.7048684 ], [ 79.9397974, 30.7047528 ], [ 79.9392041, 30.704501 ], [ 79.9387806, 30.7041082 ], [ 79.9383518, 30.7040446 ], [ 79.9380555, 30.7042022 ], [ 79.9374844, 30.7039892 ], [ 79.9370627, 30.7040367 ], [ 79.9367681, 30.7037985 ], [ 79.9358918, 30.7036792 ], [ 79.9354967, 30.7035642 ], [ 79.934423, 30.7034363 ], [ 79.9339762, 30.7032071 ], [ 79.9334267, 30.703406 ], [ 79.9327154, 30.703514 ], [ 79.9322109, 30.7036741 ], [ 79.9319132, 30.7039304 ], [ 79.931684, 30.7040245 ], [ 79.9312853, 30.7039841 ], [ 79.9311907, 30.7039767 ], [ 79.9306165, 30.7039086 ], [ 79.9302806, 30.7038534 ], [ 79.9298147, 30.7037727 ], [ 79.9293418, 30.7037162 ], [ 79.9286098, 30.7036634 ], [ 79.9282407, 30.703907 ], [ 79.9277816, 30.7042907 ], [ 79.9269233, 30.7045379 ], [ 79.9265928, 30.7048442 ], [ 79.9265199, 30.7056855 ], [ 79.9261337, 30.7058294 ], [ 79.9240351, 30.7055711 ], [ 79.9236488, 30.7055711 ], [ 79.923284, 30.7056818 ], [ 79.9228012, 30.7055656 ], [ 79.9225588, 30.7057298 ], [ 79.9221167, 30.7059068 ], [ 79.921606, 30.7062389 ], [ 79.9209237, 30.7061061 ], [ 79.9205375, 30.7061246 ], [ 79.9201727, 30.7061984 ], [ 79.9197864, 30.7061984 ], [ 79.9191899, 30.7062132 ], [ 79.9182458, 30.7057002 ], [ 79.9179239, 30.7058515 ], [ 79.9171429, 30.7062758 ], [ 79.9168124, 30.7063423 ], [ 79.9163146, 30.7063939 ], [ 79.9158683, 30.7067482 ], [ 79.9154305, 30.7073643 ], [ 79.9152546, 30.7077518 ], [ 79.9147525, 30.7079068 ], [ 79.914289, 30.7080248 ], [ 79.9130702, 30.7081724 ], [ 79.9126839, 30.7083016 ], [ 79.9116969, 30.708689 ], [ 79.9110102, 30.7086816 ], [ 79.9106368, 30.7087776 ], [ 79.9102506, 30.7090247 ], [ 79.9096326, 30.7096151 ], [ 79.9090233, 30.7098513 ], [ 79.9081092, 30.7100911 ], [ 79.9072122, 30.7097775 ], [ 79.9065556, 30.710342 ], [ 79.9064398, 30.7105892 ], [ 79.9061394, 30.7107737 ], [ 79.9058604, 30.7109766 ], [ 79.9044657, 30.7118252 ], [ 79.9037361, 30.7119359 ], [ 79.9033499, 30.7119544 ], [ 79.9010539, 30.7119359 ], [ 79.9006676, 30.7119544 ], [ 79.9002814, 30.7120097 ], [ 79.8999166, 30.7120097 ], [ 79.8973417, 30.7124894 ], [ 79.896758, 30.7128804 ], [ 79.895947, 30.7129137 ], [ 79.8955392, 30.7127846 ], [ 79.8951959, 30.7129436 ], [ 79.8948363, 30.7131104 ], [ 79.8944781, 30.7133994 ], [ 79.8939811, 30.7134817 ], [ 79.8935544, 30.713226 ], [ 79.8934672, 30.7127081 ], [ 79.893372, 30.7125632 ], [ 79.8922562, 30.7121942 ], [ 79.8919129, 30.7120835 ], [ 79.8915481, 30.7119913 ], [ 79.8910381, 30.712039 ], [ 79.8906786, 30.7122992 ], [ 79.8896787, 30.7122302 ], [ 79.8886845, 30.7113647 ], [ 79.8882437, 30.7113539 ], [ 79.8878789, 30.7112718 ], [ 79.8871526, 30.7110131 ], [ 79.8862405, 30.7108122 ], [ 79.8856421, 30.7104833 ], [ 79.8853632, 30.7102306 ], [ 79.8851537, 30.7099989 ], [ 79.8843598, 30.7093532 ], [ 79.8841493, 30.70914 ], [ 79.8830974, 30.7085845 ], [ 79.8825109, 30.7080556 ], [ 79.8818022, 30.7067298 ], [ 79.8819276, 30.7062692 ], [ 79.8824776, 30.7057652 ], [ 79.8826452, 30.7053805 ], [ 79.8829222, 30.7045564 ], [ 79.8828149, 30.7033941 ], [ 79.8828805, 30.7031698 ] ] } },
{ "type": "Feature", "properties": { "full_id": "w984989266", "osm_id": "984989266", "osm_type": "way", "waterway": "river", "intermittent": null, "alt_name": null, "wikidata": null, "name:uk": null, "layer": null, "width": null, "tunnel": null, "name:ml": null, "name:kn": null, "name:hi": null, "name:en": null, "name": "Girthi Ganga", "int_name": null, "boat": null }, "geometry": { "type": "LineString", "coordinates": [ [ 79.9856227, 30.7081137 ], [ 79.984941, 30.7083256 ], [ 79.9847003, 30.7085347 ], [ 79.9843202, 30.7086639 ], [ 79.9838182, 30.7085631 ], [ 79.9829252, 30.7090907 ], [ 79.9823212, 30.7093293 ], [ 79.9816844, 30.7091819 ], [ 79.981162, 30.7092942 ], [ 79.9804518, 30.7096802 ], [ 79.980109, 30.7096732 ], [ 79.9796518, 30.7093925 ], [ 79.9790314, 30.7091889 ], [ 79.97846, 30.7084169 ], [ 79.9773498, 30.7079116 ], [ 79.9771131, 30.7074484 ], [ 79.9767702, 30.7069992 ], [ 79.9762968, 30.7067254 ], [ 79.9761172, 30.7059183 ], [ 79.975856, 30.7054761 ], [ 79.9753091, 30.7052094 ], [ 79.9745417, 30.7047321 ], [ 79.9732601, 30.7047743 ], [ 79.972305, 30.7044303 ], [ 79.9719622, 30.7041847 ], [ 79.9716193, 30.7041496 ], [ 79.9709419, 30.7043263 ], [ 79.9704686, 30.7039888 ], [ 79.9698106, 30.703562 ], [ 79.9691756, 30.703016 ], [ 79.9686446, 30.7027282 ], [ 79.967721, 30.7025495 ], [ 79.9672593, 30.7027282 ], [ 79.966658, 30.7034366 ], [ 79.9666359, 30.7034627 ], [ 79.9658005, 30.7035286 ], [ 79.9648699, 30.7039006 ], [ 79.9636373, 30.7042726 ], [ 79.961506, 30.7044394 ], [ 79.9607312, 30.703991 ], [ 79.9599238, 30.7041453 ], [ 79.9586785, 30.7039381 ], [ 79.9577762, 30.7042726 ], [ 79.9558974, 30.7046926 ], [ 79.9542171, 30.704799 ], [ 79.9528847, 30.70503 ], [ 79.9523254, 30.7046841 ] ] } },
{ "type": "Feature", "properties": { "full_id": "w989023677", "osm_id": "989023677", "osm_type": "way", "waterway": "river", "intermittent": null, "alt_name": null, "wikidata": null, "name:uk": null, "layer": "-1", "width": null, "tunnel": "culvert", "name:ml": null, "name:kn": "ಅಲಕನಂದಾ", "name:hi": "अलकनन्दा नदी", "name:en": "Alaknanda River", "name": "Alaknanda", "int_name": "Alaknanda", "boat": "no" }, "geometry": { "type": "LineString", "coordinates": [ [ 78.8319923, 30.2404023 ], [ 78.8316157, 30.2407207 ] ] } },
{ "type": "Feature", "properties": { "full_id": "w989023678", "osm_id": "989023678", "osm_type": "way", "waterway": "river", "intermittent": null, "alt_name": null, "wikidata": null, "name:uk": null, "layer": null, "width": null, "tunnel": null, "name:ml": "അളകനന്ദ", "name:kn": "ಅಲಕನಂದಾ", "name:hi": "अलकनन्दा नदी", "name:en": "Alaknanda River", "name": "Alaknanda", "int_name": "Alaknanda", "boat": "no" }, "geometry": { "type": "LineString", "coordinates": [ [ 78.8316157, 30.2407207 ], [ 78.8315226, 30.2407865 ], [ 78.8309256, 30.2411864 ], [ 78.8294291, 30.2423975 ], [ 78.828573, 30.243314 ], [ 78.8278043, 30.2434545 ], [ 78.8270996, 30.2437166 ], [ 78.8264562, 30.2433943 ], [ 78.8264034, 30.2428572 ], [ 78.8264921, 30.2424339 ], [ 78.8265621, 30.2419015 ], [ 78.8263539, 30.2414584 ], [ 78.8258018, 30.2411595 ], [ 78.8252369, 30.2409047 ], [ 78.8240586, 30.2399493 ], [ 78.8232997, 30.2395951 ], [ 78.8221394, 30.2392522 ], [ 78.8213888, 30.2391857 ], [ 78.8207097, 30.2390969 ], [ 78.8199094, 30.2387429 ], [ 78.8193812, 30.2382507 ], [ 78.8194243, 30.2377282 ], [ 78.8197018, 30.2370357 ], [ 78.8199154, 30.2362547 ] ] } },
{ "type": "Feature", "properties": { "full_id": "w992164683", "osm_id": "992164683", "osm_type": "way", "waterway": "river", "intermittent": "yes", "alt_name": null, "wikidata": null, "name:uk": null, "layer": null, "width": null, "tunnel": null, "name:ml": null, "name:kn": null, "name:hi": null, "name:en": null, "name": null, "int_name": null, "boat": null }, "geometry": { "type": "LineString", "coordinates": [ [ 79.4424853, 30.2637166 ], [ 79.4420488, 30.2640786 ], [ 79.4418643, 30.2643506 ], [ 79.4417563, 30.2648131 ], [ 79.4417248, 30.2654931 ], [ 79.4417438, 30.2660692 ] ] } },
{ "type": "Feature", "properties": { "full_id": "w1021286252", "osm_id": "1021286252", "osm_type": "way", "waterway": "river", "intermittent": null, "alt_name": null, "wikidata": null, "name:uk": null, "layer": null, "width": null, "tunnel": null, "name:ml": null, "name:kn": null, "name:hi": null, "name:en": "Doldunkhar (Girthi Ganga)", "name": "Doldunkhar (Girthi Ganga)", "int_name": null, "boat": null }, "geometry": { "type": "LineString", "coordinates": [ [ 80.1931572, 30.5959566 ], [ 80.193125, 30.5969263 ], [ 80.1931786, 30.597582 ], [ 80.1933074, 30.5980807 ], [ 80.1933181, 30.5982377 ], [ 80.1937687, 30.5992443 ], [ 80.1938653, 30.5993828 ], [ 80.193994, 30.5994936 ], [ 80.1944339, 30.5998168 ], [ 80.1945948, 30.5999 ], [ 80.1950133, 30.6002416 ], [ 80.195657, 30.6006387 ], [ 80.1957965, 30.6007773 ], [ 80.195893, 30.6009158 ], [ 80.1960969, 30.601516 ], [ 80.1961291, 30.6016822 ], [ 80.1967084, 30.6024025 ], [ 80.1969015, 30.6027165 ], [ 80.196923, 30.6030397 ], [ 80.1967084, 30.6036492 ], [ 80.1966977, 30.6038062 ], [ 80.1965797, 30.6041571 ], [ 80.1966119, 30.6043141 ], [ 80.1967943, 30.6050066 ], [ 80.196923, 30.6053114 ], [ 80.1972127, 30.6057823 ], [ 80.1972663, 30.6059301 ], [ 80.1973092, 30.6061055 ], [ 80.1973092, 30.6065765 ], [ 80.1973414, 30.6067242 ], [ 80.1974809, 30.6070105 ], [ 80.1975882, 30.6071397 ], [ 80.1977277, 30.6076107 ], [ 80.1976955, 30.6079246 ], [ 80.1974702, 30.6083586 ], [ 80.1974594, 30.6087003 ], [ 80.1975882, 30.609005 ], [ 80.1976955, 30.609319 ], [ 80.1977813, 30.6094575 ], [ 80.1980388, 30.609716 ], [ 80.1983499, 30.6103254 ], [ 80.1982856, 30.6109718 ], [ 80.198307, 30.6113042 ], [ 80.1983392, 30.6114704 ], [ 80.198468, 30.6117659 ], [ 80.1985001, 30.6119136 ], [ 80.1985001, 30.6120798 ], [ 80.1983178, 30.61256 ], [ 80.1982963, 30.612717 ], [ 80.1983392, 30.6133171 ], [ 80.1985001, 30.6137788 ], [ 80.198468, 30.6149699 ], [ 80.1983929, 30.6152654 ], [ 80.1982105, 30.6157363 ], [ 80.1979637, 30.6161887 ], [ 80.1976097, 30.6171028 ], [ 80.1973736, 30.6175183 ], [ 80.1972771, 30.6178137 ], [ 80.19732, 30.6179707 ], [ 80.1975131, 30.6182477 ], [ 80.1976633, 30.6183493 ], [ 80.1978242, 30.6184231 ], [ 80.1980924, 30.618654 ], [ 80.1986289, 30.6195403 ], [ 80.1986718, 30.6198542 ], [ 80.1987791, 30.6201497 ], [ 80.1988435, 30.6204451 ], [ 80.1989722, 30.6207406 ], [ 80.1990795, 30.6210914 ], [ 80.1990795, 30.6217193 ], [ 80.1990366, 30.6220147 ], [ 80.1987255, 30.6230118 ], [ 80.1987147, 30.6231688 ], [ 80.1985216, 30.6236304 ], [ 80.198307, 30.6238797 ], [ 80.1981461, 30.624129 ], [ 80.1980495, 30.6245721 ], [ 80.1980817, 30.625043 ], [ 80.1981676, 30.6253384 ], [ 80.1982641, 30.6254769 ], [ 80.198307, 30.6257908 ], [ 80.1984036, 30.6260955 ], [ 80.1984358, 30.6264093 ], [ 80.1984465, 30.626871 ], [ 80.1984036, 30.627231 ], [ 80.1982319, 30.627508 ], [ 80.1981246, 30.6276372 ], [ 80.1980924, 30.6277942 ], [ 80.1981568, 30.628422 ], [ 80.1981997, 30.6287358 ], [ 80.1982534, 30.6288836 ], [ 80.1985216, 30.629299 ], [ 80.1986182, 30.6295944 ], [ 80.1986182, 30.6297421 ], [ 80.1983607, 30.6301945 ], [ 80.1980495, 30.6305915 ], [ 80.1977813, 30.6307853 ], [ 80.1973629, 30.6310623 ], [ 80.1971376, 30.63133 ], [ 80.197041, 30.6314869 ], [ 80.1970196, 30.6322993 ], [ 80.1967513, 30.6328071 ], [ 80.1966333, 30.6329363 ], [ 80.1964831, 30.6330194 ], [ 80.1963007, 30.6334533 ], [ 80.1960862, 30.6340718 ], [ 80.1960003, 30.6342103 ], [ 80.1953673, 30.6347826 ], [ 80.195142, 30.6350411 ], [ 80.1950884, 30.6353365 ], [ 80.1949811, 30.6355765 ], [ 80.1948738, 30.6362689 ], [ 80.1947236, 30.636555 ], [ 80.1944554, 30.6368043 ], [ 80.1942944, 30.6368966 ], [ 80.1940155, 30.6371274 ], [ 80.1938331, 30.6370997 ], [ 80.1936293, 30.6371089 ], [ 80.1934469, 30.6371551 ], [ 80.193243, 30.6372105 ], [ 80.1930821, 30.6372751 ], [ 80.1926315, 30.6375797 ], [ 80.1921916, 30.6379305 ], [ 80.1918805, 30.6381428 ], [ 80.1917088, 30.6381982 ], [ 80.1915049, 30.6381982 ], [ 80.1911402, 30.6381336 ], [ 80.190947, 30.6381059 ], [ 80.1907647, 30.638069 ], [ 80.1905715, 30.6380597 ], [ 80.1888013, 30.6380597 ], [ 80.1884365, 30.6381613 ], [ 80.1882648, 30.6382351 ], [ 80.1877499, 30.6384013 ], [ 80.1875567, 30.638429 ], [ 80.1873636, 30.6384567 ], [ 80.1871812, 30.6384844 ], [ 80.1869774, 30.6384844 ], [ 80.186795, 30.6384382 ], [ 80.1863336, 30.6381613 ], [ 80.1861513, 30.6381151 ], [ 80.1858187, 30.6382905 ], [ 80.185411, 30.638669 ], [ 80.1852929, 30.638789 ], [ 80.1851213, 30.6388905 ], [ 80.1849711, 30.6389921 ], [ 80.1848102, 30.6390936 ], [ 80.1846385, 30.6391582 ], [ 80.1842308, 30.6391582 ], [ 80.1840269, 30.639149 ], [ 80.1836407, 30.6391398 ], [ 80.1834476, 30.6391305 ], [ 80.1832437, 30.6391305 ], [ 80.1830721, 30.6391859 ], [ 80.1829111, 30.6392598 ], [ 80.1826858, 30.6392875 ], [ 80.1823103, 30.6392875 ], [ 80.1817417, 30.6393244 ], [ 80.1815486, 30.6393244 ], [ 80.1812482, 30.6393705 ], [ 80.1810765, 30.6394721 ], [ 80.1809156, 30.6395644 ], [ 80.1807332, 30.6396013 ], [ 80.1805401, 30.6396198 ], [ 80.180347, 30.6396567 ], [ 80.1801968, 30.6397675 ], [ 80.180068, 30.6398875 ], [ 80.1798856, 30.6399521 ], [ 80.1797032, 30.6399983 ], [ 80.1795101, 30.6399983 ], [ 80.1793277, 30.6399706 ], [ 80.1791453, 30.6399059 ], [ 80.1789737, 30.6398413 ], [ 80.1788127, 30.639749 ], [ 80.1787054, 30.639629 ], [ 80.1785767, 30.6394998 ], [ 80.1784372, 30.639389 ], [ 80.178287, 30.6393059 ], [ 80.1777828, 30.6391675 ], [ 80.1771927, 30.6391582 ], [ 80.177021, 30.6391121 ], [ 80.1768708, 30.6390198 ], [ 80.1767743, 30.6388721 ], [ 80.1766133, 30.6387613 ], [ 80.1764309, 30.6386967 ], [ 80.1762164, 30.638669 ], [ 80.1756477, 30.6386044 ], [ 80.1754546, 30.6386228 ], [ 80.1752722, 30.6386321 ], [ 80.1751006, 30.6385398 ], [ 80.1749825, 30.6384197 ], [ 80.1749074, 30.6382628 ], [ 80.1746392, 30.6380413 ], [ 80.1744783, 30.6379305 ], [ 80.1743173, 30.6378567 ], [ 80.1741457, 30.637792 ], [ 80.1738131, 30.6376074 ], [ 80.1736843, 30.6374966 ], [ 80.1732016, 30.6372289 ], [ 80.172869, 30.6369705 ], [ 80.1727724, 30.6368043 ], [ 80.1726758, 30.6366658 ], [ 80.1725471, 30.6365458 ], [ 80.1723862, 30.6364535 ], [ 80.1719785, 30.6363243 ], [ 80.1717639, 30.6363058 ], [ 80.17156, 30.6362966 ], [ 80.1711523, 30.6362596 ], [ 80.1708412, 30.636075 ], [ 80.1704872, 30.6358719 ], [ 80.1699936, 30.6356596 ], [ 80.169661, 30.6354842 ], [ 80.1693714, 30.6352719 ], [ 80.1690173, 30.6351334 ], [ 80.1682234, 30.6347549 ], [ 80.1680303, 30.6347365 ], [ 80.1678586, 30.6346811 ], [ 80.1676655, 30.634598 ], [ 80.1671827, 30.6343857 ], [ 80.1668286, 30.6342657 ], [ 80.1664102, 30.6341087 ], [ 80.1662278, 30.6340533 ], [ 80.1660776, 30.6339703 ], [ 80.1659703, 30.633841 ], [ 80.1658845, 30.6336748 ], [ 80.1657021, 30.6331763 ], [ 80.1656699, 30.6330286 ], [ 80.1656055, 30.6328532 ], [ 80.1654339, 30.6325486 ], [ 80.1653373, 30.6324101 ], [ 80.1648331, 30.6321609 ], [ 80.1646614, 30.6321147 ], [ 80.1645005, 30.6320039 ], [ 80.1642859, 30.631727 ], [ 80.1640177, 30.6312931 ], [ 80.1638138, 30.6310069 ], [ 80.1637173, 30.6308592 ], [ 80.1635134, 30.6305638 ], [ 80.1632452, 30.630333 ], [ 80.1631701, 30.6301853 ], [ 80.1631057, 30.6300006 ], [ 80.1626336, 30.6294559 ], [ 80.1624298, 30.6294282 ], [ 80.1620543, 30.6293359 ], [ 80.1618826, 30.6292713 ], [ 80.1615393, 30.6291513 ], [ 80.1613569, 30.6291144 ], [ 80.1611853, 30.629059 ], [ 80.160799, 30.6289851 ], [ 80.1606166, 30.6289851 ], [ 80.1600695, 30.6291697 ], [ 80.1594472, 30.6291974 ], [ 80.1592326, 30.6292344 ], [ 80.1590502, 30.6293267 ], [ 80.1589107, 30.6294375 ], [ 80.1587391, 30.6295113 ], [ 80.1583528, 30.6295944 ] ] } },
{ "type": "Feature", "properties": { "full_id": "w1021403034", "osm_id": "1021403034", "osm_type": "way", "waterway": "river", "intermittent": null, "alt_name": null, "wikidata": null, "name:uk": null, "layer": null, "width": null, "tunnel": null, "name:ml": null, "name:kn": null, "name:hi": null, "name:en": null, "name": "Ramganga", "int_name": null, "boat": "no" }, "geometry": { "type": "LineString", "coordinates": [ [ 78.7747031, 28.8542542 ], [ 78.7746415, 28.8540404 ], [ 78.7746146, 28.8538267 ], [ 78.7746334, 28.8536646 ], [ 78.774797, 28.8532112 ], [ 78.7749848, 28.8528658 ], [ 78.7755212, 28.8522127 ], [ 78.7760657, 28.8516912 ], [ 78.7764975, 28.8513318 ], [ 78.7770554, 28.8509817 ], [ 78.7777314, 28.8507468 ], [ 78.7782544, 28.8505941 ], [ 78.7788123, 28.8504555 ], [ 78.7794694, 28.8502487 ], [ 78.7797913, 28.8501195 ], [ 78.7805199, 28.8499032 ] ] } },
{ "type": "Feature", "properties": { "full_id": "w1056233049", "osm_id": "1056233049", "osm_type": "way", "waterway": "river", "intermittent": null, "alt_name": "Hoti River", "wikidata": null, "name:uk": null, "layer": null, "width": null, "tunnel": null, "name:ml": null, "name:kn": null, "name:hi": null, "name:en": "Kio Gad", "name": "Kio Gad", "int_name": null, "boat": null }, "geometry": { "type": "LineString", "coordinates": [ [ 80.0256836, 30.7338283 ], [ 80.0252616, 30.7329 ], [ 80.0248754, 30.7324481 ], [ 80.0241011, 30.7318118 ], [ 80.0238849, 30.7317034 ], [ 80.0237617, 30.7315735 ], [ 80.0237078, 30.731303 ], [ 80.0235361, 30.7311692 ], [ 80.0232232, 30.7310647 ], [ 80.0227262, 30.7311728 ], [ 80.0225169, 30.7310927 ], [ 80.0223863, 30.7309849 ], [ 80.0223253, 30.7308525 ], [ 80.0222691, 30.7306413 ], [ 80.0219092, 30.7303133 ], [ 80.0217426, 30.7302425 ], [ 80.021662, 30.72999 ], [ 80.021736, 30.7298443 ], [ 80.0216812, 30.7296777 ], [ 80.0212061, 30.7292572 ], [ 80.0203907, 30.7286669 ], [ 80.0196694, 30.7279634 ], [ 80.0178909, 30.7267855 ], [ 80.0162172, 30.7263797 ], [ 80.0145429, 30.7254653 ], [ 80.0132775, 30.7250701 ], [ 80.0112444, 30.7243169 ], [ 80.009458, 30.723908 ], [ 80.0086337, 30.7236491 ], [ 80.0076377, 30.7233362 ], [ 80.0068295, 30.7225185 ], [ 80.005846, 30.7220635 ], [ 80.0055085, 30.7210413 ], [ 80.0054455, 30.7208506 ], [ 80.0043726, 30.7203848 ], [ 80.0028705, 30.7194256 ], [ 80.0014972, 30.7194625 ], [ 79.9998021, 30.7187615 ], [ 79.9978682, 30.7178627 ], [ 79.9960446, 30.7175849 ], [ 79.994352, 30.7171499 ], [ 79.9935058, 30.7164701 ], [ 79.9928527, 30.715529 ], [ 79.9909058, 30.7141534 ], [ 79.9890893, 30.7122763 ], [ 79.9883231, 30.7112919 ], [ 79.9877732, 30.71066 ], [ 79.9873137, 30.7104305 ], [ 79.9868709, 30.7101195 ], [ 79.9867658, 30.7100456 ], [ 79.9864985, 30.7093067 ], [ 79.9863615, 30.7088876 ], [ 79.9862781, 30.70849 ], [ 79.9860087, 30.7081709 ], [ 79.9856227, 30.7081137 ] ] } },
{ "type": "Feature", "properties": { "full_id": "w1067538212", "osm_id": "1067538212", "osm_type": "way", "waterway": "river", "intermittent": null, "alt_name": null, "wikidata": null, "name:uk": null, "layer": null, "width": null, "tunnel": null, "name:ml": null, "name:kn": null, "name:hi": null, "name:en": null, "name": null, "int_name": null, "boat": null }, "geometry": { "type": "LineString", "coordinates": [ [ 79.2966681, 30.2945262 ], [ 79.2941426, 30.2929002 ], [ 79.2928367, 30.2928037 ], [ 79.2923623, 30.2927687 ], [ 79.2917929, 30.2929902 ], [ 79.2914456, 30.2932919 ] ] } },
{ "type": "Feature", "properties": { "full_id": "w1067538213", "osm_id": "1067538213", "osm_type": "way", "waterway": "river", "intermittent": null, "alt_name": null, "wikidata": null, "name:uk": null, "layer": null, "width": null, "tunnel": null, "name:ml": null, "name:kn": null, "name:hi": null, "name:en": null, "name": null, "int_name": null, "boat": null }, "geometry": { "type": "LineString", "coordinates": [ [ 79.2928367, 30.2928037 ], [ 79.2921938, 30.2924778 ], [ 79.2911834, 30.2924917 ], [ 79.2901649, 30.292374 ], [ 79.2887455, 30.2924432 ], [ 79.2875426, 30.2926025 ], [ 79.2842947, 30.2939874 ], [ 79.2837975, 30.2947352 ], [ 79.2832362, 30.2958569 ], [ 79.2830838, 30.2961616 ], [ 79.2827737, 30.2962813 ] ] } },
{ "type": "Feature", "properties": { "full_id": "w1072054301", "osm_id": "1072054301", "osm_type": "way", "waterway": "river", "intermittent": null, "alt_name": null, "wikidata": null, "name:uk": null, "layer": null, "width": null, "tunnel": null, "name:ml": null, "name:kn": null, "name:hi": null, "name:en": null, "name": "Balkhila Nala", "int_name": null, "boat": null }, "geometry": { "type": "LineString", "coordinates": [ [ 79.2590081, 30.5025212 ], [ 79.2593944, 30.5020729 ], [ 79.2594373, 30.5016199 ], [ 79.2591905, 30.5006216 ], [ 79.2587614, 30.4990593 ], [ 79.2589974, 30.4981441 ], [ 79.2594051, 30.4962397 ], [ 79.2591262, 30.4951303 ], [ 79.2585039, 30.4932814 ], [ 79.2583966, 30.4913954 ], [ 79.2578816, 30.4901751 ], [ 79.2572808, 30.488289 ], [ 79.2574203, 30.4875863 ], [ 79.258182, 30.4864307 ], [ 79.2578494, 30.4854969 ], [ 79.2580318, 30.4842302 ], [ 79.2584395, 30.4836616 ], [ 79.2595285, 30.4826445 ], [ 79.2615241, 30.4807491 ], [ 79.2621249, 30.4796719 ], [ 79.262259, 30.4788952 ], [ 79.2630958, 30.4776655 ], [ 79.2635572, 30.4761398 ], [ 79.2634714, 30.4747898 ], [ 79.2634821, 30.4736524 ], [ 79.2642546, 30.4721175 ], [ 79.2645256, 30.4688739 ], [ 79.2645335, 30.4687793 ], [ 79.266057, 30.4681875 ], [ 79.2674303, 30.4674662 ], [ 79.2698335, 30.4648029 ], [ 79.2707189, 30.4609966 ], [ 79.2715329, 30.4603755 ], [ 79.2713577, 30.4587524 ], [ 79.2752328, 30.4572437 ] ] } },
{ "type": "Feature", "properties": { "full_id": "w1072054302", "osm_id": "1072054302", "osm_type": "way", "waterway": "river", "intermittent": null, "alt_name": null, "wikidata": null, "name:uk": null, "layer": null, "width": null, "tunnel": null, "name:ml": null, "name:kn": null, "name:hi": null, "name:en": null, "name": "Amrit Ganga", "int_name": null, "boat": null }, "geometry": { "type": "LineString", "coordinates": [ [ 79.2922467, 30.4855313 ], [ 79.2901754, 30.4843689 ], [ 79.2897785, 30.4838604 ], [ 79.289757, 30.4831392 ], [ 79.2903252, 30.4818496 ], [ 79.2906046, 30.4803561 ], [ 79.2904544, 30.4796349 ], [ 79.2899385, 30.4790452 ], [ 79.2886305, 30.4779983 ], [ 79.2886519, 30.4775453 ], [ 79.2891669, 30.4770922 ], [ 79.2893278, 30.4768795 ], [ 79.2891884, 30.4767686 ], [ 79.2886202, 30.4767388 ], [ 79.2881799, 30.4766669 ], [ 79.2877078, 30.4764357 ], [ 79.2876434, 30.4757977 ], [ 79.2882931, 30.4753686 ], [ 79.2885017, 30.4749701 ], [ 79.2889255, 30.4747436 ], [ 79.2890221, 30.4744477 ], [ 79.2888558, 30.4742072 ], [ 79.2883837, 30.4741333 ], [ 79.2880136, 30.4738836 ], [ 79.2869056, 30.4732497 ], [ 79.283388, 30.4711479 ], [ 79.2829603, 30.4707582 ], [ 79.2821503, 30.470527 ], [ 79.2813992, 30.4702311 ], [ 79.280542, 30.4696194 ], [ 79.2800676, 30.4688422 ], [ 79.2796987, 30.4686637 ], [ 79.2795485, 30.4683308 ], [ 79.2797527, 30.4678025 ], [ 79.2797148, 30.467406 ], [ 79.2792487, 30.4670812 ], [ 79.2789372, 30.4664703 ], [ 79.2791355, 30.4657554 ], [ 79.2793179, 30.4654872 ], [ 79.2791784, 30.4652468 ], [ 79.2788782, 30.4651101 ], [ 79.2786204, 30.4649479 ], [ 79.2785615, 30.4646873 ], [ 79.278599, 30.464137 ], [ 79.2789531, 30.4635359 ], [ 79.2786257, 30.4633517 ], [ 79.277907, 30.4629487 ], [ 79.2776763, 30.4629025 ], [ 79.2773116, 30.4628932 ], [ 79.2769629, 30.4627499 ], [ 79.2767897, 30.4623705 ], [ 79.2763835, 30.4620517 ], [ 79.276269, 30.4615977 ], [ 79.2764347, 30.4608717 ], [ 79.2758842, 30.4603907 ], [ 79.2749031, 30.4599523 ], [ 79.2749542, 30.4594418 ], [ 79.2752427, 30.4584568 ], [ 79.2752328, 30.4572437 ] ] } },
{ "type": "Feature", "properties": { "full_id": "w1072054307", "osm_id": "1072054307", "osm_type": "way", "waterway": "river", "intermittent": null, "alt_name": null, "wikidata": null, "name:uk": null, "layer": null, "width": null, "tunnel": null, "name:ml": null, "name:kn": null, "name:hi": null, "name:en": null, "name": "Mena Nadi", "int_name": null, "boat": null }, "geometry": { "type": "LineString", "coordinates": [ [ 79.3539073, 30.5192016 ], [ 79.3556797, 30.5187583 ], [ 79.3569732, 30.5174908 ], [ 79.357928, 30.5169917 ], [ 79.359473, 30.5163355 ], [ 79.3609965, 30.51567 ], [ 79.3630671, 30.5145793 ], [ 79.3641615, 30.5128324 ], [ 79.3651056, 30.5115384 ], [ 79.365803, 30.5106695 ], [ 79.3660927, 30.5083772 ], [ 79.3660712, 30.5069906 ], [ 79.3663609, 30.5063621 ], [ 79.3669832, 30.5061587 ], [ 79.3681955, 30.5063343 ], [ 79.3693113, 30.5069074 ], [ 79.370749, 30.5070553 ], [ 79.3718487, 30.5065747 ], [ 79.3732381, 30.5051234 ], [ 79.3748689, 30.5041436 ], [ 79.3767035, 30.5032284 ], [ 79.3786561, 30.5020267 ], [ 79.38048, 30.5012779 ], [ 79.3835592, 30.5019897 ], [ 79.3855333, 30.5010098 ], [ 79.3867457, 30.5015645 ], [ 79.3878829, 30.5034225 ], [ 79.3892455, 30.50382 ], [ 79.3908334, 30.5054654 ], [ 79.3919277, 30.5062789 ], [ 79.3948674, 30.5076839 ], [ 79.3981075, 30.5078318 ], [ 79.3992494, 30.5079122 ], [ 79.4015193, 30.5080721 ], [ 79.4053817, 30.5074251 ], [ 79.4076776, 30.5077579 ], [ 79.4100594, 30.5066394 ], [ 79.4116258, 30.5061495 ], [ 79.4138574, 30.5052251 ], [ 79.414233, 30.5047721 ], [ 79.4135034, 30.5026923 ], [ 79.4151878, 30.5008434 ], [ 79.4169903, 30.4986618 ], [ 79.4182777, 30.4983105 ], [ 79.4195866, 30.4969423 ], [ 79.4202733, 30.4956111 ], [ 79.4202733, 30.4923754 ], [ 79.4188571, 30.4915248 ], [ 79.4189644, 30.4903784 ], [ 79.4207883, 30.4879562 ], [ 79.4206595, 30.4862365 ], [ 79.4196725, 30.4836847 ], [ 79.4190287, 30.4819465 ], [ 79.4191575, 30.4809294 ], [ 79.4184065, 30.4788952 ], [ 79.4175374, 30.4764727 ], [ 79.4176125, 30.4747528 ], [ 79.4185567, 30.4709431 ], [ 79.4190042, 30.4707807 ], [ 79.4195759, 30.4705732 ], [ 79.4206703, 30.469556 ], [ 79.4219363, 30.4680765 ], [ 79.4248223, 30.4665414 ], [ 79.4279551, 30.4647659 ], [ 79.4308948, 30.4641001 ], [ 79.4327188, 30.4635829 ] ] } },
{ "type": "Feature", "properties": { "full_id": "w1074462194", "osm_id": "1074462194", "osm_type": "way", "waterway": "river", "intermittent": null, "alt_name": null, "wikidata": null, "name:uk": null, "layer": null, "width": null, "tunnel": null, "name:ml": null, "name:kn": null, "name:hi": null, "name:en": null, "name": "Rishi Ganga", "int_name": null, "boat": null }, "geometry": { "type": "LineString", "coordinates": [ [ 79.9036503, 30.415075 ], [ 79.9018049, 30.4155376 ], [ 79.8999166, 30.4160187 ], [ 79.8980713, 30.4161483 ], [ 79.8968482, 30.4162038 ], [ 79.8957753, 30.4166664 ], [ 79.8952603, 30.417166 ], [ 79.8949331, 30.4179709 ], [ 79.8947453, 30.4189424 ], [ 79.8941445, 30.4194975 ], [ 79.8932647, 30.41959 ], [ 79.892106, 30.4201451 ], [ 79.8903894, 30.4205892 ], [ 79.8886943, 30.4209408 ], [ 79.8866558, 30.4211443 ], [ 79.8839092, 30.4211998 ], [ 79.8818922, 30.4212369 ], [ 79.879725, 30.4216624 ], [ 79.8783731, 30.4220325 ], [ 79.8771286, 30.4229947 ], [ 79.8753691, 30.4233832 ], [ 79.873352, 30.4234202 ], [ 79.8720646, 30.4230132 ], [ 79.8712063, 30.4226246 ], [ 79.8694038, 30.4226246 ], [ 79.8678159, 30.4229392 ], [ 79.8657989, 30.4234572 ], [ 79.863503, 30.4239383 ], [ 79.8619151, 30.4241419 ], [ 79.8599839, 30.4244934 ], [ 79.8587501, 30.4248357 ], [ 79.8573124, 30.4253538 ], [ 79.8553598, 30.4257701 ], [ 79.8535037, 30.4266212 ], [ 79.8505211, 30.4279349 ], [ 79.8494482, 30.4283604 ], [ 79.8477101, 30.4284715 ], [ 79.844706, 30.4283974 ], [ 79.8426032, 30.4281754 ], [ 79.8407364, 30.4282494 ], [ 79.839395, 30.4285239 ], [ 79.8382044, 30.4287675 ], [ 79.8361444, 30.4294706 ], [ 79.8351574, 30.4299146 ], [ 79.8321319, 30.4315335 ], [ 79.8301792, 30.4324308 ], [ 79.8283883, 30.4336056 ], [ 79.8279476, 30.4339202 ], [ 79.8276687, 30.4349285 ], [ 79.8271, 30.4356593 ], [ 79.8257804, 30.4359645 ], [ 79.8250294, 30.4365935 ], [ 79.8243534, 30.4375648 ], [ 79.8232055, 30.4383603 ], [ 79.821918, 30.4388321 ], [ 79.8201799, 30.4391928 ], [ 79.8194504, 30.4398681 ], [ 79.8181629, 30.4413111 ], [ 79.8173904, 30.4419956 ], [ 79.8166072, 30.4424303 ], [ 79.8150945, 30.4433645 ], [ 79.8142469, 30.4438548 ], [ 79.8132276, 30.4445947 ], [ 79.8127019, 30.4452422 ], [ 79.8118007, 30.4455289 ], [ 79.8106098, 30.4456954 ], [ 79.8099124, 30.4457972 ], [ 79.8088932, 30.4466111 ], [ 79.8079061, 30.4471106 ], [ 79.8067045, 30.4471568 ], [ 79.804151, 30.4477488 ], [ 79.8031264, 30.4480262 ], [ 79.8019516, 30.4482575 ], [ 79.8009914, 30.4490483 ], [ 79.7999132, 30.4492101 ], [ 79.7989368, 30.4496356 ], [ 79.7981751, 30.4500611 ], [ 79.7962117, 30.4500611 ], [ 79.7943878, 30.4504125 ], [ 79.7931862, 30.450394 ], [ 79.792124, 30.4506345 ], [ 79.7909975, 30.4510784 ], [ 79.7898763, 30.4512218 ], [ 79.7896062, 30.4511816 ], [ 79.7888517, 30.4510692 ], [ 79.7883689, 30.4509443 ], [ 79.786663, 30.450838 ], [ 79.7860193, 30.4508842 ], [ 79.7845602, 30.4514299 ], [ 79.7837877, 30.4522438 ], [ 79.7839057, 30.4529929 ], [ 79.7840452, 30.4541398 ], [ 79.7836482, 30.4550092 ], [ 79.7827363, 30.4554438 ], [ 79.7820067, 30.456156 ], [ 79.7818565, 30.4570161 ], [ 79.7815883, 30.4580981 ], [ 79.7801828, 30.4585328 ], [ 79.7787988, 30.4589859 ], [ 79.7777581, 30.459772 ], [ 79.7762668, 30.4604102 ], [ 79.7753763, 30.4603454 ], [ 79.7749471, 30.4597536 ], [ 79.7746253, 30.4592542 ], [ 79.774505, 30.4592127 ], [ 79.7740888, 30.4590692 ], [ 79.7725224, 30.4597905 ], [ 79.7715139, 30.459957 ], [ 79.7695184, 30.460142 ], [ 79.7684991, 30.4601327 ], [ 79.7673833, 30.4602344 ], [ 79.7663855, 30.4609743 ], [ 79.7650874, 30.4615754 ], [ 79.7641218, 30.4619638 ], [ 79.7634137, 30.4626204 ], [ 79.7621369, 30.4636932 ], [ 79.7600341, 30.464137 ], [ 79.760077, 30.4652283 ], [ 79.7606134, 30.4667079 ], [ 79.7607207, 30.4672997 ], [ 79.7599482, 30.4687053 ], [ 79.7590041, 30.4699444 ], [ 79.7582316, 30.4704253 ], [ 79.7565043, 30.4708506 ], [ 79.7549057, 30.4719973 ], [ 79.7541495, 30.4721952 ], [ 79.7534573, 30.4723764 ], [ 79.7517514, 30.4724226 ], [ 79.7504425, 30.4724041 ], [ 79.7490907, 30.472774 ], [ 79.7471809, 30.4723487 ], [ 79.7456789, 30.4722007 ], [ 79.743855, 30.471387 ], [ 79.7414732, 30.4707952 ], [ 79.7403896, 30.4700369 ], [ 79.739145, 30.4698242 ], [ 79.7381365, 30.4695283 ], [ 79.7372031, 30.4686683 ], [ 79.7362375, 30.4682799 ], [ 79.7355938, 30.4673922 ], [ 79.7344136, 30.4670963 ], [ 79.7330618, 30.4668003 ], [ 79.7322186, 30.4665454 ], [ 79.7309911, 30.4665229 ], [ 79.7296822, 30.4675679 ], [ 79.7289419, 30.4680395 ], [ 79.7278047, 30.4687238 ], [ 79.7261202, 30.4688902 ], [ 79.72435, 30.4692047 ], [ 79.722569, 30.4696115 ], [ 79.721142, 30.46963 ], [ 79.7197366, 30.4688255 ], [ 79.7177624, 30.4688163 ], [ 79.7171938, 30.4687423 ], [ 79.7153914, 30.4677898 ], [ 79.7140932, 30.4679655 ], [ 79.7130847, 30.468955 ], [ 79.7115934, 30.4693156 ], [ 79.7105634, 30.4694451 ], [ 79.7094583, 30.4698704 ], [ 79.7090781, 30.4700153 ], [ 79.7082674, 30.4702819 ], [ 79.7072911, 30.4710818 ], [ 79.7062611, 30.472136 ], [ 79.7049737, 30.472885 ], [ 79.7045016, 30.4736155 ], [ 79.7034931, 30.4740963 ], [ 79.7025382, 30.474984 ], [ 79.7018516, 30.4757607 ], [ 79.700768, 30.4767593 ], [ 79.6998882, 30.4774251 ], [ 79.6993303, 30.4782202 ], [ 79.6986759, 30.4789322 ], [ 79.6976137, 30.4795055 ], [ 79.6970451, 30.4800972 ], [ 79.69697, 30.4810958 ], [ 79.6964872, 30.4822978 ], [ 79.6957362, 30.4832039 ], [ 79.6944916, 30.4840175 ], [ 79.694159, 30.4847479 ], [ 79.693959, 30.4850778 ], [ 79.6937889, 30.4853582 ], [ 79.6929037, 30.4860516 ], [ 79.6922815, 30.4865786 ], [ 79.6911764, 30.4872258 ], [ 79.6902371, 30.4877383 ] ] } },
{ "type": "Feature", "properties": { "full_id": "w1076301111", "osm_id": "1076301111", "osm_type": "way", "waterway": "river", "intermittent": null, "alt_name": null, "wikidata": null, "name:uk": null, "layer": null, "width": null, "tunnel": null, "name:ml": null, "name:kn": null, "name:hi": null, "name:en": null, "name": "Bedni Ganga", "int_name": null, "boat": null }, "geometry": { "type": "LineString", "coordinates": [ [ 79.6269441, 30.1424192 ], [ 79.6270275, 30.1421684 ], [ 79.627566, 30.1417832 ], [ 79.6278354, 30.1414686 ], [ 79.6280109, 30.1409077 ], [ 79.6283426, 30.1405685 ], [ 79.628516, 30.1402046 ], [ 79.6286201, 30.1400061 ], [ 79.6286342, 30.139852 ], [ 79.6283741, 30.1394944 ], [ 79.6275323, 30.1389095 ], [ 79.6274979, 30.1384933 ], [ 79.6279254, 30.1379098 ], [ 79.6280325, 30.137418 ], [ 79.6283769, 30.1371925 ], [ 79.6285147, 30.1368819 ], [ 79.6283632, 30.136506 ], [ 79.628436, 30.1361032 ], [ 79.6288398, 30.1358879 ], [ 79.6290313, 30.1351288 ], [ 79.629258, 30.1348789 ], [ 79.630545, 30.1344198 ], [ 79.6318759, 30.1341741 ], [ 79.6332705, 30.1339946 ], [ 79.6339113, 30.1325264 ], [ 79.6346607, 30.1321485 ], [ 79.6347001, 30.1315983 ], [ 79.6352421, 30.1308842 ], [ 79.6356238, 30.129843 ], [ 79.635615, 30.1295428 ], [ 79.6356077, 30.1291219 ], [ 79.6355888, 30.1282971 ], [ 79.6364804, 30.1259026 ], [ 79.6378454, 30.1257688 ], [ 79.6388419, 30.1252335 ], [ 79.6400033, 30.1259608 ], [ 79.6403184, 30.1256703 ], [ 79.6405302, 30.1254443 ], [ 79.6409358, 30.1254092 ], [ 79.6412152, 30.1255846 ], [ 79.6414389, 30.1254379 ], [ 79.6416961, 30.1236095 ], [ 79.6437381, 30.1216852 ], [ 79.6466436, 30.120522 ], [ 79.6468096, 30.1193157 ], [ 79.6456308, 30.1192008 ], [ 79.6458466, 30.1186695 ], [ 79.6481274, 30.1184585 ], [ 79.6500304, 30.1166015 ], [ 79.654098, 30.1158404 ], [ 79.6549779, 30.1151798 ], [ 79.6541312, 30.1139303 ], [ 79.654945, 30.1127998 ], [ 79.6557362, 30.1112397 ], [ 79.6559242, 30.1111442 ], [ 79.6590455, 30.1098659 ], [ 79.6613698, 30.1090042 ], [ 79.6626814, 30.1074818 ], [ 79.6629094, 30.1055159 ], [ 79.6634825, 30.1051679 ] ] } },
{ "type": "Feature", "properties": { "full_id": "w1207786639", "osm_id": "1207786639", "osm_type": "way", "waterway": "river", "intermittent": null, "alt_name": null, "wikidata": null, "name:uk": null, "layer": null, "width": null, "tunnel": null, "name:ml": null, "name:kn": "ರಾಮಗಂಗಾ", "name:hi": null, "name:en": null, "name": "Ramganga", "int_name": null, "boat": null }, "geometry": { "type": "LineString", "coordinates": [ [ 78.7089193, 29.06054 ], [ 78.7098205, 29.0594709 ], [ 78.7112841, 29.0584752 ], [ 78.7117896, 29.058031 ], [ 78.7126352, 29.0571224 ], [ 78.7129211, 29.0566621 ], [ 78.7130736, 29.0561147 ], [ 78.7131195, 29.0553919 ], [ 78.7129641, 29.0546175 ], [ 78.7126686, 29.053956 ], [ 78.7121594, 29.0532623 ], [ 78.7110329, 29.052573 ], [ 78.7103976, 29.052476 ], [ 78.708517, 29.0529575 ], [ 78.7075664, 29.0533999 ], [ 78.7066957, 29.0534148 ], [ 78.7056835, 29.0532759 ], [ 78.705056, 29.0529688 ], [ 78.7046921, 29.0526433 ], [ 78.7043388, 29.0518675 ], [ 78.704002, 29.0501825 ], [ 78.70321, 29.0478788 ], [ 78.7032705, 29.0471378 ], [ 78.7035642, 29.0463284 ], [ 78.7044436, 29.0455534 ], [ 78.7056502, 29.0453424 ], [ 78.70663, 29.0453436 ], [ 78.7094981, 29.0464894 ], [ 78.711863, 29.0477281 ], [ 78.7127763, 29.0482961 ], [ 78.7138698, 29.0487028 ], [ 78.7147014, 29.048793 ], [ 78.7154585, 29.0487369 ], [ 78.7162467, 29.0484319 ], [ 78.7166339, 29.0481568 ], [ 78.7171213, 29.0476704 ], [ 78.7172931, 29.0470862 ], [ 78.7175122, 29.0466283 ], [ 78.7190933, 29.045524 ], [ 78.7205815, 29.0439487 ], [ 78.7219125, 29.0422914 ], [ 78.7229833, 29.0407409 ], [ 78.7237027, 29.0390295 ], [ 78.7245392, 29.0361625 ], [ 78.7246563, 29.0349776 ], [ 78.7250244, 29.0337488 ], [ 78.7253022, 29.0312761 ] ] } },
{ "type": "Feature", "properties": { "full_id": "w1207786640", "osm_id": "1207786640", "osm_type": "way", "waterway": "river", "intermittent": null, "alt_name": null, "wikidata": null, "name:uk": null, "layer": null, "width": null, "tunnel": null, "name:ml": null, "name:kn": "ರಾಮಗಂಗಾ", "name:hi": null, "name:en": null, "name": "Ramganga", "int_name": null, "boat": null }, "geometry": { "type": "LineString", "coordinates": [ [ 78.6557081, 29.2475699 ], [ 78.6557499, 29.2469495 ], [ 78.6556997, 29.2462196 ], [ 78.6553233, 29.2447889 ], [ 78.6553245, 29.2441524 ], [ 78.6554488, 29.2432342 ], [ 78.6556161, 29.2426138 ], [ 78.6561013, 29.2415553 ], [ 78.6564191, 29.2411466 ], [ 78.6565363, 29.2406721 ], [ 78.6567454, 29.240256 ], [ 78.6567956, 29.2397378 ], [ 78.6573059, 29.2387158 ], [ 78.6577827, 29.2381902 ], [ 78.6587029, 29.2367814 ], [ 78.6596733, 29.235847 ], [ 78.6602254, 29.2354382 ], [ 78.6606772, 29.234971 ], [ 78.6609449, 29.2348104 ], [ 78.6619153, 29.2343578 ], [ 78.6641572, 29.2335256 ], [ 78.6647763, 29.2330146 ], [ 78.665412, 29.2322992 ], [ 78.6657466, 29.2314962 ], [ 78.6657801, 29.2311896 ], [ 78.6657299, 29.2305764 ], [ 78.6654288, 29.2299778 ], [ 78.6648432, 29.2291017 ], [ 78.6646257, 29.2285177 ], [ 78.6639564, 29.2273642 ], [ 78.6626012, 29.2258603 ], [ 78.6618985, 29.2255683 ], [ 78.6613464, 29.2252033 ], [ 78.6606772, 29.2249551 ], [ 78.6598908, 29.2248966 ], [ 78.6591881, 29.2250281 ], [ 78.6585523, 29.2253055 ], [ 78.6582846, 29.2255245 ], [ 78.6577158, 29.2267072 ], [ 78.6576154, 29.2273058 ], [ 78.6576154, 29.2279483 ], [ 78.6571804, 29.2291601 ], [ 78.6564944, 29.2293937 ], [ 78.6561431, 29.2293499 ], [ 78.6557917, 29.2292769 ], [ 78.6552563, 29.2288535 ], [ 78.6548715, 29.2279337 ], [ 78.6547879, 29.2273058 ], [ 78.6551392, 29.2258311 ], [ 78.6551225, 29.2252033 ], [ 78.6550054, 29.2246338 ], [ 78.6553065, 29.2232029 ], [ 78.6554404, 29.2219179 ], [ 78.6554236, 29.2209834 ], [ 78.6556913, 29.2204286 ], [ 78.6561765, 29.2186325 ], [ 78.6570298, 29.2176542 ], [ 78.6573477, 29.2175519 ], [ 78.6577158, 29.2175373 ], [ 78.6583683, 29.217625 ], [ 78.6586527, 29.2177856 ], [ 78.659071, 29.2182382 ], [ 78.6592383, 29.2191436 ], [ 78.6591714, 29.2194648 ], [ 78.658385, 29.220852 ], [ 78.6583181, 29.2211879 ], [ 78.6583181, 29.2218011 ], [ 78.6587698, 29.2222976 ], [ 78.6593554, 29.2226772 ], [ 78.6600247, 29.2228524 ], [ 78.661246, 29.2223706 ], [ 78.6616141, 29.2222684 ], [ 78.6622833, 29.2221954 ], [ 78.6630028, 29.22221 ], [ 78.663672, 29.222502 ], [ 78.6647763, 29.2227064 ], [ 78.6658303, 29.2226626 ], [ 78.6665163, 29.222502 ], [ 78.6668342, 29.2223706 ], [ 78.6673696, 29.2220056 ], [ 78.6680221, 29.2213339 ], [ 78.6683734, 29.2205016 ], [ 78.6684571, 29.2195962 ], [ 78.6680555, 29.2187055 ], [ 78.6679384, 29.2181068 ], [ 78.6679551, 29.2174935 ], [ 78.6681057, 29.2168802 ], [ 78.6685742, 29.216413 ], [ 78.6689088, 29.2163399 ], [ 78.6698959, 29.2159603 ], [ 78.67095, 29.2152009 ], [ 78.6712009, 29.2149673 ], [ 78.6713348, 29.2146898 ], [ 78.6719371, 29.2139451 ], [ 78.6726733, 29.2132588 ], [ 78.6742627, 29.2124994 ], [ 78.6755343, 29.2122074 ], [ 78.6759693, 29.212295 ], [ 78.6768895, 29.2128207 ], [ 78.6770902, 29.2130689 ], [ 78.6773579, 29.2136092 ], [ 78.677542, 29.2149965 ], [ 78.6783785, 29.2173475 ], [ 78.6783953, 29.2176834 ], [ 78.6786629, 29.2186763 ], [ 78.6786797, 29.2193772 ], [ 78.6784622, 29.2206184 ], [ 78.6781443, 29.2215383 ], [ 78.6780272, 29.2221808 ], [ 78.6780606, 29.2224874 ], [ 78.6781777, 29.2227794 ], [ 78.6783785, 29.2230569 ], [ 78.6786797, 29.2231737 ], [ 78.6794326, 29.2231591 ], [ 78.6807196, 29.2224526 ] ] } },
{ "type": "Feature", "properties": { "full_id": "w1207786641", "osm_id": "1207786641", "osm_type": "way", "waterway": "river", "intermittent": null, "alt_name": null, "wikidata": null, "name:uk": null, "layer": null, "width": null, "tunnel": null, "name:ml": null, "name:kn": "ರಾಮಗಂಗಾ", "name:hi": null, "name:en": null, "name": "Ramganga", "int_name": null, "boat": null }, "geometry": { "type": "LineString", "coordinates": [ [ 78.6427493, 29.2988597 ], [ 78.6428849, 29.2987722 ], [ 78.6433032, 29.2983625 ], [ 78.6437872, 29.2979686 ], [ 78.6441421, 29.2977434 ], [ 78.6445724, 29.2975465 ], [ 78.6449811, 29.2974433 ], [ 78.6458201, 29.2971337 ], [ 78.6463686, 29.296796 ], [ 78.6466805, 29.2965146 ], [ 78.6471538, 29.2956329 ], [ 78.6471538, 29.2954172 ], [ 78.6470677, 29.2952295 ], [ 78.6467988, 29.2949106 ], [ 78.6465945, 29.2948168 ], [ 78.6461212, 29.2948074 ], [ 78.6457663, 29.2950513 ], [ 78.6451532, 29.295314 ], [ 78.6442282, 29.2953327 ], [ 78.6439916, 29.2954078 ], [ 78.6433032, 29.2954453 ], [ 78.6430665, 29.2954078 ], [ 78.6426363, 29.2952577 ], [ 78.6422599, 29.2950888 ], [ 78.642077, 29.2949575 ], [ 78.6419694, 29.2947887 ], [ 78.6418081, 29.2942071 ], [ 78.6418081, 29.2940289 ], [ 78.641991, 29.2935036 ], [ 78.6424642, 29.2930908 ], [ 78.6428407, 29.2929032 ], [ 78.6432494, 29.2928 ], [ 78.6436259, 29.2926405 ], [ 78.6439163, 29.2922841 ], [ 78.6440776, 29.2919276 ], [ 78.6441099, 29.291543 ], [ 78.643841, 29.2909989 ], [ 78.6436904, 29.2903986 ], [ 78.6434107, 29.2898732 ], [ 78.6432709, 29.2897138 ], [ 78.6430665, 29.2896106 ], [ 78.6428514, 29.2895543 ], [ 78.6426256, 29.2895449 ], [ 78.6421523, 29.2896106 ], [ 78.6415715, 29.2900233 ], [ 78.6408186, 29.2908864 ], [ 78.6403991, 29.2915993 ], [ 78.6402485, 29.2919933 ], [ 78.6400226, 29.2923404 ], [ 78.6398505, 29.2924717 ], [ 78.6396354, 29.2925843 ], [ 78.6394311, 29.2924905 ], [ 78.6392805, 29.2923404 ], [ 78.6391944, 29.2921621 ], [ 78.6391944, 29.2917588 ], [ 78.639302, 29.2914023 ], [ 78.6393127, 29.2910271 ], [ 78.6394956, 29.290483 ], [ 78.6395816, 29.2903048 ], [ 78.6400764, 29.2898639 ], [ 78.6404636, 29.2893854 ], [ 78.6404851, 29.2890008 ], [ 78.6404529, 29.2888132 ], [ 78.6403561, 29.2886537 ], [ 78.6403345, 29.2884661 ], [ 78.6404636, 29.2880909 ], [ 78.6406787, 29.2877532 ], [ 78.6413456, 29.2872184 ], [ 78.6421953, 29.2869089 ], [ 78.6423567, 29.2867775 ], [ 78.6427654, 29.286618 ], [ 78.6433032, 29.2862803 ], [ 78.6435828, 29.2859707 ], [ 78.6436581, 29.2857737 ], [ 78.6437442, 29.2853985 ], [ 78.6437334, 29.2852015 ], [ 78.6436043, 29.2850045 ], [ 78.6433247, 29.284723 ], [ 78.6429913, 29.2846198 ], [ 78.6422706, 29.2846292 ], [ 78.6418081, 29.2845166 ], [ 78.6415822, 29.2844979 ], [ 78.6413456, 29.2844979 ], [ 78.6411197, 29.2845823 ], [ 78.6405497, 29.284967 ], [ 78.6403453, 29.2855298 ], [ 78.6399688, 29.2869182 ], [ 78.6397752, 29.2872747 ], [ 78.6396247, 29.2874342 ], [ 78.6389793, 29.2876875 ], [ 78.6385491, 29.2877532 ], [ 78.6378069, 29.2877813 ], [ 78.63714, 29.2879032 ], [ 78.6366775, 29.2878845 ], [ 78.6362903, 29.2877062 ], [ 78.6361182, 29.2875561 ], [ 78.6361075, 29.2873779 ], [ 78.6361828, 29.2871715 ], [ 78.6364302, 29.2868713 ], [ 78.6374089, 29.2864304 ], [ 78.6375595, 29.2862803 ], [ 78.6377531, 29.2859426 ], [ 78.6377854, 29.2855767 ], [ 78.6377316, 29.2853703 ], [ 78.6374627, 29.284845 ], [ 78.6375273, 29.2842821 ], [ 78.6375057, 29.284132 ], [ 78.6372584, 29.2835879 ], [ 78.6369464, 29.2832971 ], [ 78.63657, 29.2830625 ], [ 78.635688, 29.2828374 ], [ 78.6354299, 29.2828468 ], [ 78.6347415, 29.2830719 ], [ 78.6344403, 29.2833627 ], [ 78.6343865, 29.2835973 ], [ 78.6345479, 29.2843853 ], [ 78.6346769, 29.2847512 ], [ 78.6346662, 29.2849576 ], [ 78.6346017, 29.2851546 ], [ 78.6344188, 29.2852578 ], [ 78.6339563, 29.2853516 ], [ 78.6335153, 29.2852859 ], [ 78.6331066, 29.2851264 ], [ 78.6329345, 29.2849857 ], [ 78.6326656, 29.2842727 ], [ 78.632472, 29.283935 ], [ 78.6316223, 29.2829687 ], [ 78.6312458, 29.2824434 ], [ 78.6311598, 29.2822651 ], [ 78.6312028, 29.2820775 ], [ 78.6310845, 29.2815052 ], [ 78.6310414, 29.2807547 ], [ 78.6308048, 29.2804263 ], [ 78.63031, 29.2800135 ], [ 78.6298475, 29.2799291 ], [ 78.6293958, 29.2799854 ], [ 78.6291592, 29.2799572 ], [ 78.6289333, 29.2799009 ], [ 78.6285622, 29.2796664 ] ] } },
{ "type": "Feature", "properties": { "full_id": "w1207786642", "osm_id": "1207786642", "osm_type": "way", "waterway": "river", "intermittent": null, "alt_name": null, "wikidata": null, "name:uk": null, "layer": null, "width": null, "tunnel": null, "name:ml": null, "name:kn": "ರಾಮಗಂಗಾ", "name:hi": null, "name:en": null, "name": "Ramganga", "int_name": null, "boat": null }, "geometry": { "type": "LineString", "coordinates": [ [ 78.6340101, 29.3953716 ], [ 78.6349996, 29.3956574 ], [ 78.6355159, 29.3959105 ], [ 78.6355751, 29.3961775 ], [ 78.6358655, 29.3963322 ], [ 78.6361828, 29.3965664 ], [ 78.6367003, 29.3970269 ], [ 78.6369668, 29.3974193 ] ] } },
{ "type": "Feature", "properties": { "full_id": "w1211269649", "osm_id": "1211269649", "osm_type": "way", "waterway": "river", "intermittent": null, "alt_name": null, "wikidata": null, "name:uk": null, "layer": null, "width": null, "tunnel": null, "name:ml": null, "name:kn": null, "name:hi": null, "name:en": null, "name": "Ramganga", "int_name": null, "boat": "no" }, "geometry": { "type": "LineString", "coordinates": [ [ 78.797164, 28.8329635 ], [ 78.7970942, 28.8320894 ], [ 78.7969387, 28.8312858 ], [ 78.7968743, 28.8303553 ], [ 78.796649, 28.8298571 ], [ 78.7966275, 28.8294154 ], [ 78.7967241, 28.8288796 ], [ 78.7967616, 28.8282687 ], [ 78.7968421, 28.8277329 ], [ 78.7971532, 28.8271737 ], [ 78.7976521, 28.8266426 ], [ 78.7981778, 28.8263136 ], [ 78.7986899, 28.8260393 ] ] } },
{ "type": "Feature", "properties": { "full_id": "w1218028266", "osm_id": "1218028266", "osm_type": "way", "waterway": "river", "intermittent": null, "alt_name": null, "wikidata": null, "name:uk": null, "layer": null, "width": null, "tunnel": null, "name:ml": null, "name:kn": null, "name:hi": null, "name:en": null, "name": null, "int_name": null, "boat": null }, "geometry": { "type": "LineString", "coordinates": [ [ 79.2559666, 30.2905432 ], [ 79.2542267, 30.2897305 ], [ 79.253015, 30.2892927 ], [ 79.2516549, 30.2885098 ], [ 79.2505751, 30.2880044 ], [ 79.2488829, 30.2874407 ] ] } },
{ "type": "Feature", "properties": { "full_id": "w1219698563", "osm_id": "1219698563", "osm_type": "way", "waterway": "river", "intermittent": null, "alt_name": null, "wikidata": null, "name:uk": null, "layer": null, "width": null, "tunnel": null, "name:ml": null, "name:kn": null, "name:hi": null, "name:en": null, "name": "Dhauli Ganga", "int_name": null, "boat": null }, "geometry": { "type": "LineString", "coordinates": [ [ 79.6905699, 30.4879689 ], [ 79.6902371, 30.4877383 ] ] } },
{ "type": "Feature", "properties": { "full_id": "w1219698564", "osm_id": "1219698564", "osm_type": "way", "waterway": "river", "intermittent": null, "alt_name": null, "wikidata": null, "name:uk": null, "layer": null, "width": null, "tunnel": null, "name:ml": null, "name:kn": null, "name:hi": null, "name:en": null, "name": "Rishi Ganga", "int_name": null, "boat": null }, "geometry": { "type": "LineString", "coordinates": [ [ 79.9315452, 30.3538053 ], [ 79.9314165, 30.3552496 ], [ 79.9306011, 30.3579899 ], [ 79.9297428, 30.3599525 ], [ 79.929142, 30.3619521 ], [ 79.929142, 30.3638406 ], [ 79.9295711, 30.3652107 ], [ 79.9300861, 30.3659975 ], [ 79.931159, 30.3676175 ], [ 79.9311805, 30.3690615 ], [ 79.9310946, 30.3714497 ], [ 79.9315667, 30.3738193 ], [ 79.9320817, 30.3751893 ], [ 79.9318671, 30.3758187 ], [ 79.9309659, 30.3766887 ], [ 79.9300647, 30.3774662 ], [ 79.9295804, 30.3779455 ], [ 79.9293351, 30.3781882 ], [ 79.929142, 30.379447 ], [ 79.9284768, 30.3807613 ], [ 79.9286699, 30.3820015 ], [ 79.9278974, 30.3830752 ], [ 79.9276632, 30.3837895 ], [ 79.9272966, 30.3849077 ], [ 79.9267387, 30.3865551 ], [ 79.9256229, 30.3872955 ], [ 79.9251723, 30.3884246 ], [ 79.9249148, 30.3892946 ], [ 79.9243355, 30.3900349 ], [ 79.9239707, 30.3909789 ], [ 79.9229836, 30.3921265 ], [ 79.9224472, 30.3928668 ], [ 79.9218893, 30.3934221 ], [ 79.9219322, 30.3939774 ], [ 79.921031, 30.3946252 ], [ 79.9201941, 30.395421 ], [ 79.918971, 30.396328 ], [ 79.9177694, 30.3973459 ], [ 79.916482, 30.3987155 ], [ 79.9160528, 30.4006773 ], [ 79.9144649, 30.4021764 ], [ 79.9139929, 30.4040086 ], [ 79.9127912, 30.4054521 ], [ 79.9120402, 30.4065255 ], [ 79.9119544, 30.4080245 ], [ 79.9108171, 30.4100416 ], [ 79.9087357, 30.4116331 ], [ 79.9071049, 30.4129654 ], [ 79.9059248, 30.4137426 ], [ 79.9045944, 30.4143348 ], [ 79.9036503, 30.415075 ] ] } },
{ "type": "Feature", "properties": { "full_id": "w1229881959", "osm_id": "1229881959", "osm_type": "way", "waterway": "river", "intermittent": null, "alt_name": null, "wikidata": null, "name:uk": null, "layer": null, "width": null, "tunnel": null, "name:ml": null, "name:kn": "ರಾಮಗಂಗಾ", "name:hi": null, "name:en": null, "name": "Ramganga", "int_name": null, "boat": null }, "geometry": { "type": "LineString", "coordinates": [ [ 78.9265864, 29.555063 ], [ 78.9262497, 29.5550613 ], [ 78.925546, 29.5552244 ], [ 78.9248406, 29.5555966 ], [ 78.9239517, 29.5560418 ], [ 78.9232316, 29.5563951 ], [ 78.9221185, 29.5568874 ], [ 78.9211146, 29.5572145 ], [ 78.9204245, 29.5575083 ], [ 78.919816, 29.5577582 ], [ 78.918973, 29.5581331 ], [ 78.9184883, 29.5582514 ], [ 78.9178502, 29.558408 ], [ 78.9172906, 29.5586734 ], [ 78.9166124, 29.559027 ], [ 78.9162904, 29.5591856 ], [ 78.9158204, 29.559622 ], [ 78.9155352, 29.5601032 ], [ 78.9153292, 29.5606369 ], [ 78.9151328, 29.5612181 ], [ 78.9147993, 29.561729 ], [ 78.9145351, 29.5623494 ], [ 78.9144819, 29.5626934 ], [ 78.9146222, 29.5631306 ], [ 78.9147194, 29.5633632 ], [ 78.9148677, 29.563645 ], [ 78.9147364, 29.564001 ], [ 78.9144142, 29.5643911 ], [ 78.9138539, 29.5649227 ], [ 78.9133558, 29.5656222 ], [ 78.912801, 29.5663042 ], [ 78.9123192, 29.5669443 ], [ 78.9121132, 29.5676311 ], [ 78.9121939, 29.5682577 ], [ 78.912334, 29.5689028 ], [ 78.9125321, 29.5695116 ], [ 78.9125324, 29.5701484 ], [ 78.9124597, 29.5706963 ], [ 78.9125862, 29.5712415 ], [ 78.9125961, 29.5716144 ], [ 78.9123649, 29.5726255 ], [ 78.9122376, 29.5734677 ], [ 78.912151, 29.5746126 ], [ 78.9119745, 29.5758852 ], [ 78.9115345, 29.5765633 ], [ 78.910962, 29.5774035 ], [ 78.9105267, 29.5779658 ], [ 78.9104732, 29.5780427 ], [ 78.91024, 29.5783783 ], [ 78.9098724, 29.5787631 ], [ 78.9094835, 29.5791368 ], [ 78.9089237, 29.5795062 ], [ 78.9083225, 29.5798752 ], [ 78.9079454, 29.5800633 ], [ 78.90746, 29.5803359 ], [ 78.9070095, 29.5805809 ], [ 78.906685, 29.5807365 ], [ 78.906266, 29.5810625 ], [ 78.9058876, 29.5813916 ], [ 78.905653, 29.5816544 ], [ 78.9054262, 29.5818594 ], [ 78.9051551, 29.5820008 ], [ 78.9048764, 29.5821851 ], [ 78.9046442, 29.582165 ], [ 78.9044266, 29.5820642 ], [ 78.9040978, 29.5819337 ], [ 78.9039133, 29.5818317 ], [ 78.9036716, 29.5817138 ], [ 78.9034446, 29.5816211 ], [ 78.9032393, 29.5815767 ], [ 78.903081, 29.5815427 ], [ 78.9028628, 29.5814971 ], [ 78.9025951, 29.5813921 ], [ 78.9019473, 29.5811278 ], [ 78.9012259, 29.5810625 ], [ 78.9006017, 29.5809954 ], [ 78.8994704, 29.5811565 ], [ 78.8985012, 29.5816622 ], [ 78.8983926, 29.5819694 ], [ 78.8982479, 29.5821542 ], [ 78.8976768, 29.5823038 ], [ 78.8970816, 29.5825079 ], [ 78.8961877, 29.5838809 ], [ 78.8952007, 29.584806 ], [ 78.8944412, 29.5850918 ], [ 78.8935221, 29.5851327 ], [ 78.8929148, 29.5853655 ], [ 78.8921409, 29.5858913 ], [ 78.8918221, 29.5865066 ], [ 78.891616, 29.5869355 ], [ 78.8912659, 29.5874045 ], [ 78.8908009, 29.5878141 ], [ 78.8902326, 29.5881976 ], [ 78.8899499, 29.5884811 ], [ 78.8894361, 29.5886688 ], [ 78.8891118, 29.5887448 ], [ 78.8885655, 29.5887447 ], [ 78.8877667, 29.588657 ], [ 78.8872705, 29.5884748 ], [ 78.8868634, 29.5883756 ], [ 78.8860141, 29.5884424 ], [ 78.8849575, 29.588586 ], [ 78.8842541, 29.5888735 ], [ 78.8836569, 29.5889638 ], [ 78.8830873, 29.5889763 ], [ 78.8827219, 29.5891134 ], [ 78.8821757, 29.5894343 ], [ 78.8818741, 29.589674 ], [ 78.881279, 29.5904381 ], [ 78.8806877, 29.5907957 ], [ 78.8803557, 29.5909831 ], [ 78.8800637, 29.5909784 ], [ 78.8797936, 29.5907104 ], [ 78.8795643, 29.5906114 ], [ 78.879229, 29.5906217 ], [ 78.8788576, 29.5906742 ], [ 78.8786495, 29.5906902 ], [ 78.8783598, 29.5908301 ], [ 78.8781345, 29.5909981 ], [ 78.8777675, 29.59136 ], [ 78.8754955, 29.5920999 ], [ 78.8748235, 29.5923009 ], [ 78.874626, 29.5926005 ], [ 78.8744926, 29.5929742 ], [ 78.8744902, 29.5933266 ], [ 78.8747545, 29.5936474 ], [ 78.8751197, 29.5939462 ], [ 78.8752754, 29.5946043 ], [ 78.8730597, 29.5954575 ], [ 78.8711285, 29.596521 ], [ 78.8700794, 29.5984807 ], [ 78.8685409, 29.5993025 ], [ 78.8127791, 29.5944257 ], [ 78.8061332, 29.5931625 ], [ 78.7957048, 29.5898786 ], [ 78.781929, 29.584206 ], [ 78.7807703, 29.5836462 ], [ 78.7796115, 29.5829744 ], [ 78.777337, 29.5814816 ], [ 78.77635, 29.5807724 ], [ 78.7753629, 29.5799514 ], [ 78.7746334, 29.5791303 ], [ 78.7740325, 29.5782719 ], [ 78.7689256, 29.5719268 ], [ 78.7663507, 29.5689407 ], [ 78.7642049, 29.5662906 ], [ 78.7634325, 29.56532 ], [ 78.7618017, 29.5628937 ], [ 78.7585401, 29.5588995 ], [ 78.7548923, 29.5543078 ], [ 78.7487752, 29.5469929 ], [ 78.7440991, 29.5413529 ], [ 78.7415457, 29.5367044 ], [ 78.7414813, 29.5364244 ], [ 78.741374, 29.5355283 ], [ 78.7413311, 29.5343895 ], [ 78.74161, 29.5325598 ], [ 78.7418031, 29.5318691 ], [ 78.7424683, 29.5307302 ], [ 78.7427687, 29.5303568 ], [ 78.745408, 29.5277616 ], [ 78.7490129, 29.5249983 ], [ 78.7496567, 29.5244568 ], [ 78.7501502, 29.5241207 ], [ 78.7509012, 29.5237846 ], [ 78.751781, 29.5236166 ], [ 78.7528324, 29.5235046 ], [ 78.7544632, 29.5233925 ], [ 78.7574243, 29.5232618 ], [ 78.7579608, 29.5231685 ], [ 78.758347, 29.5230378 ], [ 78.758862, 29.5227577 ], [ 78.759098, 29.5225523 ], [ 78.7593126, 29.5221976 ], [ 78.7595057, 29.5216561 ], [ 78.7595257, 29.5204668 ] ] } },
{ "type": "Feature", "properties": { "full_id": "w1254386027", "osm_id": "1254386027", "osm_type": "way", "waterway": "river", "intermittent": null, "alt_name": null, "wikidata": null, "name:uk": null, "layer": null, "width": null, "tunnel": null, "name:ml": null, "name:kn": null, "name:hi": null, "name:en": null, "name": null, "int_name": null, "boat": null }, "geometry": { "type": "LineString", "coordinates": [ [ 79.2348686, 30.3542802 ], [ 79.235389, 30.3541102 ], [ 79.2355624, 30.3537895 ], [ 79.2356722, 30.3536795 ], [ 79.2359128, 30.3536276 ], [ 79.2364826, 30.3536276 ], [ 79.2371445, 30.3538781 ], [ 79.23764, 30.3540124 ], [ 79.2379797, 30.3539422 ], [ 79.2386734, 30.3539147 ], [ 79.2391193, 30.35382 ], [ 79.2394626, 30.3536857 ], [ 79.2397281, 30.3536704 ], [ 79.2405846, 30.35382 ], [ 79.2412853, 30.354043 ], [ 79.2414761, 30.3542277 ] ] } },
{ "type": "Feature", "properties": { "full_id": "w1254386028", "osm_id": "1254386028", "osm_type": "way", "waterway": "river", "intermittent": null, "alt_name": null, "wikidata": null, "name:uk": null, "layer": null, "width": null, "tunnel": null, "name:ml": null, "name:kn": null, "name:hi": null, "name:en": null, "name": null, "int_name": null, "boat": null }, "geometry": { "type": "LineString", "coordinates": [ [ 79.235389, 30.3541102 ], [ 79.235694, 30.354024 ], [ 79.2359975, 30.3541368 ], [ 79.2362731, 30.3543033 ] ] } },
{ "type": "Feature", "properties": { "full_id": "w1254386029", "osm_id": "1254386029", "osm_type": "way", "waterway": "river", "intermittent": null, "alt_name": null, "wikidata": null, "name:uk": null, "layer": null, "width": null, "tunnel": null, "name:ml": null, "name:kn": null, "name:hi": null, "name:en": null, "name": null, "int_name": null, "boat": null }, "geometry": { "type": "LineString", "coordinates": [ [ 79.2364505, 30.3543033 ], [ 79.2366327, 30.3542295 ], [ 79.237109, 30.3542375 ], [ 79.2374686, 30.3541287 ], [ 79.23764, 30.3540124 ] ] } },
{ "type": "Feature", "properties": { "full_id": "w1534330211", "osm_id": "1534330211", "osm_type": "way", "waterway": "river", "intermittent": null, "alt_name": null, "wikidata": null, "name:uk": null, "layer": "-1", "width": null, "tunnel": "culvert", "name:ml": null, "name:kn": "ರಾಮಗಂಗಾ", "name:hi": null, "name:en": null, "name": "Ramganga", "int_name": null, "boat": null }, "geometry": { "type": "LineString", "coordinates": [ [ 79.3489011, 29.9820114 ], [ 79.3489413, 29.9819348 ] ] } },
{ "type": "Feature", "properties": { "full_id": "w1534330212", "osm_id": "1534330212", "osm_type": "way", "waterway": "river", "intermittent": null, "alt_name": null, "wikidata": null, "name:uk": null, "layer": null, "width": null, "tunnel": null, "name:ml": null, "name:kn": "ರಾಮಗಂಗಾ", "name:hi": null, "name:en": null, "name": "Ramganga", "int_name": null, "boat": null }, "geometry": { "type": "LineString", "coordinates": [ [ 79.3453968, 29.984986 ], [ 79.3466784, 29.9851223 ], [ 79.347707, 29.9850823 ], [ 79.3484966, 29.9849611 ], [ 79.349132, 29.9847601 ], [ 79.3492369, 29.9844332 ], [ 79.3490803, 29.9835266 ], [ 79.3491133, 29.982729 ], [ 79.3488779, 29.9820842 ], [ 79.3489011, 29.9820114 ] ] } }
]
}
