2026-09-18 01:16:05 INFO [SEED]: Connected to MongoDB Atlas for seeding sequence...
2026-09-18 01:16:05 INFO [SEED]: Seeded 6 canonical Chamoli monitoring stations.
2026-09-18 01:16:06 ERROR [SEED]: Seeding aborted due to fatal error: next is not a function
2026-09-18 01:20:55 INFO [SEED]: Connected to MongoDB Atlas for seeding sequence...
2026-09-18 01:20:55 INFO [SEED]: Seeded 6 canonical Chamoli monitoring stations.
2026-09-18 01:20:55 INFO [SEED]: Created default credential: authority@floodatlas.gov.in [authority]
2026-09-18 01:20:56 ERROR [SEED]: Seeding aborted due to fatal error: E11000 duplicate key error collection: floodatlas.users index: phone_1 dup key: { phone: null }
2026-09-18 01:26:45 INFO [SEED]: Connected to MongoDB Atlas for seeding sequence...
2026-09-18 01:26:45 INFO [SEED]: Dropped stale unique index on phone field.
2026-09-18 01:26:45 INFO [SEED]: Seeded 6 canonical Chamoli monitoring stations.
2026-09-18 01:26:45 INFO [SEED]: Created default credential: admin@floodatlas.gov.in [admin]
2026-09-18 01:47:04 INFO [BOOT]: FloodAtlas Core Backend active on port 5000
2026-09-18 01:47:04 INFO [BOOT]: WebSocket gateway active and ready for client subscriptions.
2026-09-18 02:01:26 INFO [BOOT]: FloodAtlas Core Backend active on port 5000
2026-09-18 02:01:26 INFO [BOOT]: WebSocket gateway active and ready for client subscriptions.
2026-09-18 02:04:38 INFO [API]: ::1 - - [17/Sep/2026:20:34:38 +0000] "GET /api/health HTTP/1.1" 200 132 "-" "axios/1.20.0"
2026-09-18 02:04:38 INFO [INGESTION]: Telemetry ingested successfully for zone: chamoli-joshimath | {"readingId":"6aac4edee262df3d933bc362","provenance":"[SIMULATED]"}
2026-09-18 02:04:38 ERROR [INGESTION]: Post-ingestion pipeline failure for zone: chamoli-joshimath | {"error":"getCyclicTimeFeatures is not a function"}
2026-09-18 02:04:38 INFO [API]: ::1 - - [17/Sep/2026:20:34:38 +0000] "POST /api/iot/telemetry HTTP/1.1" 201 492 "-" "axios/1.20.0"
2026-09-18 02:18:50 INFO [BOOT]: FloodAtlas Core Backend active on port 5000
2026-09-18 02:18:50 INFO [BOOT]: WebSocket gateway active and ready for client subscriptions.
2026-09-18 02:21:26 INFO [BOOT]: FloodAtlas Core Backend active on port 5000
2026-09-18 02:21:26 INFO [BOOT]: WebSocket gateway active and ready for client subscriptions.
2026-09-18 02:22:30 INFO [API]: ::1 - - [17/Sep/2026:20:52:30 +0000] "GET /api/health HTTP/1.1" 200 131 "-" "axios/1.20.0"
2026-09-18 02:22:31 INFO [INGESTION]: Telemetry ingested successfully for zone: chamoli-joshimath | {"readingId":"6aac530ecca9f0aaa2d866d6","provenance":"[SIMULATED]"}
2026-09-18 02:22:31 ERROR [ML_BRIDGE]: ML inference failed for zone: chamoli-joshimath | {"error":"Request failed with status code 500"}
2026-09-18 02:22:31 ERROR [INGESTION]: Post-ingestion pipeline failure for zone: chamoli-joshimath | {"error":"ML Microservice Inference Failed: Request failed with status code 500"}
2026-09-18 02:22:31 INFO [API]: ::1 - - [17/Sep/2026:20:52:31 +0000] "POST /api/iot/telemetry HTTP/1.1" 201 522 "-" "axios/1.20.0"
2026-09-18 02:25:50 INFO [BOOT]: FloodAtlas Core Backend active on port 5000
2026-09-18 02:25:50 INFO [BOOT]: WebSocket gateway active and ready for client subscriptions.
2026-09-18 02:26:12 INFO [API]: ::1 - - [17/Sep/2026:20:56:12 +0000] "GET /api/health HTTP/1.1" 200 131 "-" "axios/1.20.0"
2026-09-18 02:26:12 INFO [INGESTION]: Telemetry ingested successfully for zone: chamoli-joshimath | {"readingId":"6aac53ecde00f8e3c93e56ce","provenance":"[SIMULATED]"}
2026-09-18 02:26:12 ERROR [ML_BRIDGE]: ML inference failed for zone: chamoli-joshimath | {"error":"Request failed with status code 500"}
2026-09-18 02:26:12 ERROR [INGESTION]: Post-ingestion pipeline failure for zone: chamoli-joshimath | {"error":"ML Microservice Inference Failed: Request failed with status code 500"}
2026-09-18 02:26:12 INFO [API]: ::1 - - [17/Sep/2026:20:56:12 +0000] "POST /api/iot/telemetry HTTP/1.1" 201 522 "-" "axios/1.20.0"
2026-09-18 02:29:09 INFO [API]: ::1 - - [17/Sep/2026:20:59:09 +0000] "GET /api/health HTTP/1.1" 200 132 "-" "axios/1.20.0"
2026-09-18 02:29:09 INFO [INGESTION]: Telemetry ingested successfully for zone: chamoli-joshimath | {"readingId":"6aac549dde00f8e3c93e56cf","provenance":"[SIMULATED]"}
2026-09-18 02:29:09 ERROR [ML_BRIDGE]: ML inference failed for zone: chamoli-joshimath | {"error":"Request failed with status code 500"}
2026-09-18 02:29:09 ERROR [INGESTION]: Post-ingestion pipeline failure for zone: chamoli-joshimath | {"error":"ML Microservice Inference Failed: Request failed with status code 500"}
2026-09-18 02:29:09 INFO [API]: ::1 - - [17/Sep/2026:20:59:09 +0000] "POST /api/iot/telemetry HTTP/1.1" 201 522 "-" "axios/1.20.0"
2026-09-18 02:29:09 INFO [API]: ::1 - - [17/Sep/2026:20:59:09 +0000] "GET /api/risk/zones/chamoli-joshimath/latest HTTP/1.1" 404 91 "-" "axios/1.20.0"
2026-09-18 12:11:47 INFO [BOOT]: FloodAtlas Core Backend active on port 5000
2026-09-18 12:11:47 INFO [BOOT]: WebSocket gateway active and ready for client subscriptions.
2026-09-18 12:12:10 INFO [API]: ::1 - - [18/Sep/2026:06:42:10 +0000] "GET /api/health HTTP/1.1" 200 131 "-" "axios/1.20.0"
2026-09-18 12:12:10 INFO [INGESTION]: Telemetry ingested successfully for zone: chamoli-joshimath | {"readingId":"6aacdd42587df7d435268f08","provenance":"[SIMULATED]"}
2026-09-18 12:12:10 ERROR [ML_BRIDGE]: ML inference failed for zone: chamoli-joshimath | {"error":"Request failed with status code 500"}
2026-09-18 12:12:10 ERROR [INGESTION]: Post-ingestion pipeline failure for zone: chamoli-joshimath | {"error":"ML Microservice Inference Failed: Request failed with status code 500"}
2026-09-18 12:12:10 INFO [API]: ::1 - - [18/Sep/2026:06:42:10 +0000] "POST /api/iot/telemetry HTTP/1.1" 201 522 "-" "axios/1.20.0"
2026-09-18 12:12:10 INFO [API]: ::1 - - [18/Sep/2026:06:42:10 +0000] "GET /api/risk/zones/chamoli-joshimath/latest HTTP/1.1" 404 91 "-" "axios/1.20.0"
2026-09-18 12:17:37 INFO [API]: ::1 - - [18/Sep/2026:06:47:37 +0000] "GET /api/health HTTP/1.1" 200 132 "-" "axios/1.20.0"
2026-09-18 12:17:37 INFO [INGESTION]: Telemetry ingested successfully for zone: chamoli-joshimath | {"readingId":"6aacde89587df7d435268f09","provenance":"[SIMULATED]"}
2026-09-18 12:17:38 ERROR [ML_BRIDGE]: ML inference failed for zone: chamoli-joshimath | {"error":"Prediction validation failed: biLstmProbability: Bi-LSTM probability output is required from ML microservice, xgboostProbability: XGBoost probability output is required from ML microservice, ensembleProbability: Ensemble probability score is required"}
2026-09-18 12:17:38 ERROR [INGESTION]: Post-ingestion pipeline failure for zone: chamoli-joshimath | {"error":"ML Microservice Inference Failed: Prediction validation failed: biLstmProbability: Bi-LSTM probability output is required from ML microservice, xgboostProbability: XGBoost probability output is required from ML microservice, ensembleProbability: Ensemble probability score is required"}
2026-09-18 12:17:38 INFO [API]: ::1 - - [18/Sep/2026:06:47:38 +0000] "POST /api/iot/telemetry HTTP/1.1" 201 737 "-" "axios/1.20.0"
2026-09-18 12:17:38 INFO [API]: ::1 - - [18/Sep/2026:06:47:38 +0000] "GET /api/risk/zones/chamoli-joshimath/latest HTTP/1.1" 404 91 "-" "axios/1.20.0"
2026-09-18 12:22:16 INFO [API]: ::1 - - [18/Sep/2026:06:52:16 +0000] "GET /api/health HTTP/1.1" 200 132 "-" "axios/1.20.0"
2026-09-18 12:22:16 INFO [INGESTION]: Telemetry ingested successfully for zone: chamoli-joshimath | {"readingId":"6aacdfa0587df7d435268f0b","provenance":"[SIMULATED]"}
2026-09-18 12:22:17 INFO [ML_BRIDGE]: Inference completed for zone: chamoli-joshimath | {"ensembleProbability":0.3902,"latencyMs":515}
2026-09-18 12:22:17 INFO [RISK_ENGINE]: Risk evaluated for chamoli-joshimath: Score=53.1, Tier=MODERATE | {"assessmentId":"6aacdfa1587df7d435268f0d"}
2026-09-18 12:22:17 INFO [API]: ::1 - - [18/Sep/2026:06:52:17 +0000] "POST /api/iot/telemetry HTTP/1.1" 201 2654 "-" "axios/1.20.0"
2026-09-18 12:22:17 INFO [API]: ::1 - - [18/Sep/2026:06:52:17 +0000] "GET /api/risk/zones/chamoli-joshimath/latest HTTP/1.1" 200 674 "-" "axios/1.20.0"
2026-09-18 13:41:27 INFO [BOOT]: FloodAtlas Core Backend active on port 5000
2026-09-18 13:41:27 INFO [BOOT]: WebSocket gateway active and ready for client subscriptions.
2026-09-18 13:46:17 INFO [API]: ::1 - - [18/Sep/2026:08:16:17 +0000] "GET /api/health HTTP/1.1" 200 132 "-" "axios/1.20.0"
2026-09-18 13:46:18 INFO [INGESTION]: Telemetry ingested successfully for zone: chamoli-joshimath | {"readingId":"6aacf352e81ce78abf5d4302","provenance":"[SIMULATED]"}
2026-09-18 13:46:18 INFO [ML_BRIDGE]: Inference completed for zone: chamoli-joshimath | {"ensembleProbability":0.3902,"latencyMs":461}
2026-09-18 13:46:18 INFO [RISK_ENGINE]: Risk evaluated for chamoli-joshimath: Score=53.1, Tier=MODERATE | {"assessmentId":"6aacf352e81ce78abf5d4304"}
2026-09-18 13:46:18 INFO [API]: ::1 - - [18/Sep/2026:08:16:18 +0000] "POST /api/iot/telemetry HTTP/1.1" 201 2661 "-" "axios/1.20.0"
2026-09-18 13:46:19 INFO [API]: ::1 - - [18/Sep/2026:08:16:19 +0000] "GET /api/risk/zones/chamoli-joshimath/latest HTTP/1.1" 200 674 "-" "axios/1.20.0"
2026-09-18 13:49:31 INFO [BOOT]: FloodAtlas Core Backend active on port 5000
2026-09-18 13:49:31 INFO [BOOT]: WebSocket gateway active and ready for client subscriptions.
2026-09-18 13:49:32 INFO [BOOT]: FloodAtlas Core Backend active on port 5000
2026-09-18 13:49:32 INFO [BOOT]: WebSocket gateway active and ready for client subscriptions.
2026-09-18 13:51:11 INFO [BOOT]: FloodAtlas Core Backend active on port 5000
2026-09-18 13:51:11 INFO [BOOT]: WebSocket gateway active and ready for client subscriptions.
2026-09-18 13:51:42 INFO [BOOT]: FloodAtlas Core Backend active on port 5000
2026-09-18 13:51:42 INFO [BOOT]: WebSocket gateway active and ready for client subscriptions.
2026-09-18 13:51:53 INFO [BOOT]: FloodAtlas Core Backend active on port 5000
2026-09-18 13:51:53 INFO [BOOT]: WebSocket gateway active and ready for client subscriptions.
2026-09-18 13:57:35 INFO [BOOT]: FloodAtlas Core Backend active on port 5000
2026-09-18 13:57:35 INFO [BOOT]: WebSocket gateway active and ready for client subscriptions.
2026-09-18 13:58:03 INFO [INGESTION]: Telemetry ingested successfully for zone: chamoli-ghat | {"readingId":"6aacf61356642ed4146584a1","provenance":"[SIMULATED]"}
2026-09-18 13:58:03 INFO [ML_BRIDGE]: Inference completed for zone: chamoli-ghat | {"ensembleProbability":0.3786,"latencyMs":64}
2026-09-18 13:58:03 INFO [RISK_ENGINE]: Risk evaluated for chamoli-ghat: Score=58.2, Tier=MODERATE | {"assessmentId":"6aacf61356642ed4146584a3"}
2026-09-18 13:58:03 INFO [API]: ::1 - - [18/Sep/2026:08:28:03 +0000] "POST /api/iot/telemetry HTTP/1.1" 201 2592 "-" "axios/1.20.0"
2026-09-18 13:58:03 INFO [API]: ::1 - - [18/Sep/2026:08:28:03 +0000] "GET /api/risk/zones/chamoli-ghat/latest HTTP/1.1" 200 642 "-" "axios/1.20.0"
2026-09-18 13:58:03 INFO [INGESTION]: Telemetry ingested successfully for zone: chamoli-karnaprayag | {"readingId":"6aacf61356642ed4146584a4","provenance":"[SIMULATED]"}
2026-09-18 13:58:03 INFO [ML_BRIDGE]: Inference completed for zone: chamoli-karnaprayag | {"ensembleProbability":0.3786,"latencyMs":61}
2026-09-18 13:58:03 INFO [RISK_ENGINE]: Risk evaluated for chamoli-karnaprayag: Score=51.1, Tier=MODERATE | {"assessmentId":"6aacf61356642ed4146584a6"}
2026-09-18 13:58:03 INFO [API]: ::1 - - [18/Sep/2026:08:28:03 +0000] "POST /api/iot/telemetry HTTP/1.1" 201 2566 "-" "axios/1.20.0"
2026-09-18 13:58:04 INFO [API]: ::1 - - [18/Sep/2026:08:28:04 +0000] "GET /api/risk/zones/chamoli-karnaprayag/latest HTTP/1.1" 200 602 "-" "axios/1.20.0"
2026-09-18 13:58:04 INFO [INGESTION]: Telemetry ingested successfully for zone: chamoli-mana | {"readingId":"6aacf61456642ed4146584a7","provenance":"[SIMULATED]"}
2026-09-18 13:58:04 INFO [ML_BRIDGE]: Inference completed for zone: chamoli-mana | {"ensembleProbability":0.3786,"latencyMs":54}
2026-09-18 13:58:04 INFO [RISK_ENGINE]: Risk evaluated for chamoli-mana: Score=64.4, Tier=MODERATE | {"assessmentId":"6aacf61456642ed4146584a9"}
2026-09-18 13:58:04 INFO [API]: ::1 - - [18/Sep/2026:08:28:04 +0000] "POST /api/iot/telemetry HTTP/1.1" 201 2614 "-" "axios/1.20.0"
2026-09-18 13:58:04 INFO [API]: ::1 - - [18/Sep/2026:08:28:04 +0000] "GET /api/risk/zones/chamoli-mana/latest HTTP/1.1" 200 659 "-" "axios/1.20.0"
2026-09-18 14:07:23 INFO [BOOT]: FloodAtlas Core Backend active on port 5000
2026-09-18 14:07:23 INFO [BOOT]: WebSocket gateway active and ready for client subscriptions.
2026-09-18 14:07:33 INFO [BOOT]: FloodAtlas Core Backend active on port 5000
2026-09-18 14:07:33 INFO [BOOT]: WebSocket gateway active and ready for client subscriptions.
2026-09-18 14:13:41 INFO [BOOT]: FloodAtlas Core Backend active on port 5000
2026-09-18 14:13:41 INFO [BOOT]: WebSocket gateway active and ready for client subscriptions.
2026-09-18 14:13:42 INFO [BOOT]: FloodAtlas Core Backend active on port 5000
2026-09-18 14:13:42 INFO [BOOT]: WebSocket gateway active and ready for client subscriptions.
2026-09-18 14:17:55 INFO [BOOT]: FloodAtlas Core Backend active on port 5000
2026-09-18 14:17:55 INFO [BOOT]: WebSocket gateway active and ready for client subscriptions.
2026-09-18 14:18:14 INFO [BOOT]: FloodAtlas Core Backend active on port 5000
2026-09-18 14:18:14 INFO [BOOT]: WebSocket gateway active and ready for client subscriptions.
2026-09-18 14:24:38 INFO [BOOT]: FloodAtlas Core Backend active on port 5000
2026-09-18 14:24:38 INFO [BOOT]: WebSocket gateway active and ready for client subscriptions.
2026-09-18 14:24:40 INFO [BOOT]: FloodAtlas Core Backend active on port 5000
2026-09-18 14:24:40 INFO [BOOT]: WebSocket gateway active and ready for client subscriptions.
2026-09-18 14:25:50 INFO [API]: ::1 - - [18/Sep/2026:08:55:50 +0000] "POST /api/iot/telemetry HTTP/1.1" 400 142 "-" "axios/1.20.0"
2026-09-18 14:25:50 INFO [API]: ::1 - - [18/Sep/2026:08:55:50 +0000] "POST /api/iot/telemetry HTTP/1.1" 400 142 "-" "axios/1.20.0"
2026-09-18 14:25:50 INFO [API]: ::1 - - [18/Sep/2026:08:55:50 +0000] "POST /api/iot/telemetry HTTP/1.1" 400 142 "-" "axios/1.20.0"
2026-09-18 14:27:25 INFO [BOOT]: FloodAtlas Core Backend active on port 5000
2026-09-18 14:27:25 INFO [BOOT]: WebSocket gateway active and ready for client subscriptions.
2026-09-18 14:27:37 INFO [API]: ::1 - - [18/Sep/2026:08:57:37 +0000] "POST /api/iot/telemetry HTTP/1.1" 400 80 "-" "axios/1.20.0"
2026-09-18 14:27:37 INFO [API]: ::1 - - [18/Sep/2026:08:57:37 +0000] "POST /api/iot/telemetry HTTP/1.1" 400 80 "-" "axios/1.20.0"
2026-09-18 14:27:37 INFO [API]: ::1 - - [18/Sep/2026:08:57:37 +0000] "POST /api/iot/telemetry HTTP/1.1" 400 80 "-" "axios/1.20.0"
2026-09-18 14:29:32 INFO [BOOT]: FloodAtlas Core Backend active on port 5000
2026-09-18 14:29:32 INFO [BOOT]: WebSocket gateway active and ready for client subscriptions.
2026-09-18 14:29:33 INFO [BOOT]: FloodAtlas Core Backend active on port 5000
2026-09-18 14:29:33 INFO [BOOT]: WebSocket gateway active and ready for client subscriptions.
2026-09-18 14:29:44 INFO [API]: ::1 - - [18/Sep/2026:08:59:44 +0000] "POST /api/iot/telemetry HTTP/1.1" 400 75 "-" "axios/1.20.0"
2026-09-18 14:29:44 INFO [API]: ::1 - - [18/Sep/2026:08:59:44 +0000] "POST /api/iot/telemetry HTTP/1.1" 400 75 "-" "axios/1.20.0"
2026-09-18 14:29:44 INFO [API]: ::1 - - [18/Sep/2026:08:59:44 +0000] "POST /api/iot/telemetry HTTP/1.1" 400 75 "-" "axios/1.20.0"
2026-09-18 17:51:38 INFO [BOOT]: FloodAtlas Core Backend active on port 5000
2026-09-18 17:51:38 INFO [BOOT]: WebSocket gateway active and ready for client subscriptions.
2026-09-18 17:55:03 INFO [BOOT]: FloodAtlas Core Backend active on port 5000
2026-09-18 17:55:03 INFO [BOOT]: WebSocket gateway active and ready for client subscriptions.
2026-09-18 17:55:39 INFO [ML_BRIDGE]: Inference completed for zone: chamoli-ghat | {"ensembleProbability":0.3802,"latencyMs":841}
2026-09-18 17:58:24 INFO [BOOT]: FloodAtlas Core Backend active on port 5000
2026-09-18 17:58:24 INFO [BOOT]: WebSocket gateway active and ready for client subscriptions.
2026-09-18 17:59:34 INFO [BOOT]: FloodAtlas Core Backend active on port 5000
2026-09-18 17:59:34 INFO [BOOT]: WebSocket gateway active and ready for client subscriptions.
2026-09-18 17:59:36 INFO [BOOT]: FloodAtlas Core Backend active on port 5000
2026-09-18 17:59:36 INFO [BOOT]: WebSocket gateway active and ready for client subscriptions.
2026-09-18 18:00:01 INFO [ML_BRIDGE]: Inference completed for zone: chamoli-ghat | {"ensembleProbability":0.3802,"latencyMs":244}
2026-09-18 18:01:47 INFO [BOOT]: FloodAtlas Core Backend active on port 5000
2026-09-18 18:01:47 INFO [BOOT]: WebSocket gateway active and ready for client subscriptions.
2026-09-18 18:01:50 INFO [BOOT]: FloodAtlas Core Backend active on port 5000
2026-09-18 18:01:50 INFO [BOOT]: WebSocket gateway active and ready for client subscriptions.
2026-09-18 18:03:18 INFO [ML_BRIDGE]: Inference completed for zone: chamoli-ghat | {"ensembleProbability":0.3802,"latencyMs":59}
2026-09-18 18:05:28 INFO [BOOT]: FloodAtlas Core Backend active on port 5000
2026-09-18 18:05:28 INFO [BOOT]: WebSocket gateway active and ready for client subscriptions.
2026-09-18 18:05:30 INFO [BOOT]: FloodAtlas Core Backend active on port 5000
2026-09-18 18:05:30 INFO [BOOT]: WebSocket gateway active and ready for client subscriptions.
2026-09-18 18:05:31 INFO [BOOT]: FloodAtlas Core Backend active on port 5000
2026-09-18 18:05:31 INFO [BOOT]: WebSocket gateway active and ready for client subscriptions.
2026-09-18 18:05:39 INFO [ML_BRIDGE]: Inference completed for zone: chamoli-ghat | {"ensembleProbability":0.3802,"latencyMs":59}
2026-09-18 18:05:39 INFO [API]: ::1 - - [18/Sep/2026:12:35:39 +0000] "POST /api/iot/telemetry HTTP/1.1" 400 136 "-" "axios/1.20.0"
2026-09-18 18:05:39 INFO [ML_BRIDGE]: Inference completed for zone: chamoli-karnaprayag | {"ensembleProbability":0.3982,"latencyMs":232}
2026-09-18 18:05:39 INFO [API]: ::1 - - [18/Sep/2026:12:35:39 +0000] "POST /api/iot/telemetry HTTP/1.1" 400 136 "-" "axios/1.20.0"
2026-09-18 18:05:40 INFO [ML_BRIDGE]: Inference completed for zone: chamoli-mana | {"ensembleProbability":0.3588,"latencyMs":164}
2026-09-18 18:05:40 INFO [API]: ::1 - - [18/Sep/2026:12:35:40 +0000] "POST /api/iot/telemetry HTTP/1.1" 400 136 "-" "axios/1.20.0"
2026-09-18 18:06:48 INFO [ML_BRIDGE]: Inference completed for zone: chamoli-ghat | {"ensembleProbability":0.4358,"latencyMs":71}
2026-09-18 18:08:10 INFO [BOOT]: FloodAtlas Core Backend active on port 5000
2026-09-18 18:08:10 INFO [BOOT]: WebSocket gateway active and ready for client subscriptions.
2026-09-18 18:08:12 INFO [BOOT]: FloodAtlas Core Backend active on port 5000
2026-09-18 18:08:12 INFO [BOOT]: WebSocket gateway active and ready for client subscriptions.
2026-09-18 18:08:27 ERROR : [OPENWEATHER] Failed to fetch weather for [30.2589, 79.4678]: timeout of 5000ms exceeded
2026-09-18 18:08:27 INFO [ML_BRIDGE]: Inference completed for zone: chamoli-ghat | {"ensembleProbability":0.2328,"latencyMs":85}
2026-09-18 18:17:11 INFO [BOOT]: FloodAtlas Core Backend active on port 5000
2026-09-18 18:17:11 INFO [BOOT]: WebSocket gateway active and ready for client subscriptions.
2026-09-18 18:17:13 INFO [BOOT]: FloodAtlas Core Backend active on port 5000
2026-09-18 18:17:13 INFO [BOOT]: WebSocket gateway active and ready for client subscriptions.
2026-09-18 18:17:32 ERROR : [OPENWEATHER] Failed to fetch weather for [30.2589, 79.4678]: timeout of 5000ms exceeded
2026-09-18 18:17:32 WARN : [DATA_INGESTION] OpenWeather fetch bypassed: OpenWeather API request failed: timeout of 5000ms exceeded. Using localized telemetry.
2026-09-18 18:17:32 INFO [ML_BRIDGE]: Inference completed for zone: chamoli-ghat | {"ensembleProbability":0.2328,"latencyMs":68}
2026-09-18 18:17:32 INFO [RISK_ENGINE]: Risk evaluated for chamoli-ghat: Score=43.4, Tier=MODERATE | {"assessmentId":"6aad32e4bbf9ad38802d55e3"}
2026-09-18 18:17:32 INFO [API]: ::1 - - [18/Sep/2026:12:47:32 +0000] "POST /api/iot/telemetry HTTP/1.1" 201 1052 "-" "axios/1.20.0"
2026-09-18 18:17:32 INFO [API]: ::1 - - [18/Sep/2026:12:47:32 +0000] "GET /api/risk/zones/chamoli-ghat/latest HTTP/1.1" 200 1831 "-" "axios/1.20.0"
2026-09-18 18:17:37 ERROR : [OPENWEATHER] Failed to fetch weather for [30.26, 79.2167]: timeout of 5000ms exceeded
2026-09-18 18:17:37 WARN : [DATA_INGESTION] OpenWeather fetch bypassed: OpenWeather API request failed: timeout of 5000ms exceeded. Using localized telemetry.
2026-09-18 18:17:37 INFO [ML_BRIDGE]: Inference completed for zone: chamoli-karnaprayag | {"ensembleProbability":0.2328,"latencyMs":54}
2026-09-18 18:17:37 INFO [RISK_ENGINE]: Risk evaluated for chamoli-karnaprayag: Score=36, Tier=LOW | {"assessmentId":"6aad32e9bbf9ad38802d55e7"}
2026-09-18 18:17:37 INFO [API]: ::1 - - [18/Sep/2026:12:47:37 +0000] "POST /api/iot/telemetry HTTP/1.1" 201 1077 "-" "axios/1.20.0"
2026-09-18 18:17:37 INFO [API]: ::1 - - [18/Sep/2026:12:47:37 +0000] "GET /api/risk/zones/chamoli-karnaprayag/latest HTTP/1.1" 200 1988 "-" "axios/1.20.0"
2026-09-18 18:17:42 ERROR : [OPENWEATHER] Failed to fetch weather for [30.7686, 79.4958]: timeout of 5000ms exceeded
2026-09-18 18:17:42 WARN : [DATA_INGESTION] OpenWeather fetch bypassed: OpenWeather API request failed: timeout of 5000ms exceeded. Using localized telemetry.
2026-09-18 18:17:42 INFO [ML_BRIDGE]: Inference completed for zone: chamoli-mana | {"ensembleProbability":0.2328,"latencyMs":56}
2026-09-18 18:17:42 INFO [RISK_ENGINE]: Risk evaluated for chamoli-mana: Score=48.4, Tier=MODERATE | {"assessmentId":"6aad32eebbf9ad38802d55eb"}
2026-09-18 18:17:42 INFO [API]: ::1 - - [18/Sep/2026:12:47:42 +0000] "POST /api/iot/telemetry HTTP/1.1" 201 1056 "-" "axios/1.20.0"
2026-09-18 18:17:42 INFO [API]: ::1 - - [18/Sep/2026:12:47:42 +0000] "GET /api/risk/zones/chamoli-mana/latest HTTP/1.1" 200 1996 "-" "axios/1.20.0"
2026-09-18 18:25:33 INFO [BOOT]: FloodAtlas Core Backend active on port 5000
2026-09-18 18:25:33 INFO [BOOT]: WebSocket gateway active and ready for client subscriptions.
2026-09-18 18:25:35 INFO [BOOT]: FloodAtlas Core Backend active on port 5000
2026-09-18 18:25:35 INFO [BOOT]: WebSocket gateway active and ready for client subscriptions.
2026-09-18 18:25:44 INFO [BOOT]: FloodAtlas Core Backend active on port 5000
2026-09-18 18:25:44 INFO [BOOT]: WebSocket gateway active and ready for client subscriptions.
2026-09-18 18:27:13 INFO [ML_BRIDGE]: Inference completed for zone: chamoli-ghat | {"ensembleProbability":0.4315,"latencyMs":59}
2026-09-18 18:27:13 INFO [API]: ::1 - - [18/Sep/2026:12:57:13 +0000] "POST /api/iot/telemetry HTTP/1.1" 201 1065 "-" "axios/1.20.0"
2026-09-18 18:27:14 INFO [RISK_ENGINE]: Risk evaluated for chamoli-ghat: Score=53.4, Tier=MODERATE | {"assessmentId":"6aad3529fd2b30c1ce17af5a"}
2026-09-18 18:27:14 INFO [API]: ::1 - - [18/Sep/2026:12:57:14 +0000] "GET /api/risk/zones/chamoli-ghat/latest HTTP/1.1" 200 602 "-" "axios/1.20.0"
2026-09-18 18:27:14 INFO [ML_BRIDGE]: Inference completed for zone: chamoli-karnaprayag | {"ensembleProbability":0.4061,"latencyMs":59}
2026-09-18 18:27:14 INFO [API]: ::1 - - [18/Sep/2026:12:57:14 +0000] "POST /api/iot/telemetry HTTP/1.1" 201 1090 "-" "axios/1.20.0"
2026-09-18 18:27:14 INFO [RISK_ENGINE]: Risk evaluated for chamoli-karnaprayag: Score=44.6, Tier=MODERATE | {"assessmentId":"6aad352afd2b30c1ce17af5e"}
2026-09-18 18:27:15 INFO [API]: ::1 - - [18/Sep/2026:12:57:15 +0000] "GET /api/risk/zones/chamoli-karnaprayag/latest HTTP/1.1" 200 616 "-" "axios/1.20.0"
2026-09-18 18:27:16 INFO [ML_BRIDGE]: Inference completed for zone: chamoli-mana | {"ensembleProbability":0.3582,"latencyMs":50}
2026-09-18 18:27:16 INFO [API]: ::1 - - [18/Sep/2026:12:57:16 +0000] "POST /api/iot/telemetry HTTP/1.1" 201 1067 "-" "axios/1.20.0"
2026-09-18 18:27:16 INFO [RISK_ENGINE]: Risk evaluated for chamoli-mana: Score=54.7, Tier=MODERATE | {"assessmentId":"6aad352cfd2b30c1ce17af62"}
2026-09-18 18:27:16 INFO [API]: ::1 - - [18/Sep/2026:12:57:16 +0000] "GET /api/risk/zones/chamoli-mana/latest HTTP/1.1" 200 619 "-" "axios/1.20.0"
2026-09-18 18:31:34 INFO [API]: ::1 - - [18/Sep/2026:13:01:34 +0000] "GET /api/risk/zones/chamoli-ghat/latest HTTP/1.1" 200 602 "-" "axios/1.20.0"
2026-09-18 18:32:41 INFO [BOOT]: FloodAtlas Core Backend active on port 5000
2026-09-18 18:32:41 INFO [BOOT]: WebSocket gateway active and ready for client subscriptions.
2026-09-18 18:32:42 INFO [BOOT]: FloodAtlas Core Backend active on port 5000
2026-09-18 18:32:42 INFO [BOOT]: WebSocket gateway active and ready for client subscriptions.
2026-09-18 18:32:54 INFO [ML_BRIDGE]: Inference completed for zone: chamoli-ghat | {"ensembleProbability":0.4315,"latencyMs":54}
2026-09-18 18:32:54 INFO [API]: ::1 - - [18/Sep/2026:13:02:54 +0000] "POST /api/iot/telemetry HTTP/1.1" 201 1065 "-" "axios/1.20.0"
2026-09-18 18:32:54 INFO [RISK_ENGINE]: Risk evaluated for chamoli-ghat: Score=53.4, Tier=MODERATE | {"assessmentId":"6aad367efab2c543a125bdc4"}
2026-09-18 18:32:54 INFO [API]: ::1 - - [18/Sep/2026:13:02:54 +0000] "GET /api/risk/zones/chamoli-ghat/latest HTTP/1.1" 200 602 "-" "axios/1.20.0"
2026-09-18 18:32:55 INFO [ML_BRIDGE]: Inference completed for zone: chamoli-karnaprayag | {"ensembleProbability":0.4061,"latencyMs":52}
2026-09-18 18:32:55 INFO [API]: ::1 - - [18/Sep/2026:13:02:55 +0000] "POST /api/iot/telemetry HTTP/1.1" 201 1090 "-" "axios/1.20.0"
2026-09-18 18:32:55 INFO [RISK_ENGINE]: Risk evaluated for chamoli-karnaprayag: Score=44.6, Tier=MODERATE | {"assessmentId":"6aad367ffab2c543a125bdc8"}
2026-09-18 18:32:55 INFO [API]: ::1 - - [18/Sep/2026:13:02:55 +0000] "GET /api/risk/zones/chamoli-karnaprayag/latest HTTP/1.1" 200 616 "-" "axios/1.20.0"
2026-09-18 18:32:55 INFO [ML_BRIDGE]: Inference completed for zone: chamoli-mana | {"ensembleProbability":0.3582,"latencyMs":52}
2026-09-18 18:32:55 INFO [API]: ::1 - - [18/Sep/2026:13:02:55 +0000] "POST /api/iot/telemetry HTTP/1.1" 201 1067 "-" "axios/1.20.0"
2026-09-18 18:32:55 INFO [RISK_ENGINE]: Risk evaluated for chamoli-mana: Score=54.7, Tier=MODERATE | {"assessmentId":"6aad367ffab2c543a125bdcc"}
2026-09-18 18:32:55 INFO [API]: ::1 - - [18/Sep/2026:13:02:55 +0000] "GET /api/risk/zones/chamoli-mana/latest HTTP/1.1" 200 619 "-" "axios/1.20.0"
2026-09-18 18:40:03 INFO [BOOT]: FloodAtlas Core Backend active on port 5000
2026-09-18 18:40:03 INFO [BOOT]: WebSocket gateway active and ready for client subscriptions.
2026-09-18 18:40:15 INFO [BOOT]: FloodAtlas Core Backend active on port 5000
2026-09-18 18:40:15 INFO [BOOT]: WebSocket gateway active and ready for client subscriptions.
2026-09-18 18:40:16 INFO [BOOT]: FloodAtlas Core Backend active on port 5000
2026-09-18 18:40:16 INFO [BOOT]: WebSocket gateway active and ready for client subscriptions.
2026-09-18 18:40:35 INFO [ML_BRIDGE]: Inference completed for zone: chamoli-joshimath | {"ensembleProbability":0.4314,"latencyMs":54}
2026-09-18 18:40:35 INFO [API]: ::1 - - [18/Sep/2026:13:10:35 +0000] "POST /api/iot/telemetry HTTP/1.1" 201 1092 "-" "axios/1.20.0"
2026-09-18 18:40:35 INFO [RISK_ENGINE]: Risk evaluated for chamoli-joshimath: Score=36.8, Tier=LOW | {"assessmentId":"6aad384b6c1d24911986be55"}
2026-09-18 18:40:35 INFO [API]: ::1 - - [18/Sep/2026:13:10:35 +0000] "GET /api/risk/zones/chamoli-joshimath/latest HTTP/1.1" 200 473 "-" "axios/1.20.0"
2026-09-18 18:40:35 INFO [ML_BRIDGE]: Inference completed for zone: chamoli-pipalkoti | {"ensembleProbability":0.4451,"latencyMs":51}
2026-09-18 18:40:35 INFO [API]: ::1 - - [18/Sep/2026:13:10:35 +0000] "POST /api/iot/telemetry HTTP/1.1" 201 1092 "-" "axios/1.20.0"
2026-09-18 18:40:35 INFO [RISK_ENGINE]: Risk evaluated for chamoli-pipalkoti: Score=37.1, Tier=LOW | {"assessmentId":"6aad384b6c1d24911986be59"}
2026-09-18 18:40:35 INFO [API]: ::1 - - [18/Sep/2026:13:10:35 +0000] "GET /api/risk/zones/chamoli-pipalkoti/latest HTTP/1.1" 200 490 "-" "axios/1.20.0"
2026-09-18 18:40:36 INFO [ML_BRIDGE]: Inference completed for zone: chamoli-ghat | {"ensembleProbability":0.4669,"latencyMs":49}
2026-09-18 18:40:36 INFO [API]: ::1 - - [18/Sep/2026:13:10:36 +0000] "POST /api/iot/telemetry HTTP/1.1" 201 1073 "-" "axios/1.20.0"
2026-09-18 18:40:36 INFO [RISK_ENGINE]: Risk evaluated for chamoli-ghat: Score=41.3, Tier=MODERATE | {"assessmentId":"6aad384c6c1d24911986be5d"}
2026-09-18 18:40:36 INFO [API]: ::1 - - [18/Sep/2026:13:10:36 +0000] "GET /api/risk/zones/chamoli-ghat/latest HTTP/1.1" 200 499 "-" "axios/1.20.0"
2026-09-18 18:40:36 INFO [ML_BRIDGE]: Inference completed for zone: chamoli-tharali | {"ensembleProbability":0.4574,"latencyMs":49}
2026-09-18 18:40:36 INFO [API]: ::1 - - [18/Sep/2026:13:10:36 +0000] "POST /api/iot/telemetry HTTP/1.1" 201 1090 "-" "axios/1.20.0"
2026-09-18 18:40:36 INFO [RISK_ENGINE]: Risk evaluated for chamoli-tharali: Score=41.1, Tier=MODERATE | {"assessmentId":"6aad384c6c1d24911986be61"}
2026-09-18 18:40:36 INFO [API]: ::1 - - [18/Sep/2026:13:10:36 +0000] "GET /api/risk/zones/chamoli-tharali/latest HTTP/1.1" 200 507 "-" "axios/1.20.0"
2026-09-18 18:40:37 INFO [ML_BRIDGE]: Inference completed for zone: chamoli-mana | {"ensembleProbability":0.3744,"latencyMs":49}
2026-09-18 18:40:37 INFO [API]: ::1 - - [18/Sep/2026:13:10:37 +0000] "POST /api/iot/telemetry HTTP/1.1" 201 1076 "-" "axios/1.20.0"
2026-09-18 18:40:37 INFO [RISK_ENGINE]: Risk evaluated for chamoli-mana: Score=41.1, Tier=MODERATE | {"assessmentId":"6aad384d6c1d24911986be65"}
2026-09-18 18:40:37 INFO [API]: ::1 - - [18/Sep/2026:13:10:37 +0000] "GET /api/risk/zones/chamoli-mana/latest HTTP/1.1" 200 523 "-" "axios/1.20.0"
2026-09-18 18:40:38 INFO [ML_BRIDGE]: Inference completed for zone: chamoli-karnaprayag | {"ensembleProbability":0.4277,"latencyMs":57}
2026-09-18 18:40:38 INFO [API]: ::1 - - [18/Sep/2026:13:10:38 +0000] "POST /api/iot/telemetry HTTP/1.1" 201 1098 "-" "axios/1.20.0"
2026-09-18 18:40:38 INFO [RISK_ENGINE]: Risk evaluated for chamoli-karnaprayag: Score=41.4, Tier=MODERATE | {"assessmentId":"6aad384e6c1d24911986be69"}
2026-09-18 18:40:38 INFO [API]: ::1 - - [18/Sep/2026:13:10:38 +0000] "GET /api/risk/zones/chamoli-karnaprayag/latest HTTP/1.1" 200 510 "-" "axios/1.20.0"
2026-09-18 18:40:38 INFO [ML_BRIDGE]: Inference completed for zone: gp_245769705 | {"ensembleProbability":0.4506,"latencyMs":53}
2026-09-18 18:45:22 INFO [BOOT]: FloodAtlas Core Backend active on port 5000
2026-09-18 18:45:22 INFO [BOOT]: WebSocket gateway active and ready for client subscriptions.
2026-09-18 18:45:31 INFO [BOOT]: FloodAtlas Core Backend active on port 5000
2026-09-18 18:45:31 INFO [BOOT]: WebSocket gateway active and ready for client subscriptions.
2026-09-18 18:45:46 INFO [ML_BRIDGE]: Inference completed for zone: chamoli-joshimath | {"ensembleProbability":0.4251,"latencyMs":55}
2026-09-18 18:45:46 INFO [API]: ::1 - - [18/Sep/2026:13:15:46 +0000] "POST /api/iot/telemetry HTTP/1.1" 201 1092 "-" "axios/1.20.0"
2026-09-18 18:45:46 INFO [RISK_ENGINE]: Risk evaluated for chamoli-joshimath: Score=37.5, Tier=LOW | {"assessmentId":"6aad39826cf00eaf7c5a8f73"}
2026-09-18 18:45:46 INFO [API]: ::1 - - [18/Sep/2026:13:15:46 +0000] "GET /api/risk/zones/chamoli-joshimath/latest HTTP/1.1" 200 473 "-" "axios/1.20.0"
2026-09-18 18:45:46 INFO [ML_BRIDGE]: Inference completed for zone: chamoli-pipalkoti | {"ensembleProbability":0.4461,"latencyMs":53}
2026-09-18 18:45:46 INFO [API]: ::1 - - [18/Sep/2026:13:15:46 +0000] "POST /api/iot/telemetry HTTP/1.1" 201 1092 "-" "axios/1.20.0"
2026-09-18 18:45:46 INFO [RISK_ENGINE]: Risk evaluated for chamoli-pipalkoti: Score=36.7, Tier=LOW | {"assessmentId":"6aad39826cf00eaf7c5a8f77"}
2026-09-18 18:45:46 INFO [API]: ::1 - - [18/Sep/2026:13:15:46 +0000] "GET /api/risk/zones/chamoli-pipalkoti/latest HTTP/1.1" 200 490 "-" "axios/1.20.0"
2026-09-18 18:45:47 INFO [ML_BRIDGE]: Inference completed for zone: chamoli-ghat | {"ensembleProbability":0.4688,"latencyMs":53}
2026-09-18 18:45:47 INFO [API]: ::1 - - [18/Sep/2026:13:15:47 +0000] "POST /api/iot/telemetry HTTP/1.1" 201 1073 "-" "axios/1.20.0"
2026-09-18 18:45:47 INFO [RISK_ENGINE]: Risk evaluated for chamoli-ghat: Score=40.3, Tier=MODERATE | {"assessmentId":"6aad39836cf00eaf7c5a8f7b"}
2026-09-18 18:45:47 INFO [API]: ::1 - - [18/Sep/2026:13:15:47 +0000] "GET /api/risk/zones/chamoli-ghat/latest HTTP/1.1" 200 499 "-" "axios/1.20.0"
2026-09-18 18:45:47 INFO [ML_BRIDGE]: Inference completed for zone: chamoli-tharali | {"ensembleProbability":0.4589,"latencyMs":48}
2026-09-18 18:45:47 INFO [API]: ::1 - - [18/Sep/2026:13:15:47 +0000] "POST /api/iot/telemetry HTTP/1.1" 201 1088 "-" "axios/1.20.0"
2026-09-18 18:45:48 INFO [RISK_ENGINE]: Risk evaluated for chamoli-tharali: Score=39.5, Tier=LOW | {"assessmentId":"6aad39836cf00eaf7c5a8f7f"}
2026-09-18 18:45:48 INFO [API]: ::1 - - [18/Sep/2026:13:15:48 +0000] "GET /api/risk/zones/chamoli-tharali/latest HTTP/1.1" 200 501 "-" "axios/1.20.0"
2026-09-18 18:45:48 INFO [ML_BRIDGE]: Inference completed for zone: chamoli-mana | {"ensembleProbability":0.374,"latencyMs":46}
2026-09-18 18:45:48 INFO [API]: ::1 - - [18/Sep/2026:13:15:48 +0000] "POST /api/iot/telemetry HTTP/1.1" 201 1076 "-" "axios/1.20.0"
2026-09-18 18:45:48 INFO [RISK_ENGINE]: Risk evaluated for chamoli-mana: Score=41.9, Tier=MODERATE | {"assessmentId":"6aad39846cf00eaf7c5a8f83"}
2026-09-18 18:45:48 INFO [API]: ::1 - - [18/Sep/2026:13:15:48 +0000] "GET /api/risk/zones/chamoli-mana/latest HTTP/1.1" 200 522 "-" "axios/1.20.0"
2026-09-18 18:45:48 INFO [ML_BRIDGE]: Inference completed for zone: chamoli-karnaprayag | {"ensembleProbability":0.432,"latencyMs":48}
2026-09-18 18:45:48 INFO [API]: ::1 - - [18/Sep/2026:13:15:48 +0000] "POST /api/iot/telemetry HTTP/1.1" 201 1094 "-" "axios/1.20.0"
2026-09-18 18:45:49 INFO [RISK_ENGINE]: Risk evaluated for chamoli-karnaprayag: Score=40.8, Tier=MODERATE | {"assessmentId":"6aad39846cf00eaf7c5a8f87"}
2026-09-18 18:45:49 INFO [API]: ::1 - - [18/Sep/2026:13:15:49 +0000] "GET /api/risk/zones/chamoli-karnaprayag/latest HTTP/1.1" 200 463 "-" "axios/1.20.0"
2026-09-18 18:45:49 INFO [ML_BRIDGE]: Inference completed for zone: gp_245769705 | {"ensembleProbability":0.4542,"latencyMs":50}
2026-09-18 18:52:07 INFO [BOOT]: FloodAtlas Core Backend active on port 5000
2026-09-18 18:52:07 INFO [BOOT]: WebSocket gateway active and ready for client subscriptions.
2026-09-18 18:52:16 INFO [BOOT]: FloodAtlas Core Backend active on port 5000
2026-09-18 18:52:16 INFO [BOOT]: WebSocket gateway active and ready for client subscriptions.
2026-09-18 18:54:04 INFO [BOOT]: FloodAtlas Core Backend active on port 5000
2026-09-18 18:54:04 INFO [BOOT]: WebSocket gateway active and ready for client subscriptions.
2026-09-18 18:54:05 INFO [BOOT]: FloodAtlas Core Backend active on port 5000
2026-09-18 18:54:05 INFO [BOOT]: WebSocket gateway active and ready for client subscriptions.
2026-09-18 18:54:30 INFO [ML_BRIDGE]: Inference completed for zone: chamoli-joshimath | {"ensembleProbability":0.427,"latencyMs":54}
2026-09-18 18:54:30 INFO [API]: ::1 - - [18/Sep/2026:13:24:30 +0000] "POST /api/iot/telemetry HTTP/1.1" 201 1088 "-" "axios/1.20.0"
2026-09-18 18:54:31 INFO [RISK_ENGINE]: Risk evaluated for chamoli-joshimath: Score=37.6, Tier=LOW | {"assessmentId":"6aad3b8e995c57964eca9d7d"}
2026-09-18 18:54:31 INFO [API]: ::1 - - [18/Sep/2026:13:24:31 +0000] "GET /api/risk/zones/chamoli-joshimath/latest HTTP/1.1" 200 473 "-" "axios/1.20.0"
2026-09-18 18:54:31 INFO [ML_BRIDGE]: Inference completed for zone: chamoli-pipalkoti | {"ensembleProbability":0.4471,"latencyMs":55}
2026-09-18 18:54:31 INFO [API]: ::1 - - [18/Sep/2026:13:24:31 +0000] "POST /api/iot/telemetry HTTP/1.1" 201 1092 "-" "axios/1.20.0"
2026-09-18 18:54:31 INFO [RISK_ENGINE]: Risk evaluated for chamoli-pipalkoti: Score=36.4, Tier=LOW | {"assessmentId":"6aad3b8f995c57964eca9d81"}
2026-09-18 18:54:31 INFO [API]: ::1 - - [18/Sep/2026:13:24:31 +0000] "GET /api/risk/zones/chamoli-pipalkoti/latest HTTP/1.1" 200 490 "-" "axios/1.20.0"
2026-09-18 18:54:32 INFO [ML_BRIDGE]: Inference completed for zone: chamoli-ghat | {"ensembleProbability":0.4674,"latencyMs":55}
2026-09-18 18:54:32 INFO [API]: ::1 - - [18/Sep/2026:13:24:32 +0000] "POST /api/iot/telemetry HTTP/1.1" 201 1073 "-" "axios/1.20.0"
2026-09-18 18:54:32 INFO [RISK_ENGINE]: Risk evaluated for chamoli-ghat: Score=40.2, Tier=MODERATE | {"assessmentId":"6aad3b90995c57964eca9d85"}
2026-09-18 18:54:32 INFO [API]: ::1 - - [18/Sep/2026:13:24:32 +0000] "GET /api/risk/zones/chamoli-ghat/latest HTTP/1.1" 200 499 "-" "axios/1.20.0"
2026-09-18 18:54:32 INFO [ML_BRIDGE]: Inference completed for zone: chamoli-tharali | {"ensembleProbability":0.4554,"latencyMs":51}
2026-09-18 18:54:32 INFO [API]: ::1 - - [18/Sep/2026:13:24:32 +0000] "POST /api/iot/telemetry HTTP/1.1" 201 1089 "-" "axios/1.20.0"
2026-09-18 18:54:32 INFO [RISK_ENGINE]: Risk evaluated for chamoli-tharali: Score=39.4, Tier=LOW | {"assessmentId":"6aad3b90995c57964eca9d89"}
2026-09-18 18:54:32 INFO [API]: ::1 - - [18/Sep/2026:13:24:32 +0000] "GET /api/risk/zones/chamoli-tharali/latest HTTP/1.1" 200 501 "-" "axios/1.20.0"
2026-09-18 18:54:33 INFO [ML_BRIDGE]: Inference completed for zone: chamoli-mana | {"ensembleProbability":0.3676,"latencyMs":49}
2026-09-18 18:54:33 INFO [API]: ::1 - - [18/Sep/2026:13:24:33 +0000] "POST /api/iot/telemetry HTTP/1.1" 201 1076 "-" "axios/1.20.0"
2026-09-18 18:54:33 INFO [RISK_ENGINE]: Risk evaluated for chamoli-mana: Score=41.6, Tier=MODERATE | {"assessmentId":"6aad3b91995c57964eca9d8d"}
2026-09-18 18:54:33 INFO [API]: ::1 - - [18/Sep/2026:13:24:33 +0000] "GET /api/risk/zones/chamoli-mana/latest HTTP/1.1" 200 522 "-" "axios/1.20.0"
2026-09-18 18:54:33 INFO [ML_BRIDGE]: Inference completed for zone: chamoli-karnaprayag | {"ensembleProbability":0.4399,"latencyMs":60}
2026-09-18 18:54:33 INFO [API]: ::1 - - [18/Sep/2026:13:24:33 +0000] "POST /api/iot/telemetry HTTP/1.1" 201 1098 "-" "axios/1.20.0"
2026-09-18 18:54:33 INFO [RISK_ENGINE]: Risk evaluated for chamoli-karnaprayag: Score=41.2, Tier=MODERATE | {"assessmentId":"6aad3b91995c57964eca9d91"}
2026-09-18 18:54:33 INFO [API]: ::1 - - [18/Sep/2026:13:24:33 +0000] "GET /api/risk/zones/chamoli-karnaprayag/latest HTTP/1.1" 200 463 "-" "axios/1.20.0"
2026-09-18 18:54:34 INFO [ML_BRIDGE]: Inference completed for zone: gp_245769705 | {"ensembleProbability":0.4589,"latencyMs":52}
2026-09-18 18:54:34 INFO [API]: ::1 - - [18/Sep/2026:13:24:34 +0000] "POST /api/iot/telemetry HTTP/1.1" 201 1081 "-" "axios/1.20.0"
2026-09-18 18:54:34 INFO [RISK_ENGINE]: Risk evaluated for gp_245769705: Score=40.1, Tier=MODERATE | {"assessmentId":"6aad3b92995c57964eca9d95"}
2026-09-18 18:54:34 INFO [API]: ::1 - - [18/Sep/2026:13:24:34 +0000] "GET /api/risk/zones/gp_245769705/latest HTTP/1.1" 200 1740 "-" "axios/1.20.0"
2026-09-18 18:54:34 INFO [ML_BRIDGE]: Inference completed for zone: gp_245769841 | {"ensembleProbability":0.4654,"latencyMs":50}
2026-09-18 18:54:34 INFO [API]: ::1 - - [18/Sep/2026:13:24:34 +0000] "POST /api/iot/telemetry HTTP/1.1" 201 1087 "-" "axios/1.20.0"
2026-09-18 18:54:34 INFO [RISK_ENGINE]: Risk evaluated for gp_245769841: Score=40.6, Tier=MODERATE | {"assessmentId":"6aad3b92995c57964eca9d99"}
2026-09-18 18:54:35 INFO [API]: ::1 - - [18/Sep/2026:13:24:35 +0000] "GET /api/risk/zones/gp_245769841/latest HTTP/1.1" 200 1736 "-" "axios/1.20.0"
2026-09-18 18:54:35 INFO [ML_BRIDGE]: Inference completed for zone: gp_245770322 | {"ensembleProbability":0.4245,"latencyMs":50}
2026-09-18 18:54:35 INFO [API]: ::1 - - [18/Sep/2026:13:24:35 +0000] "POST /api/iot/telemetry HTTP/1.1" 201 1087 "-" "axios/1.20.0"
2026-09-18 18:54:35 INFO [RISK_ENGINE]: Risk evaluated for gp_245770322: Score=38.5, Tier=LOW | {"assessmentId":"6aad3b93995c57964eca9d9d"}
2026-09-18 18:54:35 INFO [API]: ::1 - - [18/Sep/2026:13:24:35 +0000] "GET /api/risk/zones/gp_245770322/latest HTTP/1.1" 200 1725 "-" "axios/1.20.0"
2026-09-18 18:54:36 INFO [ML_BRIDGE]: Inference completed for zone: gp_342101369 | {"ensembleProbability":0.3523,"latencyMs":50}
2026-09-18 18:54:36 INFO [API]: ::1 - - [18/Sep/2026:13:24:36 +0000] "POST /api/iot/telemetry HTTP/1.1" 201 1092 "-" "axios/1.20.0"
2026-09-18 18:54:36 INFO [RISK_ENGINE]: Risk evaluated for gp_342101369: Score=34.4, Tier=LOW | {"assessmentId":"6aad3b94995c57964eca9da1"}
2026-09-18 18:54:36 INFO [API]: ::1 - - [18/Sep/2026:13:24:36 +0000] "GET /api/risk/zones/gp_342101369/latest HTTP/1.1" 200 1709 "-" "axios/1.20.0"
2026-09-18 18:54:36 INFO [ML_BRIDGE]: Inference completed for zone: gp_342101403 | {"ensembleProbability":0.3909,"latencyMs":50}
2026-09-18 18:54:36 INFO [API]: ::1 - - [18/Sep/2026:13:24:36 +0000] "POST /api/iot/telemetry HTTP/1.1" 201 1087 "-" "axios/1.20.0"
2026-09-18 18:54:37 INFO [RISK_ENGINE]: Risk evaluated for gp_342101403: Score=36.4, Tier=LOW | {"assessmentId":"6aad3b94995c57964eca9da5"}
2026-09-18 18:54:37 INFO [API]: ::1 - - [18/Sep/2026:13:24:37 +0000] "GET /api/risk/zones/gp_342101403/latest HTTP/1.1" 200 1682 "-" "axios/1.20.0"
2026-09-18 18:54:37 INFO [ML_BRIDGE]: Inference completed for zone: gp_342101517 | {"ensembleProbability":0.3159,"latencyMs":51}
2026-09-18 18:54:37 INFO [API]: ::1 - - [18/Sep/2026:13:24:37 +0000] "POST /api/iot/telemetry HTTP/1.1" 201 1088 "-" "axios/1.20.0"
2026-09-18 18:54:37 INFO [RISK_ENGINE]: Risk evaluated for gp_342101517: Score=32.8, Tier=LOW | {"assessmentId":"6aad3b95995c57964eca9da9"}
2026-09-18 18:54:37 INFO [API]: ::1 - - [18/Sep/2026:13:24:37 +0000] "GET /api/risk/zones/gp_342101517/latest HTTP/1.1" 200 1705 "-" "axios/1.20.0"
2026-09-18 18:54:38 INFO [ML_BRIDGE]: Inference completed for zone: gp_342101526 | {"ensembleProbability":0.4158,"latencyMs":51}
2026-09-18 18:54:38 INFO [API]: ::1 - - [18/Sep/2026:13:24:38 +0000] "POST /api/iot/telemetry HTTP/1.1" 201 1093 "-" "axios/1.20.0"
2026-09-18 18:54:38 INFO [RISK_ENGINE]: Risk evaluated for gp_342101526: Score=37.7, Tier=LOW | {"assessmentId":"6aad3b96995c57964eca9dad"}
2026-09-18 18:54:38 INFO [API]: ::1 - - [18/Sep/2026:13:24:38 +0000] "GET /api/risk/zones/gp_342101526/latest HTTP/1.1" 200 1697 "-" "axios/1.20.0"
2026-09-18 18:54:38 INFO [ML_BRIDGE]: Inference completed for zone: gp_342104576 | {"ensembleProbability":0.421,"latencyMs":52}
2026-09-18 18:54:38 INFO [API]: ::1 - - [18/Sep/2026:13:24:38 +0000] "POST /api/iot/telemetry HTTP/1.1" 201 1086 "-" "axios/1.20.0"
2026-09-18 18:54:38 INFO [RISK_ENGINE]: Risk evaluated for gp_342104576: Score=38.3, Tier=LOW | {"assessmentId":"6aad3b96995c57964eca9db1"}
2026-09-18 18:54:38 INFO [API]: ::1 - - [18/Sep/2026:13:24:38 +0000] "GET /api/risk/zones/gp_342104576/latest HTTP/1.1" 200 1703 "-" "axios/1.20.0"
2026-09-18 18:54:39 INFO [ML_BRIDGE]: Inference completed for zone: gp_342104705 | {"ensembleProbability":0.4101,"latencyMs":52}
2026-09-18 18:54:39 INFO [API]: ::1 - - [18/Sep/2026:13:24:39 +0000] "POST /api/iot/telemetry HTTP/1.1" 201 1091 "-" "axios/1.20.0"
2026-09-18 18:54:39 INFO [RISK_ENGINE]: Risk evaluated for gp_342104705: Score=37.3, Tier=LOW | {"assessmentId":"6aad3b97995c57964eca9db5"}
2026-09-18 18:54:39 INFO [API]: ::1 - - [18/Sep/2026:13:24:39 +0000] "GET /api/risk/zones/gp_342104705/latest HTTP/1.1" 200 1712 "-" "axios/1.20.0"
2026-09-18 18:54:39 INFO [ML_BRIDGE]: Inference completed for zone: gp_342104713 | {"ensembleProbability":0.4407,"latencyMs":52}
2026-09-18 18:54:39 INFO [API]: ::1 - - [18/Sep/2026:13:24:39 +0000] "POST /api/iot/telemetry HTTP/1.1" 201 1092 "-" "axios/1.20.0"
2026-09-18 18:54:40 INFO [RISK_ENGINE]: Risk evaluated for gp_342104713: Score=39.2, Tier=LOW | {"assessmentId":"6aad3b97995c57964eca9db9"}
2026-09-18 18:54:40 INFO [API]: ::1 - - [18/Sep/2026:13:24:40 +0000] "GET /api/risk/zones/gp_342104713/latest HTTP/1.1" 200 1686 "-" "axios/1.20.0"
2026-09-18 18:54:40 INFO [ML_BRIDGE]: Inference completed for zone: gp_342104721 | {"ensembleProbability":0.4168,"latencyMs":60}
2026-09-18 18:54:40 INFO [API]: ::1 - - [18/Sep/2026:13:24:40 +0000] "POST /api/iot/telemetry HTTP/1.1" 201 1093 "-" "axios/1.20.0"
2026-09-18 18:54:40 INFO [RISK_ENGINE]: Risk evaluated for gp_342104721: Score=38.2, Tier=LOW | {"assessmentId":"6aad3b98995c57964eca9dbd"}
2026-09-18 18:54:41 INFO [API]: ::1 - - [18/Sep/2026:13:24:41 +0000] "GET /api/risk/zones/gp_342104721/latest HTTP/1.1" 200 1682 "-" "axios/1.20.0"
2026-09-18 18:54:41 INFO [ML_BRIDGE]: Inference completed for zone: gp_342104733 | {"ensembleProbability":0.4331,"latencyMs":50}
2026-09-18 18:54:41 INFO [API]: ::1 - - [18/Sep/2026:13:24:41 +0000] "POST /api/iot/telemetry HTTP/1.1" 201 1091 "-" "axios/1.20.0"
2026-09-18 18:54:41 INFO [RISK_ENGINE]: Risk evaluated for gp_342104733: Score=38.6, Tier=LOW | {"assessmentId":"6aad3b99995c57964eca9dc1"}
2026-09-18 18:54:41 INFO [API]: ::1 - - [18/Sep/2026:13:24:41 +0000] "GET /api/risk/zones/gp_342104733/latest HTTP/1.1" 200 1703 "-" "axios/1.20.0"
2026-09-18 18:54:42 INFO [ML_BRIDGE]: Inference completed for zone: gp_342104742 | {"ensembleProbability":0.433,"latencyMs":49}
2026-09-18 18:54:42 INFO [API]: ::1 - - [18/Sep/2026:13:24:42 +0000] "POST /api/iot/telemetry HTTP/1.1" 201 1087 "-" "axios/1.20.0"
2026-09-18 18:54:42 INFO [RISK_ENGINE]: Risk evaluated for gp_342104742: Score=38.6, Tier=LOW | {"assessmentId":"6aad3b9a995c57964eca9dc5"}
2026-09-18 18:54:42 INFO [API]: ::1 - - [18/Sep/2026:13:24:42 +0000] "GET /api/risk/zones/gp_342104742/latest HTTP/1.1" 200 1721 "-" "axios/1.20.0"
2026-09-18 18:54:42 INFO [ML_BRIDGE]: Inference completed for zone: gp_342104752 | {"ensembleProbability":0.4327,"latencyMs":51}
2026-09-18 18:54:42 INFO [API]: ::1 - - [18/Sep/2026:13:24:42 +0000] "POST /api/iot/telemetry HTTP/1.1" 201 1091 "-" "axios/1.20.0"
2026-09-18 18:54:42 INFO [RISK_ENGINE]: Risk evaluated for gp_342104752: Score=39.1, Tier=LOW | {"assessmentId":"6aad3b9a995c57964eca9dc9"}
2026-09-18 18:54:42 INFO [API]: ::1 - - [18/Sep/2026:13:24:42 +0000] "GET /api/risk/zones/gp_342104752/latest HTTP/1.1" 200 1708 "-" "axios/1.20.0"
2026-09-18 18:54:43 INFO [ML_BRIDGE]: Inference completed for zone: gp_342104772 | {"ensembleProbability":0.4285,"latencyMs":51}
2026-09-18 18:54:43 INFO [API]: ::1 - - [18/Sep/2026:13:24:43 +0000] "POST /api/iot/telemetry HTTP/1.1" 201 1089 "-" "axios/1.20.0"
2026-09-18 18:54:43 INFO [RISK_ENGINE]: Risk evaluated for gp_342104772: Score=38.4, Tier=LOW | {"assessmentId":"6aad3b9b995c57964eca9dcd"}
2026-09-18 18:54:43 INFO [API]: ::1 - - [18/Sep/2026:13:24:43 +0000] "GET /api/risk/zones/gp_342104772/latest HTTP/1.1" 200 1687 "-" "axios/1.20.0"
2026-09-18 18:54:44 INFO [ML_BRIDGE]: Inference completed for zone: gp_342104782 | {"ensembleProbability":0.4475,"latencyMs":52}
2026-09-18 18:54:44 INFO [API]: ::1 - - [18/Sep/2026:13:24:44 +0000] "POST /api/iot/telemetry HTTP/1.1" 201 1093 "-" "axios/1.20.0"
2026-09-18 18:54:44 INFO [RISK_ENGINE]: Risk evaluated for gp_342104782: Score=39.7, Tier=LOW | {"assessmentId":"6aad3b9c995c57964eca9dd1"}
2026-09-18 18:54:44 INFO [API]: ::1 - - [18/Sep/2026:13:24:44 +0000] "GET /api/risk/zones/gp_342104782/latest HTTP/1.1" 200 1679 "-" "axios/1.20.0"
2026-09-18 18:54:44 INFO [ML_BRIDGE]: Inference completed for zone: gp_342104871 | {"ensembleProbability":0.4605,"latencyMs":50}
2026-09-18 18:54:44 INFO [API]: ::1 - - [18/Sep/2026:13:24:44 +0000] "POST /api/iot/telemetry HTTP/1.1" 201 1085 "-" "axios/1.20.0"
2026-09-18 18:54:44 INFO [RISK_ENGINE]: Risk evaluated for gp_342104871: Score=39.8, Tier=LOW | {"assessmentId":"6aad3b9c995c57964eca9dd5"}
2026-09-18 18:54:44 INFO [API]: ::1 - - [18/Sep/2026:13:24:44 +0000] "GET /api/risk/zones/gp_342104871/latest HTTP/1.1" 200 1702 "-" "axios/1.20.0"
2026-09-18 18:54:45 INFO [ML_BRIDGE]: Inference completed for zone: gp_342104880 | {"ensembleProbability":0.4594,"latencyMs":51}
2026-09-18 18:54:45 INFO [API]: ::1 - - [18/Sep/2026:13:24:45 +0000] "POST /api/iot/telemetry HTTP/1.1" 201 1083 "-" "axios/1.20.0"
2026-09-18 18:54:45 INFO [RISK_ENGINE]: Risk evaluated for gp_342104880: Score=40.1, Tier=MODERATE | {"assessmentId":"6aad3b9d995c57964eca9dd9"}
2026-09-18 18:54:45 INFO [API]: ::1 - - [18/Sep/2026:13:24:45 +0000] "GET /api/risk/zones/gp_342104880/latest HTTP/1.1" 200 1699 "-" "axios/1.20.0"
2026-09-18 18:54:46 INFO [ML_BRIDGE]: Inference completed for zone: gp_342104890 | {"ensembleProbability":0.4626,"latencyMs":51}
2026-09-18 18:54:46 INFO [API]: ::1 - - [18/Sep/2026:13:24:46 +0000] "POST /api/iot/telemetry HTTP/1.1" 201 1083 "-" "axios/1.20.0"
2026-09-18 18:54:46 INFO [RISK_ENGINE]: Risk evaluated for gp_342104890: Score=40.1, Tier=MODERATE | {"assessmentId":"6aad3b9e995c57964eca9ddd"}
2026-09-18 18:54:46 INFO [API]: ::1 - - [18/Sep/2026:13:24:46 +0000] "GET /api/risk/zones/gp_342104890/latest HTTP/1.1" 200 1732 "-" "axios/1.20.0"
2026-09-18 18:54:46 INFO [ML_BRIDGE]: Inference completed for zone: gp_342104895 | {"ensembleProbability":0.4465,"latencyMs":62}
2026-09-18 18:54:46 INFO [API]: ::1 - - [18/Sep/2026:13:24:46 +0000] "POST /api/iot/telemetry HTTP/1.1" 201 1087 "-" "axios/1.20.0"
2026-09-18 18:54:46 INFO [RISK_ENGINE]: Risk evaluated for gp_342104895: Score=39.4, Tier=LOW | {"assessmentId":"6aad3b9e995c57964eca9de1"}
2026-09-18 18:54:46 INFO [API]: ::1 - - [18/Sep/2026:13:24:46 +0000] "GET /api/risk/zones/gp_342104895/latest HTTP/1.1" 200 1691 "-" "axios/1.20.0"
2026-09-18 18:54:47 INFO [ML_BRIDGE]: Inference completed for zone: gp_342104904 | {"ensembleProbability":0.3769,"latencyMs":57}
2026-09-18 18:54:47 INFO [API]: ::1 - - [18/Sep/2026:13:24:47 +0000] "POST /api/iot/telemetry HTTP/1.1" 201 1086 "-" "axios/1.20.0"
2026-09-18 18:54:47 INFO [RISK_ENGINE]: Risk evaluated for gp_342104904: Score=35.9, Tier=LOW | {"assessmentId":"6aad3b9f995c57964eca9de5"}
2026-09-18 18:54:47 INFO [API]: ::1 - - [18/Sep/2026:13:24:47 +0000] "GET /api/risk/zones/gp_342104904/latest HTTP/1.1" 200 1678 "-" "axios/1.20.0"
2026-09-18 18:54:47 INFO [ML_BRIDGE]: Inference completed for zone: gp_342104914 | {"ensembleProbability":0.4111,"latencyMs":50}
2026-09-18 18:54:47 INFO [API]: ::1 - - [18/Sep/2026:13:24:47 +0000] "POST /api/iot/telemetry HTTP/1.1" 201 1086 "-" "axios/1.20.0"
2026-09-18 18:54:48 INFO [RISK_ENGINE]: Risk evaluated for gp_342104914: Score=37.5, Tier=LOW | {"assessmentId":"6aad3b9f995c57964eca9de9"}
2026-09-18 18:54:48 INFO [API]: ::1 - - [18/Sep/2026:13:24:48 +0000] "GET /api/risk/zones/gp_342104914/latest HTTP/1.1" 200 1672 "-" "axios/1.20.0"
2026-09-18 18:54:48 INFO [ML_BRIDGE]: Inference completed for zone: gp_342104924 | {"ensembleProbability":0.4375,"latencyMs":51}
2026-09-18 18:54:48 INFO [API]: ::1 - - [18/Sep/2026:13:24:48 +0000] "POST /api/iot/telemetry HTTP/1.1" 201 1087 "-" "axios/1.20.0"
2026-09-18 18:54:48 INFO [RISK_ENGINE]: Risk evaluated for gp_342104924: Score=38.7, Tier=LOW | {"assessmentId":"6aad3ba0995c57964eca9ded"}
2026-09-18 18:54:48 INFO [API]: ::1 - - [18/Sep/2026:13:24:48 +0000] "GET /api/risk/zones/gp_342104924/latest HTTP/1.1" 200 1679 "-" "axios/1.20.0"
2026-09-18 18:54:49 INFO [ML_BRIDGE]: Inference completed for zone: gp_342105210 | {"ensembleProbability":0.4223,"latencyMs":54}
2026-09-18 18:54:49 INFO [API]: ::1 - - [18/Sep/2026:13:24:49 +0000] "POST /api/iot/telemetry HTTP/1.1" 201 1093 "-" "axios/1.20.0"
2026-09-18 18:54:49 INFO [RISK_ENGINE]: Risk evaluated for gp_342105210: Score=38.3, Tier=LOW | {"assessmentId":"6aad3ba1995c57964eca9df1"}
2026-09-18 18:54:49 INFO [API]: ::1 - - [18/Sep/2026:13:24:49 +0000] "GET /api/risk/zones/gp_342105210/latest HTTP/1.1" 200 1684 "-" "axios/1.20.0"
2026-09-18 18:54:49 INFO [ML_BRIDGE]: Inference completed for zone: gp_342105222 | {"ensembleProbability":0.3665,"latencyMs":51}
2026-09-18 18:54:49 INFO [API]: ::1 - - [18/Sep/2026:13:24:49 +0000] "POST /api/iot/telemetry HTTP/1.1" 201 1093 "-" "axios/1.20.0"
2026-09-18 18:54:49 INFO [RISK_ENGINE]: Risk evaluated for gp_342105222: Score=35.2, Tier=LOW | {"assessmentId":"6aad3ba1995c57964eca9df5"}
2026-09-18 18:54:50 INFO [API]: ::1 - - [18/Sep/2026:13:24:50 +0000] "GET /api/risk/zones/gp_342105222/latest HTTP/1.1" 200 1706 "-" "axios/1.20.0"
2026-09-18 18:54:50 INFO [ML_BRIDGE]: Inference completed for zone: gp_342105233 | {"ensembleProbability":0.4271,"latencyMs":56}
2026-09-18 18:54:50 INFO [API]: ::1 - - [18/Sep/2026:13:24:50 +0000] "POST /api/iot/telemetry HTTP/1.1" 201 1093 "-" "axios/1.20.0"
2026-09-18 18:54:50 INFO [RISK_ENGINE]: Risk evaluated for gp_342105233: Score=38.6, Tier=LOW | {"assessmentId":"6aad3ba2995c57964eca9df9"}
2026-09-18 18:54:51 INFO [API]: ::1 - - [18/Sep/2026:13:24:51 +0000] "GET /api/risk/zones/gp_342105233/latest HTTP/1.1" 200 1705 "-" "axios/1.20.0"
2026-09-18 18:54:51 INFO [ML_BRIDGE]: Inference completed for zone: gp_342105245 | {"ensembleProbability":0.4558,"latencyMs":56}
2026-09-18 18:54:51 INFO [API]: ::1 - - [18/Sep/2026:13:24:51 +0000] "POST /api/iot/telemetry HTTP/1.1" 201 1093 "-" "axios/1.20.0"
2026-09-18 18:54:51 INFO [RISK_ENGINE]: Risk evaluated for gp_342105245: Score=40, Tier=MODERATE | {"assessmentId":"6aad3ba3995c57964eca9dfd"}
2026-09-18 18:54:51 INFO [API]: ::1 - - [18/Sep/2026:13:24:51 +0000] "GET /api/risk/zones/gp_342105245/latest HTTP/1.1" 200 1751 "-" "axios/1.20.0"
2026-09-18 18:54:52 INFO [ML_BRIDGE]: Inference completed for zone: gp_342105258 | {"ensembleProbability":0.4473,"latencyMs":50}
2026-09-18 18:54:52 INFO [API]: ::1 - - [18/Sep/2026:13:24:52 +0000] "POST /api/iot/telemetry HTTP/1.1" 201 1093 "-" "axios/1.20.0"
2026-09-18 18:54:52 INFO [RISK_ENGINE]: Risk evaluated for gp_342105258: Score=39.3, Tier=LOW | {"assessmentId":"6aad3ba4995c57964eca9e01"}
2026-09-18 18:54:52 INFO [API]: ::1 - - [18/Sep/2026:13:24:52 +0000] "GET /api/risk/zones/gp_342105258/latest HTTP/1.1" 200 1713 "-" "axios/1.20.0"
2026-09-18 18:54:52 INFO [ML_BRIDGE]: Inference completed for zone: gp_342105269 | {"ensembleProbability":0.4159,"latencyMs":53}
2026-09-18 18:54:52 INFO [API]: ::1 - - [18/Sep/2026:13:24:52 +0000] "POST /api/iot/telemetry HTTP/1.1" 201 1093 "-" "axios/1.20.0"
2026-09-18 18:54:52 INFO [RISK_ENGINE]: Risk evaluated for gp_342105269: Score=37.8, Tier=LOW | {"assessmentId":"6aad3ba4995c57964eca9e05"}
2026-09-18 18:54:52 INFO [API]: ::1 - - [18/Sep/2026:13:24:52 +0000] "GET /api/risk/zones/gp_342105269/latest HTTP/1.1" 200 1694 "-" "axios/1.20.0"
2026-09-18 18:54:53 INFO [ML_BRIDGE]: Inference completed for zone: gp_342105645 | {"ensembleProbability":0.4165,"latencyMs":52}
2026-09-18 18:54:53 INFO [API]: ::1 - - [18/Sep/2026:13:24:53 +0000] "POST /api/iot/telemetry HTTP/1.1" 201 1087 "-" "axios/1.20.0"
2026-09-18 18:54:53 INFO [RISK_ENGINE]: Risk evaluated for gp_342105645: Score=37.6, Tier=LOW | {"assessmentId":"6aad3ba5995c57964eca9e09"}
2026-09-18 18:54:53 INFO [API]: ::1 - - [18/Sep/2026:13:24:53 +0000] "GET /api/risk/zones/gp_342105645/latest HTTP/1.1" 200 1684 "-" "axios/1.20.0"
2026-09-18 18:54:54 INFO [ML_BRIDGE]: Inference completed for zone: gp_342105657 | {"ensembleProbability":0.4184,"latencyMs":51}
2026-09-18 18:54:54 INFO [API]: ::1 - - [18/Sep/2026:13:24:54 +0000] "POST /api/iot/telemetry HTTP/1.1" 201 1084 "-" "axios/1.20.0"
2026-09-18 18:54:54 INFO [RISK_ENGINE]: Risk evaluated for gp_342105657: Score=37.7, Tier=LOW | {"assessmentId":"6aad3ba6995c57964eca9e0d"}
2026-09-18 18:54:54 INFO [API]: ::1 - - [18/Sep/2026:13:24:54 +0000] "GET /api/risk/zones/gp_342105657/latest HTTP/1.1" 200 1680 "-" "axios/1.20.0"
2026-09-18 18:54:55 INFO [ML_BRIDGE]: Inference completed for zone: gp_342105671 | {"ensembleProbability":0.3912,"latencyMs":51}
2026-09-18 18:54:55 INFO [API]: ::1 - - [18/Sep/2026:13:24:55 +0000] "POST /api/iot/telemetry HTTP/1.1" 201 1086 "-" "axios/1.20.0"
2026-09-18 18:54:55 INFO [RISK_ENGINE]: Risk evaluated for gp_342105671: Score=36.4, Tier=LOW | {"assessmentId":"6aad3ba7995c57964eca9e11"}
2026-09-18 18:54:55 INFO [API]: ::1 - - [18/Sep/2026:13:24:55 +0000] "GET /api/risk/zones/gp_342105671/latest HTTP/1.1" 200 1699 "-" "axios/1.20.0"
2026-09-18 18:54:55 INFO [ML_BRIDGE]: Inference completed for zone: gp_342105686 | {"ensembleProbability":0.4386,"latencyMs":52}
2026-09-18 18:54:55 INFO [API]: ::1 - - [18/Sep/2026:13:24:55 +0000] "POST /api/iot/telemetry HTTP/1.1" 201 1083 "-" "axios/1.20.0"
2026-09-18 18:54:55 INFO [RISK_ENGINE]: Risk evaluated for gp_342105686: Score=38.9, Tier=LOW | {"assessmentId":"6aad3ba7995c57964eca9e15"}
2026-09-18 18:54:55 INFO [API]: ::1 - - [18/Sep/2026:13:24:55 +0000] "GET /api/risk/zones/gp_342105686/latest HTTP/1.1" 200 1679 "-" "axios/1.20.0"
2026-09-18 18:54:56 INFO [ML_BRIDGE]: Inference completed for zone: gp_342105699 | {"ensembleProbability":0.4391,"latencyMs":50}
2026-09-18 18:54:56 INFO [API]: ::1 - - [18/Sep/2026:13:24:56 +0000] "POST /api/iot/telemetry HTTP/1.1" 201 1087 "-" "axios/1.20.0"
2026-09-18 18:54:56 INFO [RISK_ENGINE]: Risk evaluated for gp_342105699: Score=39.1, Tier=LOW | {"assessmentId":"6aad3ba8995c57964eca9e19"}
2026-09-18 18:54:56 INFO [API]: ::1 - - [18/Sep/2026:13:24:56 +0000] "GET /api/risk/zones/gp_342105699/latest HTTP/1.1" 200 1706 "-" "axios/1.20.0"
2026-09-18 18:54:57 INFO [ML_BRIDGE]: Inference completed for zone: gp_342105710 | {"ensembleProbability":0.4404,"latencyMs":51}
2026-09-18 18:54:57 INFO [API]: ::1 - - [18/Sep/2026:13:24:57 +0000] "POST /api/iot/telemetry HTTP/1.1" 201 1087 "-" "axios/1.20.0"
2026-09-18 18:54:57 INFO [RISK_ENGINE]: Risk evaluated for gp_342105710: Score=38.8, Tier=LOW | {"assessmentId":"6aad3ba9995c57964eca9e1d"}
2026-09-18 18:54:57 INFO [API]: ::1 - - [18/Sep/2026:13:24:57 +0000] "GET /api/risk/zones/gp_342105710/latest HTTP/1.1" 200 1700 "-" "axios/1.20.0"
2026-09-18 18:54:58 INFO [ML_BRIDGE]: Inference completed for zone: gp_342106406 | {"ensembleProbability":0.4202,"latencyMs":50}
2026-09-18 18:54:58 INFO [API]: ::1 - - [18/Sep/2026:13:24:58 +0000] "POST /api/iot/telemetry HTTP/1.1" 201 1093 "-" "axios/1.20.0"
2026-09-18 18:54:58 INFO [RISK_ENGINE]: Risk evaluated for gp_342106406: Score=38.2, Tier=LOW | {"assessmentId":"6aad3baa995c57964eca9e21"}
2026-09-18 18:54:58 INFO [API]: ::1 - - [18/Sep/2026:13:24:58 +0000] "GET /api/risk/zones/gp_342106406/latest HTTP/1.1" 200 1680 "-" "axios/1.20.0"
2026-09-18 18:54:58 INFO [ML_BRIDGE]: Inference completed for zone: gp_342106416 | {"ensembleProbability":0.42,"latencyMs":51}
2026-09-18 18:54:58 INFO [API]: ::1 - - [18/Sep/2026:13:24:58 +0000] "POST /api/iot/telemetry HTTP/1.1" 201 1093 "-" "axios/1.20.0"
2026-09-18 18:54:58 INFO [RISK_ENGINE]: Risk evaluated for gp_342106416: Score=38.5, Tier=LOW | {"assessmentId":"6aad3baa995c57964eca9e25"}
2026-09-18 18:54:58 INFO [API]: ::1 - - [18/Sep/2026:13:24:58 +0000] "GET /api/risk/zones/gp_342106416/latest HTTP/1.1" 200 1691 "-" "axios/1.20.0"
2026-09-18 18:54:59 INFO [ML_BRIDGE]: Inference completed for zone: gp_342106426 | {"ensembleProbability":0.4203,"latencyMs":51}
2026-09-18 18:54:59 INFO [API]: ::1 - - [18/Sep/2026:13:24:59 +0000] "POST /api/iot/telemetry HTTP/1.1" 201 1093 "-" "axios/1.20.0"
2026-09-18 18:54:59 INFO [RISK_ENGINE]: Risk evaluated for gp_342106426: Score=38, Tier=LOW | {"assessmentId":"6aad3bab995c57964eca9e29"}
2026-09-18 18:54:59 INFO [API]: ::1 - - [18/Sep/2026:13:24:59 +0000] "GET /api/risk/zones/gp_342106426/latest HTTP/1.1" 200 1699 "-" "axios/1.20.0"
2026-09-18 18:55:00 INFO [ML_BRIDGE]: Inference completed for zone: gp_342106498 | {"ensembleProbability":0.4169,"latencyMs":52}
2026-09-18 18:55:00 INFO [API]: ::1 - - [18/Sep/2026:13:25:00 +0000] "POST /api/iot/telemetry HTTP/1.1" 201 1086 "-" "axios/1.20.0"
2026-09-18 18:55:00 INFO [RISK_ENGINE]: Risk evaluated for gp_342106498: Score=37.8, Tier=LOW | {"assessmentId":"6aad3bac995c57964eca9e2d"}
2026-09-18 18:55:00 INFO [API]: ::1 - - [18/Sep/2026:13:25:00 +0000] "GET /api/risk/zones/gp_342106498/latest HTTP/1.1" 200 1703 "-" "axios/1.20.0"
2026-09-18 18:55:01 INFO [ML_BRIDGE]: Inference completed for zone: gp_342106506 | {"ensembleProbability":0.4073,"latencyMs":50}
2026-09-18 18:55:01 INFO [API]: ::1 - - [18/Sep/2026:13:25:01 +0000] "POST /api/iot/telemetry HTTP/1.1" 201 1086 "-" "axios/1.20.0"
2026-09-18 18:55:01 INFO [RISK_ENGINE]: Risk evaluated for gp_342106506: Score=37.5, Tier=LOW | {"assessmentId":"6aad3bad995c57964eca9e31"}
2026-09-18 18:55:01 INFO [API]: ::1 - - [18/Sep/2026:13:25:01 +0000] "GET /api/risk/zones/gp_342106506/latest HTTP/1.1" 200 1699 "-" "axios/1.20.0"
2026-09-18 18:55:01 INFO [ML_BRIDGE]: Inference completed for zone: gp_342106517 | {"ensembleProbability":0.4216,"latencyMs":54}
2026-09-18 18:55:01 INFO [API]: ::1 - - [18/Sep/2026:13:25:01 +0000] "POST /api/iot/telemetry HTTP/1.1" 201 1086 "-" "axios/1.20.0"
2026-09-18 18:55:01 INFO [RISK_ENGINE]: Risk evaluated for gp_342106517: Score=38.4, Tier=LOW | {"assessmentId":"6aad3bad995c57964eca9e35"}
2026-09-18 18:55:01 INFO [API]: ::1 - - [18/Sep/2026:13:25:01 +0000] "GET /api/risk/zones/gp_342106517/latest HTTP/1.1" 200 1679 "-" "axios/1.20.0"
2026-09-18 18:55:02 INFO [ML_BRIDGE]: Inference completed for zone: gp_342106526 | {"ensembleProbability":0.3394,"latencyMs":50}
2026-09-18 18:55:02 INFO [API]: ::1 - - [18/Sep/2026:13:25:02 +0000] "POST /api/iot/telemetry HTTP/1.1" 201 1087 "-" "axios/1.20.0"
2026-09-18 18:55:02 INFO [RISK_ENGINE]: Risk evaluated for gp_342106526: Score=34, Tier=LOW | {"assessmentId":"6aad3bae995c57964eca9e39"}
2026-09-18 18:55:02 INFO [API]: ::1 - - [18/Sep/2026:13:25:02 +0000] "GET /api/risk/zones/gp_342106526/latest HTTP/1.1" 200 1680 "-" "axios/1.20.0"
2026-09-18 18:55:02 INFO [ML_BRIDGE]: Inference completed for zone: gp_342106535 | {"ensembleProbability":0.339,"latencyMs":53}
2026-09-18 18:55:02 INFO [API]: ::1 - - [18/Sep/2026:13:25:02 +0000] "POST /api/iot/telemetry HTTP/1.1" 201 1083 "-" "axios/1.20.0"
2026-09-18 18:55:02 INFO [RISK_ENGINE]: Risk evaluated for gp_342106535: Score=33.8, Tier=LOW | {"assessmentId":"6aad3bae995c57964eca9e3d"}
2026-09-18 18:55:03 INFO [API]: ::1 - - [18/Sep/2026:13:25:03 +0000] "GET /api/risk/zones/gp_342106535/latest HTTP/1.1" 200 1681 "-" "axios/1.20.0"
2026-09-18 18:55:03 INFO [ML_BRIDGE]: Inference completed for zone: gp_342106545 | {"ensembleProbability":0.4059,"latencyMs":52}
2026-09-18 18:55:03 INFO [API]: ::1 - - [18/Sep/2026:13:25:03 +0000] "POST /api/iot/telemetry HTTP/1.1" 201 1082 "-" "axios/1.20.0"
2026-09-18 18:55:03 INFO [RISK_ENGINE]: Risk evaluated for gp_342106545: Score=37.3, Tier=LOW | {"assessmentId":"6aad3baf995c57964eca9e41"}
2026-09-18 18:55:03 INFO [API]: ::1 - - [18/Sep/2026:13:25:03 +0000] "GET /api/risk/zones/gp_342106545/latest HTTP/1.1" 200 1684 "-" "axios/1.20.0"
2026-09-18 18:55:04 INFO [ML_BRIDGE]: Inference completed for zone: gp_342107407 | {"ensembleProbability":0.469,"latencyMs":59}
2026-09-18 18:55:04 INFO [API]: ::1 - - [18/Sep/2026:13:25:04 +0000] "POST /api/iot/telemetry HTTP/1.1" 201 1085 "-" "axios/1.20.0"
2026-09-18 18:55:04 INFO [RISK_ENGINE]: Risk evaluated for gp_342107407: Score=40.6, Tier=MODERATE | {"assessmentId":"6aad3bb0995c57964eca9e45"}
2026-09-18 18:55:04 INFO [API]: ::1 - - [18/Sep/2026:13:25:04 +0000] "GET /api/risk/zones/gp_342107407/latest HTTP/1.1" 200 1755 "-" "axios/1.20.0"
2026-09-18 18:55:04 INFO [ML_BRIDGE]: Inference completed for zone: gp_342107674 | {"ensembleProbability":0.4227,"latencyMs":50}
2026-09-18 18:55:04 INFO [API]: ::1 - - [18/Sep/2026:13:25:04 +0000] "POST /api/iot/telemetry HTTP/1.1" 201 1083 "-" "axios/1.20.0"
2026-09-18 18:55:04 INFO [RISK_ENGINE]: Risk evaluated for gp_342107674: Score=38.1, Tier=LOW | {"assessmentId":"6aad3bb0995c57964eca9e49"}
2026-09-18 18:55:04 INFO [API]: ::1 - - [18/Sep/2026:13:25:04 +0000] "GET /api/risk/zones/gp_342107674/latest HTTP/1.1" 200 1718 "-" "axios/1.20.0"
2026-09-18 18:55:05 INFO [ML_BRIDGE]: Inference completed for zone: gp_342107716 | {"ensembleProbability":0.464,"latencyMs":51}
2026-09-18 18:55:05 INFO [API]: ::1 - - [18/Sep/2026:13:25:05 +0000] "POST /api/iot/telemetry HTTP/1.1" 201 1087 "-" "axios/1.20.0"
2026-09-18 18:55:05 INFO [RISK_ENGINE]: Risk evaluated for gp_342107716: Score=40.4, Tier=MODERATE | {"assessmentId":"6aad3bb1995c57964eca9e4d"}
2026-09-18 18:55:05 INFO [API]: ::1 - - [18/Sep/2026:13:25:05 +0000] "GET /api/risk/zones/gp_342107716/latest HTTP/1.1" 200 1695 "-" "axios/1.20.0"
2026-09-18 18:55:06 INFO [ML_BRIDGE]: Inference completed for zone: gp_342107725 | {"ensembleProbability":0.4579,"latencyMs":52}
2026-09-18 18:55:06 INFO [API]: ::1 - - [18/Sep/2026:13:25:06 +0000] "POST /api/iot/telemetry HTTP/1.1" 201 1085 "-" "axios/1.20.0"
2026-09-18 18:55:06 INFO [RISK_ENGINE]: Risk evaluated for gp_342107725: Score=39.6, Tier=LOW | {"assessmentId":"6aad3bb2995c57964eca9e51"}
2026-09-18 18:55:06 INFO [API]: ::1 - - [18/Sep/2026:13:25:06 +0000] "GET /api/risk/zones/gp_342107725/latest HTTP/1.1" 200 1741 "-" "axios/1.20.0"
2026-09-18 18:55:06 INFO [ML_BRIDGE]: Inference completed for zone: gp_342107735 | {"ensembleProbability":0.4606,"latencyMs":50}
2026-09-18 18:55:06 INFO [API]: ::1 - - [18/Sep/2026:13:25:06 +0000] "POST /api/iot/telemetry HTTP/1.1" 201 1087 "-" "axios/1.20.0"
2026-09-18 18:55:06 INFO [RISK_ENGINE]: Risk evaluated for gp_342107735: Score=40.4, Tier=MODERATE | {"assessmentId":"6aad3bb2995c57964eca9e55"}
2026-09-18 18:55:06 INFO [API]: ::1 - - [18/Sep/2026:13:25:06 +0000] "GET /api/risk/zones/gp_342107735/latest HTTP/1.1" 200 1727 "-" "axios/1.20.0"
2026-09-18 18:55:07 INFO [ML_BRIDGE]: Inference completed for zone: gp_342107746 | {"ensembleProbability":0.4592,"latencyMs":51}
2026-09-18 18:55:07 INFO [API]: ::1 - - [18/Sep/2026:13:25:07 +0000] "POST /api/iot/telemetry HTTP/1.1" 201 1087 "-" "axios/1.20.0"
2026-09-18 18:55:07 INFO [RISK_ENGINE]: Risk evaluated for gp_342107746: Score=40, Tier=MODERATE | {"assessmentId":"6aad3bb3995c57964eca9e59"}
2026-09-18 18:55:07 INFO [API]: ::1 - - [18/Sep/2026:13:25:07 +0000] "GET /api/risk/zones/gp_342107746/latest HTTP/1.1" 200 1754 "-" "axios/1.20.0"
2026-09-18 18:55:07 INFO [ML_BRIDGE]: Inference completed for zone: gp_342107766 | {"ensembleProbability":0.4672,"latencyMs":51}
2026-09-18 18:55:07 INFO [API]: ::1 - - [18/Sep/2026:13:25:07 +0000] "POST /api/iot/telemetry HTTP/1.1" 201 1087 "-" "axios/1.20.0"
2026-09-18 18:55:07 INFO [RISK_ENGINE]: Risk evaluated for gp_342107766: Score=40.5, Tier=MODERATE | {"assessmentId":"6aad3bb3995c57964eca9e5d"}
2026-09-18 18:55:07 INFO [API]: ::1 - - [18/Sep/2026:13:25:07 +0000] "GET /api/risk/zones/gp_342107766/latest HTTP/1.1" 200 1746 "-" "axios/1.20.0"
2026-09-18 18:55:08 INFO [ML_BRIDGE]: Inference completed for zone: gp_342107846 | {"ensembleProbability":0.4389,"latencyMs":52}
2026-09-18 18:55:08 INFO [API]: ::1 - - [18/Sep/2026:13:25:08 +0000] "POST /api/iot/telemetry HTTP/1.1" 201 1093 "-" "axios/1.20.0"
2026-09-18 18:55:08 INFO [RISK_ENGINE]: Risk evaluated for gp_342107846: Score=38.8, Tier=LOW | {"assessmentId":"6aad3bb4995c57964eca9e61"}
2026-09-18 18:55:08 INFO [API]: ::1 - - [18/Sep/2026:13:25:08 +0000] "GET /api/risk/zones/gp_342107846/latest HTTP/1.1" 200 1685 "-" "axios/1.20.0"
2026-09-18 18:55:09 INFO [ML_BRIDGE]: Inference completed for zone: gp_342108124 | {"ensembleProbability":0.4405,"latencyMs":50}
2026-09-18 18:55:09 INFO [API]: ::1 - - [18/Sep/2026:13:25:09 +0000] "POST /api/iot/telemetry HTTP/1.1" 201 1083 "-" "axios/1.20.0"
2026-09-18 18:55:09 INFO [RISK_ENGINE]: Risk evaluated for gp_342108124: Score=39.4, Tier=LOW | {"assessmentId":"6aad3bb5995c57964eca9e65"}
2026-09-18 18:55:09 INFO [API]: ::1 - - [18/Sep/2026:13:25:09 +0000] "GET /api/risk/zones/gp_342108124/latest HTTP/1.1" 200 1679 "-" "axios/1.20.0"
2026-09-18 18:55:09 INFO [ML_BRIDGE]: Inference completed for zone: gp_342108135 | {"ensembleProbability":0.4345,"latencyMs":55}
2026-09-18 18:55:09 INFO [API]: ::1 - - [18/Sep/2026:13:25:09 +0000] "POST /api/iot/telemetry HTTP/1.1" 201 1087 "-" "axios/1.20.0"
2026-09-18 18:55:10 INFO [RISK_ENGINE]: Risk evaluated for gp_342108135: Score=38.5, Tier=LOW | {"assessmentId":"6aad3bb5995c57964eca9e69"}
2026-09-18 18:55:10 INFO [API]: ::1 - - [18/Sep/2026:13:25:10 +0000] "GET /api/risk/zones/gp_342108135/latest HTTP/1.1" 200 1681 "-" "axios/1.20.0"
2026-09-18 18:55:10 INFO [ML_BRIDGE]: Inference completed for zone: gp_342108143 | {"ensembleProbability":0.4347,"latencyMs":50}
2026-09-18 18:55:10 INFO [API]: ::1 - - [18/Sep/2026:13:25:10 +0000] "POST /api/iot/telemetry HTTP/1.1" 201 1087 "-" "axios/1.20.0"
2026-09-18 18:55:10 INFO [RISK_ENGINE]: Risk evaluated for gp_342108143: Score=38.4, Tier=LOW | {"assessmentId":"6aad3bb6995c57964eca9e6d"}
2026-09-18 18:55:10 INFO [API]: ::1 - - [18/Sep/2026:13:25:10 +0000] "GET /api/risk/zones/gp_342108143/latest HTTP/1.1" 200 1699 "-" "axios/1.20.0"
2026-09-18 18:55:11 INFO [ML_BRIDGE]: Inference completed for zone: gp_342108186 | {"ensembleProbability":0.4596,"latencyMs":56}
2026-09-18 18:55:11 INFO [API]: ::1 - - [18/Sep/2026:13:25:11 +0000] "POST /api/iot/telemetry HTTP/1.1" 201 1087 "-" "axios/1.20.0"
2026-09-18 18:55:11 INFO [RISK_ENGINE]: Risk evaluated for gp_342108186: Score=39.9, Tier=LOW | {"assessmentId":"6aad3bb7995c57964eca9e71"}
2026-09-18 18:55:11 INFO [API]: ::1 - - [18/Sep/2026:13:25:11 +0000] "GET /api/risk/zones/gp_342108186/latest HTTP/1.1" 200 1721 "-" "axios/1.20.0"
2026-09-18 18:55:11 INFO [ML_BRIDGE]: Inference completed for zone: gp_342108821 | {"ensembleProbability":0.4521,"latencyMs":57}
2026-09-18 18:55:11 INFO [API]: ::1 - - [18/Sep/2026:13:25:11 +0000] "POST /api/iot/telemetry HTTP/1.1" 201 1085 "-" "axios/1.20.0"
2026-09-18 18:55:12 INFO [RISK_ENGINE]: Risk evaluated for gp_342108821: Score=39.5, Tier=LOW | {"assessmentId":"6aad3bb7995c57964eca9e75"}
2026-09-18 18:55:12 INFO [API]: ::1 - - [18/Sep/2026:13:25:12 +0000] "GET /api/risk/zones/gp_342108821/latest HTTP/1.1" 200 1742 "-" "axios/1.20.0"
2026-09-18 18:55:12 INFO [ML_BRIDGE]: Inference completed for zone: gp_342108828 | {"ensembleProbability":0.4719,"latencyMs":50}
2026-09-18 18:55:12 INFO [API]: ::1 - - [18/Sep/2026:13:25:12 +0000] "POST /api/iot/telemetry HTTP/1.1" 201 1087 "-" "axios/1.20.0"
2026-09-18 18:55:12 INFO [RISK_ENGINE]: Risk evaluated for gp_342108828: Score=40.6, Tier=MODERATE | {"assessmentId":"6aad3bb8995c57964eca9e79"}
2026-09-18 18:55:12 INFO [API]: ::1 - - [18/Sep/2026:13:25:12 +0000] "GET /api/risk/zones/gp_342108828/latest HTTP/1.1" 200 1729 "-" "axios/1.20.0"
2026-09-18 18:55:13 INFO [ML_BRIDGE]: Inference completed for zone: gp_342109077 | {"ensembleProbability":0.368,"latencyMs":51}
2026-09-18 18:55:13 INFO [API]: ::1 - - [18/Sep/2026:13:25:13 +0000] "POST /api/iot/telemetry HTTP/1.1" 201 1084 "-" "axios/1.20.0"
2026-09-18 18:55:13 INFO [RISK_ENGINE]: Risk evaluated for gp_342109077: Score=35.5, Tier=LOW | {"assessmentId":"6aad3bb9995c57964eca9e7d"}
2026-09-18 18:55:13 INFO [API]: ::1 - - [18/Sep/2026:13:25:13 +0000] "GET /api/risk/zones/gp_342109077/latest HTTP/1.1" 200 1721 "-" "axios/1.20.0"
2026-09-18 18:55:13 INFO [ML_BRIDGE]: Inference completed for zone: gp_342109100 | {"ensembleProbability":0.3648,"latencyMs":56}
2026-09-18 18:55:13 INFO [API]: ::1 - - [18/Sep/2026:13:25:13 +0000] "POST /api/iot/telemetry HTTP/1.1" 201 1092 "-" "axios/1.20.0"
2026-09-18 18:55:14 INFO [RISK_ENGINE]: Risk evaluated for gp_342109100: Score=35.1, Tier=LOW | {"assessmentId":"6aad3bb9995c57964eca9e81"}
2026-09-18 18:55:14 INFO [API]: ::1 - - [18/Sep/2026:13:25:14 +0000] "GET /api/risk/zones/gp_342109100/latest HTTP/1.1" 200 1712 "-" "axios/1.20.0"
2026-09-18 18:55:14 INFO [ML_BRIDGE]: Inference completed for zone: gp_342109112 | {"ensembleProbability":0.3805,"latencyMs":50}
2026-09-18 18:55:14 INFO [API]: ::1 - - [18/Sep/2026:13:25:14 +0000] "POST /api/iot/telemetry HTTP/1.1" 201 1088 "-" "axios/1.20.0"
2026-09-18 18:55:14 INFO [RISK_ENGINE]: Risk evaluated for gp_342109112: Score=35.8, Tier=LOW | {"assessmentId":"6aad3bba995c57964eca9e85"}
2026-09-18 18:55:14 INFO [API]: ::1 - - [18/Sep/2026:13:25:14 +0000] "GET /api/risk/zones/gp_342109112/latest HTTP/1.1" 200 1688 "-" "axios/1.20.0"
2026-09-18 18:55:15 INFO [ML_BRIDGE]: Inference completed for zone: gp_342109138 | {"ensembleProbability":0.4673,"latencyMs":51}
2026-09-18 18:55:15 INFO [API]: ::1 - - [18/Sep/2026:13:25:15 +0000] "POST /api/iot/telemetry HTTP/1.1" 201 1087 "-" "axios/1.20.0"
2026-09-18 18:55:15 INFO [RISK_ENGINE]: Risk evaluated for gp_342109138: Score=40.5, Tier=MODERATE | {"assessmentId":"6aad3bbb995c57964eca9e89"}
2026-09-18 18:55:15 INFO [API]: ::1 - - [18/Sep/2026:13:25:15 +0000] "GET /api/risk/zones/gp_342109138/latest HTTP/1.1" 200 1701 "-" "axios/1.20.0"
2026-09-18 18:55:16 INFO [ML_BRIDGE]: Inference completed for zone: gp_342109151 | {"ensembleProbability":0.453,"latencyMs":52}
2026-09-18 18:55:16 INFO [API]: ::1 - - [18/Sep/2026:13:25:16 +0000] "POST /api/iot/telemetry HTTP/1.1" 201 1087 "-" "axios/1.20.0"
2026-09-18 18:55:16 INFO [RISK_ENGINE]: Risk evaluated for gp_342109151: Score=39.3, Tier=LOW | {"assessmentId":"6aad3bbc995c57964eca9e8d"}
2026-09-18 18:55:16 INFO [API]: ::1 - - [18/Sep/2026:13:25:16 +0000] "GET /api/risk/zones/gp_342109151/latest HTTP/1.1" 200 1699 "-" "axios/1.20.0"
2026-09-18 18:55:16 INFO [ML_BRIDGE]: Inference completed for zone: gp_342109161 | {"ensembleProbability":0.4359,"latencyMs":53}
2026-09-18 18:55:16 INFO [API]: ::1 - - [18/Sep/2026:13:25:16 +0000] "POST /api/iot/telemetry HTTP/1.1" 201 1086 "-" "axios/1.20.0"
2026-09-18 18:55:16 INFO [RISK_ENGINE]: Risk evaluated for gp_342109161: Score=39.2, Tier=LOW | {"assessmentId":"6aad3bbc995c57964eca9e91"}
2026-09-18 18:55:16 INFO [API]: ::1 - - [18/Sep/2026:13:25:16 +0000] "GET /api/risk/zones/gp_342109161/latest HTTP/1.1" 200 1675 "-" "axios/1.20.0"
2026-09-18 18:55:17 INFO [ML_BRIDGE]: Inference completed for zone: gp_342109167 | {"ensembleProbability":0.4359,"latencyMs":57}
2026-09-18 18:55:17 INFO [API]: ::1 - - [18/Sep/2026:13:25:17 +0000] "POST /api/iot/telemetry HTTP/1.1" 201 1086 "-" "axios/1.20.0"
2026-09-18 18:55:17 INFO [RISK_ENGINE]: Risk evaluated for gp_342109167: Score=39.1, Tier=LOW | {"assessmentId":"6aad3bbd995c57964eca9e95"}
2026-09-18 18:55:17 INFO [API]: ::1 - - [18/Sep/2026:13:25:17 +0000] "GET /api/risk/zones/gp_342109167/latest HTTP/1.1" 200 1698 "-" "axios/1.20.0"
2026-09-18 18:55:18 INFO [ML_BRIDGE]: Inference completed for zone: gp_342109175 | {"ensembleProbability":0.4176,"latencyMs":53}
2026-09-18 18:55:18 INFO [API]: ::1 - - [18/Sep/2026:13:25:18 +0000] "POST /api/iot/telemetry HTTP/1.1" 201 1087 "-" "axios/1.20.0"
2026-09-18 18:55:18 INFO [RISK_ENGINE]: Risk evaluated for gp_342109175: Score=37.8, Tier=LOW | {"assessmentId":"6aad3bbe995c57964eca9e99"}
2026-09-18 18:55:18 INFO [API]: ::1 - - [18/Sep/2026:13:25:18 +0000] "GET /api/risk/zones/gp_342109175/latest HTTP/1.1" 200 1675 "-" "axios/1.20.0"
2026-09-18 18:55:18 INFO [ML_BRIDGE]: Inference completed for zone: gp_342109786 | {"ensembleProbability":0.4539,"latencyMs":51}
2026-09-18 18:55:18 INFO [API]: ::1 - - [18/Sep/2026:13:25:18 +0000] "POST /api/iot/telemetry HTTP/1.1" 201 1082 "-" "axios/1.20.0"
2026-09-18 18:55:19 INFO [RISK_ENGINE]: Risk evaluated for gp_342109786: Score=39.7, Tier=LOW | {"assessmentId":"6aad3bbe995c57964eca9e9d"}
2026-09-18 18:55:19 INFO [API]: ::1 - - [18/Sep/2026:13:25:19 +0000] "GET /api/risk/zones/gp_342109786/latest HTTP/1.1" 200 1726 "-" "axios/1.20.0"
2026-09-18 18:55:19 INFO [ML_BRIDGE]: Inference completed for zone: gp_342109796 | {"ensembleProbability":0.4554,"latencyMs":51}
2026-09-18 18:55:19 INFO [API]: ::1 - - [18/Sep/2026:13:25:19 +0000] "POST /api/iot/telemetry HTTP/1.1" 201 1087 "-" "axios/1.20.0"
2026-09-18 18:55:19 INFO [RISK_ENGINE]: Risk evaluated for gp_342109796: Score=40, Tier=MODERATE | {"assessmentId":"6aad3bbf995c57964eca9ea1"}
2026-09-18 18:55:19 INFO [API]: ::1 - - [18/Sep/2026:13:25:19 +0000] "GET /api/risk/zones/gp_342109796/latest HTTP/1.1" 200 1741 "-" "axios/1.20.0"
2026-09-18 18:55:20 INFO [ML_BRIDGE]: Inference completed for zone: gp_342109814 | {"ensembleProbability":0.4596,"latencyMs":49}
2026-09-18 18:55:20 INFO [API]: ::1 - - [18/Sep/2026:13:25:20 +0000] "POST /api/iot/telemetry HTTP/1.1" 201 1087 "-" "axios/1.20.0"
2026-09-18 18:55:20 INFO [RISK_ENGINE]: Risk evaluated for gp_342109814: Score=40.1, Tier=MODERATE | {"assessmentId":"6aad3bc0995c57964eca9ea5"}
2026-09-18 18:55:20 INFO [API]: ::1 - - [18/Sep/2026:13:25:20 +0000] "GET /api/risk/zones/gp_342109814/latest HTTP/1.1" 200 1703 "-" "axios/1.20.0"
2026-09-18 18:55:21 INFO [ML_BRIDGE]: Inference completed for zone: gp_342109826 | {"ensembleProbability":0.4615,"latencyMs":67}
2026-09-18 18:55:21 INFO [API]: ::1 - - [18/Sep/2026:13:25:21 +0000] "POST /api/iot/telemetry HTTP/1.1" 201 1087 "-" "axios/1.20.0"
2026-09-18 18:55:21 INFO [RISK_ENGINE]: Risk evaluated for gp_342109826: Score=39.9, Tier=LOW | {"assessmentId":"6aad3bc1995c57964eca9ea9"}
2026-09-18 18:55:21 INFO [API]: ::1 - - [18/Sep/2026:13:25:21 +0000] "GET /api/risk/zones/gp_342109826/latest HTTP/1.1" 200 1727 "-" "axios/1.20.0"
2026-09-18 18:55:22 INFO [ML_BRIDGE]: Inference completed for zone: gp_342109848 | {"ensembleProbability":0.4614,"latencyMs":53}
2026-09-18 18:55:22 INFO [API]: ::1 - - [18/Sep/2026:13:25:22 +0000] "POST /api/iot/telemetry HTTP/1.1" 201 1087 "-" "axios/1.20.0"
2026-09-18 18:55:22 INFO [RISK_ENGINE]: Risk evaluated for gp_342109848: Score=39.9, Tier=LOW | {"assessmentId":"6aad3bc2995c57964eca9ead"}
2026-09-18 18:55:22 INFO [API]: ::1 - - [18/Sep/2026:13:25:22 +0000] "GET /api/risk/zones/gp_342109848/latest HTTP/1.1" 200 1725 "-" "axios/1.20.0"
2026-09-18 18:55:23 INFO [ML_BRIDGE]: Inference completed for zone: gp_342109858 | {"ensembleProbability":0.4422,"latencyMs":52}
2026-09-18 18:55:23 INFO [API]: ::1 - - [18/Sep/2026:13:25:23 +0000] "POST /api/iot/telemetry HTTP/1.1" 201 1083 "-" "axios/1.20.0"
2026-09-18 18:55:23 INFO [RISK_ENGINE]: Risk evaluated for gp_342109858: Score=39, Tier=LOW | {"assessmentId":"6aad3bc3995c57964eca9eb1"}
2026-09-18 18:55:23 INFO [API]: ::1 - - [18/Sep/2026:13:25:23 +0000] "GET /api/risk/zones/gp_342109858/latest HTTP/1.1" 200 1702 "-" "axios/1.20.0"
2026-09-18 18:55:23 INFO [ML_BRIDGE]: Inference completed for zone: gp_342109879 | {"ensembleProbability":0.4573,"latencyMs":51}
2026-09-18 18:55:23 INFO [API]: ::1 - - [18/Sep/2026:13:25:23 +0000] "POST /api/iot/telemetry HTTP/1.1" 201 1085 "-" "axios/1.20.0"
2026-09-18 18:55:23 INFO [RISK_ENGINE]: Risk evaluated for gp_342109879: Score=39.9, Tier=LOW | {"assessmentId":"6aad3bc3995c57964eca9eb5"}
2026-09-18 18:55:23 INFO [API]: ::1 - - [18/Sep/2026:13:25:23 +0000] "GET /api/risk/zones/gp_342109879/latest HTTP/1.1" 200 1720 "-" "axios/1.20.0"
2026-09-18 18:55:24 INFO [ML_BRIDGE]: Inference completed for zone: gp_342109891 | {"ensembleProbability":0.4635,"latencyMs":52}
2026-09-18 18:55:24 INFO [API]: ::1 - - [18/Sep/2026:13:25:24 +0000] "POST /api/iot/telemetry HTTP/1.1" 201 1083 "-" "axios/1.20.0"
2026-09-18 18:55:24 INFO [RISK_ENGINE]: Risk evaluated for gp_342109891: Score=40.2, Tier=MODERATE | {"assessmentId":"6aad3bc4995c57964eca9eb9"}
2026-09-18 18:55:24 INFO [API]: ::1 - - [18/Sep/2026:13:25:24 +0000] "GET /api/risk/zones/gp_342109891/latest HTTP/1.1" 200 1738 "-" "axios/1.20.0"
2026-09-18 18:55:24 INFO [ML_BRIDGE]: Inference completed for zone: gp_342109900 | {"ensembleProbability":0.4209,"latencyMs":50}
2026-09-18 18:55:24 INFO [API]: ::1 - - [18/Sep/2026:13:25:24 +0000] "POST /api/iot/telemetry HTTP/1.1" 201 1087 "-" "axios/1.20.0"
2026-09-18 18:55:24 INFO [RISK_ENGINE]: Risk evaluated for gp_342109900: Score=38.4, Tier=LOW | {"assessmentId":"6aad3bc4995c57964eca9ebd"}
2026-09-18 18:55:25 INFO [API]: ::1 - - [18/Sep/2026:13:25:25 +0000] "GET /api/risk/zones/gp_342109900/latest HTTP/1.1" 200 1695 "-" "axios/1.20.0"
2026-09-18 18:55:25 INFO [ML_BRIDGE]: Inference completed for zone: gp_342109919 | {"ensembleProbability":0.3725,"latencyMs":63}
2026-09-18 18:55:25 INFO [API]: ::1 - - [18/Sep/2026:13:25:25 +0000] "POST /api/iot/telemetry HTTP/1.1" 201 1086 "-" "axios/1.20.0"
2026-09-18 18:55:25 INFO [RISK_ENGINE]: Risk evaluated for gp_342109919: Score=36, Tier=LOW | {"assessmentId":"6aad3bc5995c57964eca9ec1"}
2026-09-18 18:55:25 INFO [API]: ::1 - - [18/Sep/2026:13:25:25 +0000] "GET /api/risk/zones/gp_342109919/latest HTTP/1.1" 200 1728 "-" "axios/1.20.0"
2026-09-18 18:55:26 INFO [ML_BRIDGE]: Inference completed for zone: gp_440867595 | {"ensembleProbability":0.4483,"latencyMs":56}
2026-09-18 18:55:26 INFO [API]: ::1 - - [18/Sep/2026:13:25:26 +0000] "POST /api/iot/telemetry HTTP/1.1" 201 1083 "-" "axios/1.20.0"
2026-09-18 18:55:26 INFO [RISK_ENGINE]: Risk evaluated for gp_440867595: Score=39.7, Tier=LOW | {"assessmentId":"6aad3bc6995c57964eca9ec5"}
2026-09-18 18:55:26 INFO [API]: ::1 - - [18/Sep/2026:13:25:26 +0000] "GET /api/risk/zones/gp_440867595/latest HTTP/1.1" 200 1687 "-" "axios/1.20.0"
2026-09-18 18:55:26 INFO [ML_BRIDGE]: Inference completed for zone: gp_616268996 | {"ensembleProbability":0.4178,"latencyMs":58}
2026-09-18 18:55:26 INFO [API]: ::1 - - [18/Sep/2026:13:25:26 +0000] "POST /api/iot/telemetry HTTP/1.1" 201 1084 "-" "axios/1.20.0"
2026-09-18 18:55:27 INFO [RISK_ENGINE]: Risk evaluated for gp_616268996: Score=38.1, Tier=LOW | {"assessmentId":"6aad3bc6995c57964eca9ec9"}
2026-09-18 18:55:27 INFO [API]: ::1 - - [18/Sep/2026:13:25:27 +0000] "GET /api/risk/zones/gp_616268996/latest HTTP/1.1" 200 1678 "-" "axios/1.20.0"
2026-09-18 18:55:27 INFO [ML_BRIDGE]: Inference completed for zone: gp_1347494803 | {"ensembleProbability":0.4326,"latencyMs":51}
2026-09-18 18:55:27 INFO [API]: ::1 - - [18/Sep/2026:13:25:27 +0000] "POST /api/iot/telemetry HTTP/1.1" 201 1090 "-" "axios/1.20.0"
2026-09-18 18:55:27 INFO [RISK_ENGINE]: Risk evaluated for gp_1347494803: Score=38.5, Tier=LOW | {"assessmentId":"6aad3bc7995c57964eca9ecd"}
2026-09-18 18:55:27 INFO [API]: ::1 - - [18/Sep/2026:13:25:27 +0000] "GET /api/risk/zones/gp_1347494803/latest HTTP/1.1" 200 1705 "-" "axios/1.20.0"
2026-09-18 18:55:28 INFO [ML_BRIDGE]: Inference completed for zone: gp_2077775906 | {"ensembleProbability":0.3821,"latencyMs":52}
2026-09-18 18:55:28 INFO [API]: ::1 - - [18/Sep/2026:13:25:28 +0000] "POST /api/iot/telemetry HTTP/1.1" 201 1096 "-" "axios/1.20.0"
2026-09-18 18:55:28 INFO [RISK_ENGINE]: Risk evaluated for gp_2077775906: Score=36.3, Tier=LOW | {"assessmentId":"6aad3bc8995c57964eca9ed1"}
2026-09-18 18:55:28 INFO [API]: ::1 - - [18/Sep/2026:13:25:28 +0000] "GET /api/risk/zones/gp_2077775906/latest HTTP/1.1" 200 1684 "-" "axios/1.20.0"
2026-09-18 18:55:28 INFO [ML_BRIDGE]: Inference completed for zone: gp_2207946888 | {"ensembleProbability":0.4552,"latencyMs":51}
2026-09-18 18:55:28 INFO [API]: ::1 - - [18/Sep/2026:13:25:28 +0000] "POST /api/iot/telemetry HTTP/1.1" 201 1095 "-" "axios/1.20.0"
2026-09-18 18:55:28 INFO [RISK_ENGINE]: Risk evaluated for gp_2207946888: Score=40.1, Tier=MODERATE | {"assessmentId":"6aad3bc8995c57964eca9ed5"}
2026-09-18 18:55:28 INFO [API]: ::1 - - [18/Sep/2026:13:25:28 +0000] "GET /api/risk/zones/gp_2207946888/latest HTTP/1.1" 200 1754 "-" "axios/1.20.0"
2026-09-18 18:55:29 INFO [ML_BRIDGE]: Inference completed for zone: gp_2355825400 | {"ensembleProbability":0.4016,"latencyMs":53}
2026-09-18 18:55:29 INFO [API]: ::1 - - [18/Sep/2026:13:25:29 +0000] "POST /api/iot/telemetry HTTP/1.1" 201 1088 "-" "axios/1.20.0"
2026-09-18 18:55:29 INFO [RISK_ENGINE]: Risk evaluated for gp_2355825400: Score=37.2, Tier=LOW | {"assessmentId":"6aad3bc9995c57964eca9ed9"}
2026-09-18 18:55:29 INFO [API]: ::1 - - [18/Sep/2026:13:25:29 +0000] "GET /api/risk/zones/gp_2355825400/latest HTTP/1.1" 200 1706 "-" "axios/1.20.0"
2026-09-18 18:55:29 INFO [ML_BRIDGE]: Inference completed for zone: gp_2376466260 | {"ensembleProbability":0.4373,"latencyMs":49}
2026-09-18 18:55:29 INFO [API]: ::1 - - [18/Sep/2026:13:25:29 +0000] "POST /api/iot/telemetry HTTP/1.1" 201 1090 "-" "axios/1.20.0"
2026-09-18 18:55:30 INFO [RISK_ENGINE]: Risk evaluated for gp_2376466260: Score=39, Tier=LOW | {"assessmentId":"6aad3bc9995c57964eca9edd"}
2026-09-18 18:55:30 INFO [API]: ::1 - - [18/Sep/2026:13:25:30 +0000] "GET /api/risk/zones/gp_2376466260/latest HTTP/1.1" 200 1706 "-" "axios/1.20.0"
2026-09-18 18:55:30 INFO [ML_BRIDGE]: Inference completed for zone: gp_2376466269 | {"ensembleProbability":0.4286,"latencyMs":54}
2026-09-18 18:55:30 INFO [API]: ::1 - - [18/Sep/2026:13:25:30 +0000] "POST /api/iot/telemetry HTTP/1.1" 201 1090 "-" "axios/1.20.0"
2026-09-18 18:55:30 INFO [RISK_ENGINE]: Risk evaluated for gp_2376466269: Score=38.6, Tier=LOW | {"assessmentId":"6aad3bca995c57964eca9ee1"}
2026-09-18 18:55:30 INFO [API]: ::1 - - [18/Sep/2026:13:25:30 +0000] "GET /api/risk/zones/gp_2376466269/latest HTTP/1.1" 200 1694 "-" "axios/1.20.0"
2026-09-18 18:55:31 INFO [ML_BRIDGE]: Inference completed for zone: gp_2376466278 | {"ensembleProbability":0.4657,"latencyMs":56}
2026-09-18 18:55:31 INFO [API]: ::1 - - [18/Sep/2026:13:25:31 +0000] "POST /api/iot/telemetry HTTP/1.1" 201 1090 "-" "axios/1.20.0"
2026-09-18 18:55:31 INFO [RISK_ENGINE]: Risk evaluated for gp_2376466278: Score=40.6, Tier=MODERATE | {"assessmentId":"6aad3bcb995c57964eca9ee5"}
2026-09-18 18:55:31 INFO [API]: ::1 - - [18/Sep/2026:13:25:31 +0000] "GET /api/risk/zones/gp_2376466278/latest HTTP/1.1" 200 1740 "-" "axios/1.20.0"
2026-09-18 18:55:31 INFO [ML_BRIDGE]: Inference completed for zone: gp_2376466284 | {"ensembleProbability":0.4524,"latencyMs":56}
2026-09-18 18:55:31 INFO [API]: ::1 - - [18/Sep/2026:13:25:31 +0000] "POST /api/iot/telemetry HTTP/1.1" 201 1088 "-" "axios/1.20.0"
2026-09-18 18:55:31 INFO [RISK_ENGINE]: Risk evaluated for gp_2376466284: Score=39.4, Tier=LOW | {"assessmentId":"6aad3bcb995c57964eca9ee9"}
2026-09-18 18:55:31 INFO [API]: ::1 - - [18/Sep/2026:13:25:31 +0000] "GET /api/risk/zones/gp_2376466284/latest HTTP/1.1" 200 1726 "-" "axios/1.20.0"
2026-09-18 18:55:32 INFO [ML_BRIDGE]: Inference completed for zone: gp_2376466294 | {"ensembleProbability":0.4547,"latencyMs":50}
2026-09-18 18:55:32 INFO [API]: ::1 - - [18/Sep/2026:13:25:32 +0000] "POST /api/iot/telemetry HTTP/1.1" 201 1085 "-" "axios/1.20.0"
2026-09-18 18:55:32 INFO [RISK_ENGINE]: Risk evaluated for gp_2376466294: Score=39.7, Tier=LOW | {"assessmentId":"6aad3bcc995c57964eca9eed"}
2026-09-18 18:55:32 INFO [API]: ::1 - - [18/Sep/2026:13:25:32 +0000] "GET /api/risk/zones/gp_2376466294/latest HTTP/1.1" 200 1705 "-" "axios/1.20.0"
2026-09-18 18:55:33 INFO [ML_BRIDGE]: Inference completed for zone: gp_2376466636 | {"ensembleProbability":0.4381,"latencyMs":51}
2026-09-18 18:55:33 INFO [API]: ::1 - - [18/Sep/2026:13:25:33 +0000] "POST /api/iot/telemetry HTTP/1.1" 201 1090 "-" "axios/1.20.0"
2026-09-18 18:55:33 INFO [RISK_ENGINE]: Risk evaluated for gp_2376466636: Score=38.6, Tier=LOW | {"assessmentId":"6aad3bcd995c57964eca9ef1"}
2026-09-18 18:55:33 INFO [API]: ::1 - - [18/Sep/2026:13:25:33 +0000] "GET /api/risk/zones/gp_2376466636/latest HTTP/1.1" 200 1707 "-" "axios/1.20.0"
2026-09-18 18:55:33 INFO [ML_BRIDGE]: Inference completed for zone: gp_2376477122 | {"ensembleProbability":0.3137,"latencyMs":53}
2026-09-18 18:55:33 INFO [API]: ::1 - - [18/Sep/2026:13:25:33 +0000] "POST /api/iot/telemetry HTTP/1.1" 201 1092 "-" "axios/1.20.0"
2026-09-18 18:55:33 INFO [RISK_ENGINE]: Risk evaluated for gp_2376477122: Score=32.8, Tier=LOW | {"assessmentId":"6aad3bcd995c57964eca9ef5"}
2026-09-18 18:55:33 INFO [API]: ::1 - - [18/Sep/2026:13:25:33 +0000] "GET /api/risk/zones/gp_2376477122/latest HTTP/1.1" 200 1691 "-" "axios/1.20.0"
2026-09-18 18:55:34 INFO [ML_BRIDGE]: Inference completed for zone: gp_2376477123 | {"ensembleProbability":0.4358,"latencyMs":50}
2026-09-18 18:55:34 INFO [API]: ::1 - - [18/Sep/2026:13:25:34 +0000] "POST /api/iot/telemetry HTTP/1.1" 201 1096 "-" "axios/1.20.0"
2026-09-18 18:55:34 INFO [RISK_ENGINE]: Risk evaluated for gp_2376477123: Score=39.1, Tier=LOW | {"assessmentId":"6aad3bce995c57964eca9ef9"}
2026-09-18 18:55:34 INFO [API]: ::1 - - [18/Sep/2026:13:25:34 +0000] "GET /api/risk/zones/gp_2376477123/latest HTTP/1.1" 200 1701 "-" "axios/1.20.0"
2026-09-18 18:55:34 INFO [ML_BRIDGE]: Inference completed for zone: gp_2376477124 | {"ensembleProbability":0.3737,"latencyMs":60}
2026-09-18 18:55:34 INFO [API]: ::1 - - [18/Sep/2026:13:25:34 +0000] "POST /api/iot/telemetry HTTP/1.1" 201 1096 "-" "axios/1.20.0"
2026-09-18 18:55:34 INFO [RISK_ENGINE]: Risk evaluated for gp_2376477124: Score=35.7, Tier=LOW | {"assessmentId":"6aad3bce995c57964eca9efd"}
2026-09-18 18:55:35 INFO [API]: ::1 - - [18/Sep/2026:13:25:35 +0000] "GET /api/risk/zones/gp_2376477124/latest HTTP/1.1" 200 1714 "-" "axios/1.20.0"
2026-09-18 18:55:35 INFO [ML_BRIDGE]: Inference completed for zone: gp_2376477126 | {"ensembleProbability":0.3392,"latencyMs":52}
2026-09-18 18:55:35 INFO [API]: ::1 - - [18/Sep/2026:13:25:35 +0000] "POST /api/iot/telemetry HTTP/1.1" 201 1096 "-" "axios/1.20.0"
2026-09-18 18:55:35 INFO [RISK_ENGINE]: Risk evaluated for gp_2376477126: Score=34.1, Tier=LOW | {"assessmentId":"6aad3bcf995c57964eca9f01"}
2026-09-18 18:55:35 INFO [API]: ::1 - - [18/Sep/2026:13:25:35 +0000] "GET /api/risk/zones/gp_2376477126/latest HTTP/1.1" 200 1686 "-" "axios/1.20.0"
2026-09-18 18:55:36 INFO [ML_BRIDGE]: Inference completed for zone: gp_2376535890 | {"ensembleProbability":0.4438,"latencyMs":51}
2026-09-18 18:55:36 INFO [API]: ::1 - - [18/Sep/2026:13:25:36 +0000] "POST /api/iot/telemetry HTTP/1.1" 201 1096 "-" "axios/1.20.0"
2026-09-18 18:55:36 INFO [RISK_ENGINE]: Risk evaluated for gp_2376535890: Score=39.5, Tier=LOW | {"assessmentId":"6aad3bd0995c57964eca9f05"}
2026-09-18 18:55:36 INFO [API]: ::1 - - [18/Sep/2026:13:25:36 +0000] "GET /api/risk/zones/gp_2376535890/latest HTTP/1.1" 200 1712 "-" "axios/1.20.0"
2026-09-18 18:55:36 INFO [ML_BRIDGE]: Inference completed for zone: gp_2376535899 | {"ensembleProbability":0.44,"latencyMs":51}
2026-09-18 18:55:36 INFO [API]: ::1 - - [18/Sep/2026:13:25:36 +0000] "POST /api/iot/telemetry HTTP/1.1" 201 1096 "-" "axios/1.20.0"
2026-09-18 18:55:36 INFO [RISK_ENGINE]: Risk evaluated for gp_2376535899: Score=39.1, Tier=LOW | {"assessmentId":"6aad3bd0995c57964eca9f09"}
2026-09-18 18:55:37 INFO [API]: ::1 - - [18/Sep/2026:13:25:37 +0000] "GET /api/risk/zones/gp_2376535899/latest HTTP/1.1" 200 1683 "-" "axios/1.20.0"
2026-09-18 18:55:37 INFO [ML_BRIDGE]: Inference completed for zone: gp_2378000365 | {"ensembleProbability":0.3123,"latencyMs":54}
2026-09-18 18:55:37 INFO [API]: ::1 - - [18/Sep/2026:13:25:37 +0000] "POST /api/iot/telemetry HTTP/1.1" 201 1089 "-" "axios/1.20.0"
2026-09-18 18:55:37 INFO [RISK_ENGINE]: Risk evaluated for gp_2378000365: Score=32.5, Tier=LOW | {"assessmentId":"6aad3bd1995c57964eca9f0d"}
2026-09-18 18:55:37 INFO [API]: ::1 - - [18/Sep/2026:13:25:37 +0000] "GET /api/risk/zones/gp_2378000365/latest HTTP/1.1" 200 1682 "-" "axios/1.20.0"
2026-09-18 18:55:38 INFO [ML_BRIDGE]: Inference completed for zone: gp_2379635019 | {"ensembleProbability":0.476,"latencyMs":51}
2026-09-18 18:55:38 INFO [API]: ::1 - - [18/Sep/2026:13:25:38 +0000] "POST /api/iot/telemetry HTTP/1.1" 201 1091 "-" "axios/1.20.0"
2026-09-18 18:55:38 INFO [RISK_ENGINE]: Risk evaluated for gp_2379635019: Score=40.5, Tier=MODERATE | {"assessmentId":"6aad3bd2995c57964eca9f11"}
2026-09-18 18:55:38 INFO [API]: ::1 - - [18/Sep/2026:13:25:38 +0000] "GET /api/risk/zones/gp_2379635019/latest HTTP/1.1" 200 1740 "-" "axios/1.20.0"
2026-09-18 18:55:39 INFO [ML_BRIDGE]: Inference completed for zone: gp_2379635463 | {"ensembleProbability":0.45,"latencyMs":57}
2026-09-18 18:55:39 INFO [API]: ::1 - - [18/Sep/2026:13:25:39 +0000] "POST /api/iot/telemetry HTTP/1.1" 201 1093 "-" "axios/1.20.0"
2026-09-18 18:55:39 INFO [RISK_ENGINE]: Risk evaluated for gp_2379635463: Score=39.4, Tier=LOW | {"assessmentId":"6aad3bd3995c57964eca9f15"}
2026-09-18 18:55:39 INFO [API]: ::1 - - [18/Sep/2026:13:25:39 +0000] "GET /api/risk/zones/gp_2379635463/latest HTTP/1.1" 200 1730 "-" "axios/1.20.0"
2026-09-18 18:55:39 INFO [ML_BRIDGE]: Inference completed for zone: gp_2379636807 | {"ensembleProbability":0.4758,"latencyMs":56}
2026-09-18 18:55:39 INFO [API]: ::1 - - [18/Sep/2026:13:25:39 +0000] "POST /api/iot/telemetry HTTP/1.1" 201 1095 "-" "axios/1.20.0"
2026-09-18 18:55:39 INFO [RISK_ENGINE]: Risk evaluated for gp_2379636807: Score=40.7, Tier=MODERATE | {"assessmentId":"6aad3bd3995c57964eca9f19"}
2026-09-18 18:55:39 INFO [API]: ::1 - - [18/Sep/2026:13:25:39 +0000] "GET /api/risk/zones/gp_2379636807/latest HTTP/1.1" 200 1740 "-" "axios/1.20.0"
2026-09-18 18:55:40 INFO [ML_BRIDGE]: Inference completed for zone: gp_2383637755 | {"ensembleProbability":0.467,"latencyMs":51}
2026-09-18 18:55:40 INFO [API]: ::1 - - [18/Sep/2026:13:25:40 +0000] "POST /api/iot/telemetry HTTP/1.1" 201 1090 "-" "axios/1.20.0"
2026-09-18 18:55:40 INFO [RISK_ENGINE]: Risk evaluated for gp_2383637755: Score=40.6, Tier=MODERATE | {"assessmentId":"6aad3bd4995c57964eca9f1d"}
2026-09-18 18:55:40 INFO [API]: ::1 - - [18/Sep/2026:13:25:40 +0000] "GET /api/risk/zones/gp_2383637755/latest HTTP/1.1" 200 1764 "-" "axios/1.20.0"
2026-09-18 18:55:40 INFO [ML_BRIDGE]: Inference completed for zone: gp_2383637757 | {"ensembleProbability":0.4676,"latencyMs":48}
2026-09-18 18:55:40 INFO [API]: ::1 - - [18/Sep/2026:13:25:40 +0000] "POST /api/iot/telemetry HTTP/1.1" 201 1086 "-" "axios/1.20.0"
2026-09-18 18:55:40 INFO [RISK_ENGINE]: Risk evaluated for gp_2383637757: Score=40.3, Tier=MODERATE | {"assessmentId":"6aad3bd4995c57964eca9f21"}
2026-09-18 18:55:41 INFO [API]: ::1 - - [18/Sep/2026:13:25:41 +0000] "GET /api/risk/zones/gp_2383637757/latest HTTP/1.1" 200 1692 "-" "axios/1.20.0"
2026-09-18 18:55:41 INFO [ML_BRIDGE]: Inference completed for zone: gp_2383637762 | {"ensembleProbability":0.4659,"latencyMs":56}
2026-09-18 18:55:41 INFO [API]: ::1 - - [18/Sep/2026:13:25:41 +0000] "POST /api/iot/telemetry HTTP/1.1" 201 1090 "-" "axios/1.20.0"
2026-09-18 18:55:41 INFO [RISK_ENGINE]: Risk evaluated for gp_2383637762: Score=40.4, Tier=MODERATE | {"assessmentId":"6aad3bd5995c57964eca9f25"}
2026-09-18 18:55:41 INFO [API]: ::1 - - [18/Sep/2026:13:25:41 +0000] "GET /api/risk/zones/gp_2383637762/latest HTTP/1.1" 200 1736 "-" "axios/1.20.0"
2026-09-18 18:55:42 INFO [ML_BRIDGE]: Inference completed for zone: gp_2383782286 | {"ensembleProbability":0.4674,"latencyMs":51}
2026-09-18 18:55:42 INFO [API]: ::1 - - [18/Sep/2026:13:25:42 +0000] "POST /api/iot/telemetry HTTP/1.1" 201 1089 "-" "axios/1.20.0"
2026-09-18 18:55:42 INFO [RISK_ENGINE]: Risk evaluated for gp_2383782286: Score=40.5, Tier=MODERATE | {"assessmentId":"6aad3bd6995c57964eca9f29"}
2026-09-18 18:55:42 INFO [API]: ::1 - - [18/Sep/2026:13:25:42 +0000] "GET /api/risk/zones/gp_2383782286/latest HTTP/1.1" 200 1747 "-" "axios/1.20.0"
2026-09-18 18:55:42 INFO [ML_BRIDGE]: Inference completed for zone: gp_2386907495 | {"ensembleProbability":0.4111,"latencyMs":51}
2026-09-18 18:55:42 INFO [API]: ::1 - - [18/Sep/2026:13:25:42 +0000] "POST /api/iot/telemetry HTTP/1.1" 201 1087 "-" "axios/1.20.0"
2026-09-18 18:55:42 INFO [RISK_ENGINE]: Risk evaluated for gp_2386907495: Score=37.3, Tier=LOW | {"assessmentId":"6aad3bd6995c57964eca9f2d"}
2026-09-18 18:55:42 INFO [API]: ::1 - - [18/Sep/2026:13:25:42 +0000] "GET /api/risk/zones/gp_2386907495/latest HTTP/1.1" 200 1694 "-" "axios/1.20.0"
2026-09-18 18:55:43 INFO [ML_BRIDGE]: Inference completed for zone: gp_2386907509 | {"ensembleProbability":0.377,"latencyMs":52}
2026-09-18 18:55:43 INFO [API]: ::1 - - [18/Sep/2026:13:25:43 +0000] "POST /api/iot/telemetry HTTP/1.1" 201 1083 "-" "axios/1.20.0"
2026-09-18 18:55:43 INFO [RISK_ENGINE]: Risk evaluated for gp_2386907509: Score=35.8, Tier=LOW | {"assessmentId":"6aad3bd7995c57964eca9f31"}
2026-09-18 18:55:43 INFO [API]: ::1 - - [18/Sep/2026:13:25:43 +0000] "GET /api/risk/zones/gp_2386907509/latest HTTP/1.1" 200 1675 "-" "axios/1.20.0"
2026-09-18 18:55:43 INFO [ML_BRIDGE]: Inference completed for zone: gp_2386916025 | {"ensembleProbability":0.442,"latencyMs":50}
2026-09-18 18:55:43 INFO [API]: ::1 - - [18/Sep/2026:13:25:43 +0000] "POST /api/iot/telemetry HTTP/1.1" 201 1090 "-" "axios/1.20.0"
2026-09-18 18:55:44 INFO [RISK_ENGINE]: Risk evaluated for gp_2386916025: Score=39.2, Tier=LOW | {"assessmentId":"6aad3bd7995c57964eca9f35"}
2026-09-18 18:55:44 INFO [API]: ::1 - - [18/Sep/2026:13:25:44 +0000] "GET /api/risk/zones/gp_2386916025/latest HTTP/1.1" 200 1683 "-" "axios/1.20.0"
2026-09-18 18:55:44 INFO [ML_BRIDGE]: Inference completed for zone: gp_2386934076 | {"ensembleProbability":0.4491,"latencyMs":51}
2026-09-18 18:55:44 INFO [API]: ::1 - - [18/Sep/2026:13:25:44 +0000] "POST /api/iot/telemetry HTTP/1.1" 201 1090 "-" "axios/1.20.0"
2026-09-18 18:55:44 INFO [RISK_ENGINE]: Risk evaluated for gp_2386934076: Score=39.2, Tier=LOW | {"assessmentId":"6aad3bd8995c57964eca9f39"}
2026-09-18 18:55:44 INFO [API]: ::1 - - [18/Sep/2026:13:25:44 +0000] "GET /api/risk/zones/gp_2386934076/latest HTTP/1.1" 200 1696 "-" "axios/1.20.0"
2026-09-18 18:55:45 INFO [ML_BRIDGE]: Inference completed for zone: gp_2386934116 | {"ensembleProbability":0.4087,"latencyMs":52}
2026-09-18 18:55:45 INFO [API]: ::1 - - [18/Sep/2026:13:25:45 +0000] "POST /api/iot/telemetry HTTP/1.1" 201 1090 "-" "axios/1.20.0"
2026-09-18 18:55:45 INFO [RISK_ENGINE]: Risk evaluated for gp_2386934116: Score=37.2, Tier=LOW | {"assessmentId":"6aad3bd9995c57964eca9f3d"}
2026-09-18 18:55:45 INFO [API]: ::1 - - [18/Sep/2026:13:25:45 +0000] "GET /api/risk/zones/gp_2386934116/latest HTTP/1.1" 200 1692 "-" "axios/1.20.0"
2026-09-18 18:55:45 INFO [ML_BRIDGE]: Inference completed for zone: gp_2386934192 | {"ensembleProbability":0.4382,"latencyMs":51}
2026-09-18 18:55:45 INFO [API]: ::1 - - [18/Sep/2026:13:25:45 +0000] "POST /api/iot/telemetry HTTP/1.1" 201 1090 "-" "axios/1.20.0"
2026-09-18 18:55:45 INFO [RISK_ENGINE]: Risk evaluated for gp_2386934192: Score=38.8, Tier=LOW | {"assessmentId":"6aad3bd9995c57964eca9f41"}
2026-09-18 18:55:45 INFO [API]: ::1 - - [18/Sep/2026:13:25:45 +0000] "GET /api/risk/zones/gp_2386934192/latest HTTP/1.1" 200 1678 "-" "axios/1.20.0"
2026-09-18 18:55:46 INFO [ML_BRIDGE]: Inference completed for zone: gp_2386973069 | {"ensembleProbability":0.3998,"latencyMs":50}
2026-09-18 18:55:46 INFO [API]: ::1 - - [18/Sep/2026:13:25:46 +0000] "POST /api/iot/telemetry HTTP/1.1" 201 1090 "-" "axios/1.20.0"
2026-09-18 18:55:46 INFO [RISK_ENGINE]: Risk evaluated for gp_2386973069: Score=36.8, Tier=LOW | {"assessmentId":"6aad3bda995c57964eca9f45"}
2026-09-18 18:55:46 INFO [API]: ::1 - - [18/Sep/2026:13:25:46 +0000] "GET /api/risk/zones/gp_2386973069/latest HTTP/1.1" 200 1684 "-" "axios/1.20.0"
2026-09-18 18:55:47 INFO [ML_BRIDGE]: Inference completed for zone: gp_2392925092 | {"ensembleProbability":0.4656,"latencyMs":50}
2026-09-18 18:55:47 INFO [API]: ::1 - - [18/Sep/2026:13:25:47 +0000] "POST /api/iot/telemetry HTTP/1.1" 201 1090 "-" "axios/1.20.0"
2026-09-18 18:55:47 INFO [RISK_ENGINE]: Risk evaluated for gp_2392925092: Score=40, Tier=MODERATE | {"assessmentId":"6aad3bdb995c57964eca9f49"}
2026-09-18 18:55:47 INFO [API]: ::1 - - [18/Sep/2026:13:25:47 +0000] "GET /api/risk/zones/gp_2392925092/latest HTTP/1.1" 200 1759 "-" "axios/1.20.0"
2026-09-18 18:55:47 INFO [ML_BRIDGE]: Inference completed for zone: gp_2404066712 | {"ensembleProbability":0.3908,"latencyMs":52}
2026-09-18 18:55:47 INFO [API]: ::1 - - [18/Sep/2026:13:25:47 +0000] "POST /api/iot/telemetry HTTP/1.1" 201 1089 "-" "axios/1.20.0"
2026-09-18 18:55:47 INFO [RISK_ENGINE]: Risk evaluated for gp_2404066712: Score=36.9, Tier=LOW | {"assessmentId":"6aad3bdb995c57964eca9f4d"}
2026-09-18 18:55:47 INFO [API]: ::1 - - [18/Sep/2026:13:25:47 +0000] "GET /api/risk/zones/gp_2404066712/latest HTTP/1.1" 200 1708 "-" "axios/1.20.0"
2026-09-18 18:55:48 INFO [ML_BRIDGE]: Inference completed for zone: gp_2413034009 | {"ensembleProbability":0.3744,"latencyMs":48}
2026-09-18 18:55:48 INFO [API]: ::1 - - [18/Sep/2026:13:25:48 +0000] "POST /api/iot/telemetry HTTP/1.1" 201 1096 "-" "axios/1.20.0"
2026-09-18 18:55:48 INFO [RISK_ENGINE]: Risk evaluated for gp_2413034009: Score=35.6, Tier=LOW | {"assessmentId":"6aad3bdc995c57964eca9f51"}
2026-09-18 18:55:48 INFO [API]: ::1 - - [18/Sep/2026:13:25:48 +0000] "GET /api/risk/zones/gp_2413034009/latest HTTP/1.1" 200 1712 "-" "axios/1.20.0"
2026-09-18 18:55:48 INFO [ML_BRIDGE]: Inference completed for zone: gp_2432442229 | {"ensembleProbability":0.4263,"latencyMs":50}
2026-09-18 18:55:48 INFO [API]: ::1 - - [18/Sep/2026:13:25:48 +0000] "POST /api/iot/telemetry HTTP/1.1" 201 1094 "-" "axios/1.20.0"
2026-09-18 18:55:48 INFO [RISK_ENGINE]: Risk evaluated for gp_2432442229: Score=38.6, Tier=LOW | {"assessmentId":"6aad3bdc995c57964eca9f55"}
2026-09-18 18:55:48 INFO [API]: ::1 - - [18/Sep/2026:13:25:48 +0000] "GET /api/risk/zones/gp_2432442229/latest HTTP/1.1" 200 1686 "-" "axios/1.20.0"
2026-09-18 18:55:49 INFO [ML_BRIDGE]: Inference completed for zone: gp_2442679057 | {"ensembleProbability":0.3629,"latencyMs":51}
2026-09-18 18:55:49 INFO [API]: ::1 - - [18/Sep/2026:13:25:49 +0000] "POST /api/iot/telemetry HTTP/1.1" 201 1090 "-" "axios/1.20.0"
2026-09-18 18:55:49 INFO [RISK_ENGINE]: Risk evaluated for gp_2442679057: Score=35.1, Tier=LOW | {"assessmentId":"6aad3bdd995c57964eca9f59"}
2026-09-18 18:55:49 INFO [API]: ::1 - - [18/Sep/2026:13:25:49 +0000] "GET /api/risk/zones/gp_2442679057/latest HTTP/1.1" 200 1732 "-" "axios/1.20.0"
2026-09-18 18:55:49 INFO [ML_BRIDGE]: Inference completed for zone: gp_4120608776 | {"ensembleProbability":0.4593,"latencyMs":51}
2026-09-18 18:55:49 INFO [API]: ::1 - - [18/Sep/2026:13:25:49 +0000] "POST /api/iot/telemetry HTTP/1.1" 201 1086 "-" "axios/1.20.0"
2026-09-18 18:55:50 INFO [RISK_ENGINE]: Risk evaluated for gp_4120608776: Score=39.9, Tier=LOW | {"assessmentId":"6aad3bdd995c57964eca9f5d"}
2026-09-18 18:55:50 INFO [API]: ::1 - - [18/Sep/2026:13:25:50 +0000] "GET /api/risk/zones/gp_4120608776/latest HTTP/1.1" 200 1745 "-" "axios/1.20.0"
2026-09-18 18:55:50 INFO [ML_BRIDGE]: Inference completed for zone: gp_4120613471 | {"ensembleProbability":0.4597,"latencyMs":54}
2026-09-18 18:55:50 INFO [API]: ::1 - - [18/Sep/2026:13:25:50 +0000] "POST /api/iot/telemetry HTTP/1.1" 201 1086 "-" "axios/1.20.0"
2026-09-18 18:55:50 INFO [RISK_ENGINE]: Risk evaluated for gp_4120613471: Score=39.8, Tier=LOW | {"assessmentId":"6aad3bde995c57964eca9f61"}
2026-09-18 18:55:50 INFO [API]: ::1 - - [18/Sep/2026:13:25:50 +0000] "GET /api/risk/zones/gp_4120613471/latest HTTP/1.1" 200 1709 "-" "axios/1.20.0"
2026-09-18 18:55:51 INFO [ML_BRIDGE]: Inference completed for zone: gp_4120648783 | {"ensembleProbability":0.4608,"latencyMs":52}
2026-09-18 18:55:51 INFO [API]: ::1 - - [18/Sep/2026:13:25:51 +0000] "POST /api/iot/telemetry HTTP/1.1" 201 1090 "-" "axios/1.20.0"
2026-09-18 18:55:51 INFO [RISK_ENGINE]: Risk evaluated for gp_4120648783: Score=40.3, Tier=MODERATE | {"assessmentId":"6aad3bdf995c57964eca9f65"}
2026-09-18 18:55:51 INFO [API]: ::1 - - [18/Sep/2026:13:25:51 +0000] "GET /api/risk/zones/gp_4120648783/latest HTTP/1.1" 200 1723 "-" "axios/1.20.0"
2026-09-18 18:55:51 INFO [ML_BRIDGE]: Inference completed for zone: gp_4120648784 | {"ensembleProbability":0.4607,"latencyMs":51}
2026-09-18 18:55:51 INFO [API]: ::1 - - [18/Sep/2026:13:25:51 +0000] "POST /api/iot/telemetry HTTP/1.1" 201 1090 "-" "axios/1.20.0"
2026-09-18 18:55:51 INFO [RISK_ENGINE]: Risk evaluated for gp_4120648784: Score=40.3, Tier=MODERATE | {"assessmentId":"6aad3bdf995c57964eca9f69"}
2026-09-18 18:55:52 INFO [API]: ::1 - - [18/Sep/2026:13:25:52 +0000] "GET /api/risk/zones/gp_4120648784/latest HTTP/1.1" 200 1755 "-" "axios/1.20.0"
2026-09-18 18:55:52 INFO [ML_BRIDGE]: Inference completed for zone: gp_4272608518 | {"ensembleProbability":0.4158,"latencyMs":49}
2026-09-18 18:55:52 INFO [API]: ::1 - - [18/Sep/2026:13:25:52 +0000] "POST /api/iot/telemetry HTTP/1.1" 201 1094 "-" "axios/1.20.0"
2026-09-18 18:55:52 INFO [RISK_ENGINE]: Risk evaluated for gp_4272608518: Score=37.7, Tier=LOW | {"assessmentId":"6aad3be0995c57964eca9f6d"}
2026-09-18 18:55:52 INFO [API]: ::1 - - [18/Sep/2026:13:25:52 +0000] "GET /api/risk/zones/gp_4272608518/latest HTTP/1.1" 200 1686 "-" "axios/1.20.0"
2026-09-18 18:55:53 INFO [ML_BRIDGE]: Inference completed for zone: gp_4283568703 | {"ensembleProbability":0.3161,"latencyMs":56}
2026-09-18 18:55:53 INFO [API]: ::1 - - [18/Sep/2026:13:25:53 +0000] "POST /api/iot/telemetry HTTP/1.1" 201 1095 "-" "axios/1.20.0"
2026-09-18 18:55:53 INFO [RISK_ENGINE]: Risk evaluated for gp_4283568703: Score=32.7, Tier=LOW | {"assessmentId":"6aad3be1995c57964eca9f71"}
2026-09-18 18:55:53 INFO [API]: ::1 - - [18/Sep/2026:13:25:53 +0000] "GET /api/risk/zones/gp_4283568703/latest HTTP/1.1" 200 1712 "-" "axios/1.20.0"
2026-09-18 18:55:53 INFO [ML_BRIDGE]: Inference completed for zone: gp_4406009886 | {"ensembleProbability":0.391,"latencyMs":50}
2026-09-18 18:55:53 INFO [API]: ::1 - - [18/Sep/2026:13:25:53 +0000] "POST /api/iot/telemetry HTTP/1.1" 201 1094 "-" "axios/1.20.0"
2026-09-18 18:55:53 INFO [RISK_ENGINE]: Risk evaluated for gp_4406009886: Score=36.3, Tier=LOW | {"assessmentId":"6aad3be1995c57964eca9f75"}
2026-09-18 18:55:54 INFO [API]: ::1 - - [18/Sep/2026:13:25:54 +0000] "GET /api/risk/zones/gp_4406009886/latest HTTP/1.1" 200 1685 "-" "axios/1.20.0"
2026-09-18 18:55:54 INFO [ML_BRIDGE]: Inference completed for zone: gp_4770772470 | {"ensembleProbability":0.4712,"latencyMs":51}
2026-09-18 18:55:54 INFO [API]: ::1 - - [18/Sep/2026:13:25:54 +0000] "POST /api/iot/telemetry HTTP/1.1" 201 1087 "-" "axios/1.20.0"
2026-09-18 18:55:55 INFO [RISK_ENGINE]: Risk evaluated for gp_4770772470: Score=40.3, Tier=MODERATE | {"assessmentId":"6aad3be2995c57964eca9f79"}
2026-09-18 18:55:55 INFO [API]: ::1 - - [18/Sep/2026:13:25:55 +0000] "GET /api/risk/zones/gp_4770772470/latest HTTP/1.1" 200 1727 "-" "axios/1.20.0"
2026-09-18 18:55:56 INFO [ML_BRIDGE]: Inference completed for zone: gp_4992439560 | {"ensembleProbability":0.4285,"latencyMs":63}
2026-09-18 18:55:56 INFO [API]: ::1 - - [18/Sep/2026:13:25:56 +0000] "POST /api/iot/telemetry HTTP/1.1" 201 1085 "-" "axios/1.20.0"
2026-09-18 18:55:56 INFO [RISK_ENGINE]: Risk evaluated for gp_4992439560: Score=38.4, Tier=LOW | {"assessmentId":"6aad3be4995c57964eca9f7d"}
2026-09-18 18:55:56 INFO [API]: ::1 - - [18/Sep/2026:13:25:56 +0000] "GET /api/risk/zones/gp_4992439560/latest HTTP/1.1" 200 1681 "-" "axios/1.20.0"
2026-09-18 18:55:57 INFO [ML_BRIDGE]: Inference completed for zone: gp_5414911680 | {"ensembleProbability":0.1754,"latencyMs":65}
2026-09-18 18:55:57 INFO [API]: ::1 - - [18/Sep/2026:13:25:57 +0000] "POST /api/iot/telemetry HTTP/1.1" 201 1079 "-" "axios/1.20.0"
2026-09-18 18:55:57 INFO [RISK_ENGINE]: Risk evaluated for gp_5414911680: Score=25.8, Tier=LOW | {"assessmentId":"6aad3be5995c57964eca9f81"}
2026-09-18 18:55:57 INFO [API]: ::1 - - [18/Sep/2026:13:25:57 +0000] "GET /api/risk/zones/gp_5414911680/latest HTTP/1.1" 200 1707 "-" "axios/1.20.0"
2026-09-18 18:55:57 INFO [ML_BRIDGE]: Inference completed for zone: gp_5486218981 | {"ensembleProbability":0.37,"latencyMs":52}
2026-09-18 18:55:57 INFO [API]: ::1 - - [18/Sep/2026:13:25:57 +0000] "POST /api/iot/telemetry HTTP/1.1" 201 1096 "-" "axios/1.20.0"
2026-09-18 18:55:57 INFO [RISK_ENGINE]: Risk evaluated for gp_5486218981: Score=35.9, Tier=LOW | {"assessmentId":"6aad3be5995c57964eca9f85"}
2026-09-18 18:55:58 INFO [API]: ::1 - - [18/Sep/2026:13:25:58 +0000] "GET /api/risk/zones/gp_5486218981/latest HTTP/1.1" 200 1697 "-" "axios/1.20.0"
2026-09-18 18:55:58 INFO [ML_BRIDGE]: Inference completed for zone: gp_5519535106 | {"ensembleProbability":0.445,"latencyMs":53}
2026-09-18 18:55:58 INFO [API]: ::1 - - [18/Sep/2026:13:25:58 +0000] "POST /api/iot/telemetry HTTP/1.1" 201 1090 "-" "axios/1.20.0"
2026-09-18 18:55:58 INFO [RISK_ENGINE]: Risk evaluated for gp_5519535106: Score=39.6, Tier=LOW | {"assessmentId":"6aad3be6995c57964eca9f89"}
2026-09-18 18:55:58 INFO [API]: ::1 - - [18/Sep/2026:13:25:58 +0000] "GET /api/risk/zones/gp_5519535106/latest HTTP/1.1" 200 1704 "-" "axios/1.20.0"
2026-09-18 18:55:59 INFO [ML_BRIDGE]: Inference completed for zone: gp_6417415162 | {"ensembleProbability":0.4097,"latencyMs":55}
2026-09-18 18:55:59 INFO [API]: ::1 - - [18/Sep/2026:13:25:59 +0000] "POST /api/iot/telemetry HTTP/1.1" 201 1090 "-" "axios/1.20.0"
2026-09-18 18:55:59 INFO [API]: ::1 - - [18/Sep/2026:13:25:59 +0000] "GET /api/risk/zones/gp_6417415162/latest HTTP/1.1" - - "-" "axios/1.20.0"
2026-09-18 18:55:59 INFO [RISK_ENGINE]: Risk evaluated for gp_6417415162: Score=37.7, Tier=LOW | {"assessmentId":"6aad3be7995c57964eca9f8d"}
2026-09-18 19:51:10 INFO [BOOT]: FloodAtlas Core Backend active on port 5000
2026-09-18 19:51:10 INFO [BOOT]: WebSocket gateway active and ready for client subscriptions.
2026-09-18 19:52:15 INFO [BOOT]: FloodAtlas Core Backend active on port 5000
2026-09-18 19:52:15 INFO [BOOT]: WebSocket gateway active and ready for client subscriptions.
2026-09-18 19:52:22 INFO [BOOT]: FloodAtlas Core Backend active on port 5000
2026-09-18 19:52:22 INFO [BOOT]: WebSocket gateway active and ready for client subscriptions.
2026-09-18 19:52:24 INFO [BOOT]: FloodAtlas Core Backend active on port 5000
2026-09-18 19:52:24 INFO [BOOT]: WebSocket gateway active and ready for client subscriptions.
2026-09-18 19:52:28 INFO [BOOT]: FloodAtlas Core Backend active on port 5000
2026-09-18 19:52:28 INFO [BOOT]: WebSocket gateway active and ready for client subscriptions.
2026-09-18 19:52:29 INFO [BOOT]: FloodAtlas Core Backend active on port 5000
2026-09-18 19:52:29 INFO [BOOT]: WebSocket gateway active and ready for client subscriptions.
2026-09-18 19:52:45 INFO [WEBSOCKET]: Client connected to WebSocket: GGeCbWnYnkdBFvzpAAAA
2026-09-18 19:52:50 ERROR : [OPENWEATHER] Failed to fetch weather for [30.2589, 79.4678]: timeout of 5000ms exceeded
2026-09-18 19:52:50 WARN : [DATA_INGESTION] OpenWeather fetch bypassed: OpenWeather API request failed: timeout of 5000ms exceeded. Using localized telemetry.
2026-09-18 19:52:50 INFO [ML_BRIDGE]: Inference completed for zone: chamoli-ghat | {"ensembleProbability":0.3377,"latencyMs":113}
2026-09-18 19:52:50 INFO [RISK_ENGINE]: Risk evaluated for chamoli-ghat: Score=62.2, Tier=MODERATE | {"assessmentId":"6aad493ad5d51d15db2e324a"}
2026-09-18 19:52:50 INFO [API]: ::1 - - [18/Sep/2026:14:22:50 +0000] "POST /api/iot/telemetry HTTP/1.1" 201 1072 "-" "axios/1.20.0"
2026-09-18 19:52:54 INFO [WEBSOCKET]: Socket disconnected: GGeCbWnYnkdBFvzpAAAA | Reason: client namespace disconnect
2026-09-18 19:55:56 INFO [BOOT]: FloodAtlas Core Backend active on port 5000
2026-09-18 19:55:56 INFO [BOOT]: WebSocket gateway active and ready for client subscriptions.
2026-09-18 19:55:57 INFO [BOOT]: FloodAtlas Core Backend active on port 5000
2026-09-18 19:55:57 INFO [BOOT]: WebSocket gateway active and ready for client subscriptions.
2026-09-18 19:56:11 INFO [WEBSOCKET]: Client connected to WebSocket: YVAnpdasl_FtyakIAAAA
2026-09-18 19:56:11 DEBUG [WEBSOCKET]: Socket YVAnpdasl_FtyakIAAAA joined room: zone:chamoli-ghat
2026-09-18 19:56:11 DEBUG [WEBSOCKET]: Socket YVAnpdasl_FtyakIAAAA joined authority room
2026-09-18 19:56:12 INFO [ML_BRIDGE]: Inference completed for zone: chamoli-ghat | {"ensembleProbability":0.4021,"latencyMs":58}
2026-09-18 19:56:12 INFO [API]: ::1 - - [18/Sep/2026:14:26:12 +0000] "POST /api/iot/telemetry HTTP/1.1" 201 1075 "-" "axios/1.20.0"
2026-09-18 19:56:12 INFO [RISK_ENGINE]: Risk evaluated for chamoli-ghat: Score=65.4, Tier=MODERATE | {"assessmentId":"6aad4a043af8a42243d5fd22"}
2026-09-18 19:56:15 INFO [WEBSOCKET]: Socket disconnected: YVAnpdasl_FtyakIAAAA | Reason: client namespace disconnect
2026-09-18 20:05:34 INFO [API]: ::1 - - [18/Sep/2026:14:35:34 +0000] "GET /api/risk/zones/latest HTTP/1.1" 404 67 "-" "axios/1.20.0"
2026-09-18 20:05:40 INFO [API]: ::1 - - [18/Sep/2026:14:35:40 +0000] "GET /api/risk/zones/latest HTTP/1.1" 404 67 "-" "axios/1.20.0"
2026-09-18 20:13:32 INFO [BOOT]: FloodAtlas Core Backend active on port 5000
2026-09-18 20:13:32 INFO [BOOT]: WebSocket gateway active and ready for client subscriptions.
2026-09-18 20:13:43 INFO [BOOT]: FloodAtlas Core Backend active on port 5000
2026-09-18 20:13:43 INFO [BOOT]: WebSocket gateway active and ready for client subscriptions.
2026-09-18 20:14:04 INFO [WEBSOCKET]: Client connected to WebSocket: Sew2YWGOHNG9vHylAAAA
2026-09-18 20:14:04 INFO [ML_BRIDGE]: Inference completed for zone: chamoli-ghat | {"ensembleProbability":0.3667,"latencyMs":56}
2026-09-18 20:14:04 INFO [API]: ::1 - - [18/Sep/2026:14:44:04 +0000] "POST /api/iot/telemetry HTTP/1.1" 201 1071 "-" "axios/1.20.0"
2026-09-18 20:14:04 INFO [RISK_ENGINE]: Risk evaluated for chamoli-ghat: Score=64.6, Tier=MODERATE | {"assessmentId":"6aad4e344bcac81be17cbb6c"}
2026-09-18 20:14:06 INFO [ML_BRIDGE]: Inference completed for zone: chamoli-ghat | {"ensembleProbability":0.3667,"latencyMs":55}
2026-09-18 20:14:06 INFO [API]: ::1 - - [18/Sep/2026:14:44:06 +0000] "POST /api/iot/telemetry HTTP/1.1" 201 1071 "-" "axios/1.20.0"
2026-09-18 20:14:06 INFO [RISK_ENGINE]: Risk evaluated for chamoli-ghat: Score=64.6, Tier=MODERATE | {"assessmentId":"6aad4e364bcac81be17cbb70"}
2026-09-18 20:14:07 INFO [ML_BRIDGE]: Inference completed for zone: chamoli-ghat | {"ensembleProbability":0.4651,"latencyMs":58}
2026-09-18 20:14:07 INFO [API]: ::1 - - [18/Sep/2026:14:44:07 +0000] "POST /api/iot/telemetry HTTP/1.1" 201 1069 "-" "axios/1.20.0"
2026-09-18 20:14:07 INFO [RISK_ENGINE]: Risk evaluated for chamoli-ghat: Score=37.5, Tier=LOW | {"assessmentId":"6aad4e374bcac81be17cbb74"}
2026-09-18 20:14:09 INFO [WEBSOCKET]: Socket disconnected: Sew2YWGOHNG9vHylAAAA | Reason: client namespace disconnect
2026-09-18 20:16:43 INFO [BOOT]: FloodAtlas Core Backend active on port 5000
2026-09-18 20:16:43 INFO [BOOT]: WebSocket gateway active and ready for client subscriptions.
2026-09-18 20:16:48 INFO [BOOT]: FloodAtlas Core Backend active on port 5000
2026-09-18 20:16:48 INFO [BOOT]: WebSocket gateway active and ready for client subscriptions.
2026-09-18 20:18:27 INFO [BOOT]: FloodAtlas Core Backend active on port 5000
2026-09-18 20:18:27 INFO [BOOT]: WebSocket gateway active and ready for client subscriptions.
2026-09-18 20:19:00 INFO [BOOT]: FloodAtlas Core Backend active on port 5000
2026-09-18 20:19:00 INFO [BOOT]: WebSocket gateway active and ready for client subscriptions.
2026-09-18 20:19:07 INFO [WEBSOCKET]: Client connected to WebSocket: y7TilJGftcytzUYbAAAA
2026-09-18 20:19:08 INFO [ML_BRIDGE]: Inference completed for zone: chamoli-ghat | {"ensembleProbability":0.3667,"latencyMs":58}
2026-09-18 20:19:08 INFO [API]: ::1 - - [18/Sep/2026:14:49:08 +0000] "POST /api/iot/telemetry HTTP/1.1" 201 1073 "-" "axios/1.20.0"
2026-09-18 20:19:08 INFO [RISK_ENGINE]: Risk evaluated for chamoli-ghat: Score=64.7, Tier=MODERATE | {"assessmentId":"6aad4f64f4a3b7916e29a8a0"}
2026-09-18 20:19:08 INFO [API]: ::1 - - [18/Sep/2026:14:49:08 +0000] "GET /api/risk/zones/chamoli-ghat/latest HTTP/1.1" 200 1852 "-" "axios/1.20.0"
2026-09-18 20:19:10 INFO [ML_BRIDGE]: Inference completed for zone: chamoli-ghat | {"ensembleProbability":0.3667,"latencyMs":51}
2026-09-18 20:19:10 INFO [API]: ::1 - - [18/Sep/2026:14:49:10 +0000] "POST /api/iot/telemetry HTTP/1.1" 201 1073 "-" "axios/1.20.0"
2026-09-18 20:19:11 INFO [RISK_ENGINE]: Risk evaluated for chamoli-ghat: Score=64.7, Tier=MODERATE | {"assessmentId":"6aad4f66f4a3b7916e29a8a4"}
2026-09-18 20:19:12 INFO [ML_BRIDGE]: Inference completed for zone: chamoli-ghat | {"ensembleProbability":0.4691,"latencyMs":67}
2026-09-18 20:19:12 INFO [API]: ::1 - - [18/Sep/2026:14:49:12 +0000] "POST /api/iot/telemetry HTTP/1.1" 201 1069 "-" "axios/1.20.0"
2026-09-18 20:19:13 INFO [RISK_ENGINE]: Risk evaluated for chamoli-ghat: Score=34.8, Tier=LOW | {"assessmentId":"6aad4f68f4a3b7916e29a8a8"}
2026-09-18 20:19:14 INFO [WEBSOCKET]: Socket disconnected: y7TilJGftcytzUYbAAAA | Reason: client namespace disconnect
2026-09-18 20:21:25 INFO [BOOT]: FloodAtlas Core Backend active on port 5000
2026-09-18 20:21:25 INFO [BOOT]: WebSocket gateway active and ready for client subscriptions.
2026-09-18 20:21:26 INFO [BOOT]: FloodAtlas Core Backend active on port 5000
2026-09-18 20:21:26 INFO [BOOT]: WebSocket gateway active and ready for client subscriptions.
2026-09-18 20:21:37 INFO [WEBSOCKET]: Client connected to WebSocket: S0CcBZ9_kgGKnsOnAAAA
2026-09-18 20:21:37 INFO [ML_BRIDGE]: Inference completed for zone: chamoli-ghat | {"ensembleProbability":0.3597,"latencyMs":54}
2026-09-18 20:21:37 INFO [API]: ::1 - - [18/Sep/2026:14:51:37 +0000] "POST /api/iot/telemetry HTTP/1.1" 201 1073 "-" "axios/1.20.0"
2026-09-18 20:21:37 INFO [RISK_ENGINE]: Risk evaluated for chamoli-ghat: Score=64.4, Tier=MODERATE | {"assessmentId":"6aad4ff968be145b54f95c68"}
2026-09-18 20:21:41 INFO [API]: ::1 - - [18/Sep/2026:14:51:41 +0000] "GET /api/risk/zones/chamoli-ghat/latest HTTP/1.1" 200 1850 "-" "axios/1.20.0"
2026-09-18 20:21:41 INFO [ML_BRIDGE]: Inference completed for zone: chamoli-ghat | {"ensembleProbability":0.3597,"latencyMs":54}
2026-09-18 20:21:41 INFO [API]: ::1 - - [18/Sep/2026:14:51:41 +0000] "POST /api/iot/telemetry HTTP/1.1" 201 1073 "-" "axios/1.20.0"
2026-09-18 20:21:41 INFO [RISK_ENGINE]: Risk evaluated for chamoli-ghat: Score=64.4, Tier=MODERATE | {"assessmentId":"6aad4ffd68be145b54f95c6c"}
2026-09-18 20:21:43 INFO [ML_BRIDGE]: Inference completed for zone: chamoli-ghat | {"ensembleProbability":0.4719,"latencyMs":49}
2026-09-18 20:21:43 INFO [API]: ::1 - - [18/Sep/2026:14:51:43 +0000] "POST /api/iot/telemetry HTTP/1.1" 201 1067 "-" "axios/1.20.0"
2026-09-18 20:21:43 INFO [RISK_ENGINE]: Risk evaluated for chamoli-ghat: Score=33.4, Tier=LOW | {"assessmentId":"6aad4fff68be145b54f95c70"}
2026-09-18 20:21:47 INFO [WEBSOCKET]: Socket disconnected: S0CcBZ9_kgGKnsOnAAAA | Reason: client namespace disconnect
2026-09-18 20:27:45 INFO [BOOT]: FloodAtlas Core Backend active on port 5000
2026-09-18 20:27:45 INFO [BOOT]: WebSocket gateway active and ready for client subscriptions.
2026-09-18 20:27:46 INFO [BOOT]: FloodAtlas Core Backend active on port 5000
2026-09-18 20:27:46 INFO [BOOT]: WebSocket gateway active and ready for client subscriptions.
2026-09-18 20:28:15 INFO [WEBSOCKET]: Client connected to WebSocket: WHdB62q3jm7BebbLAAAA
2026-09-18 20:28:16 INFO [ML_BRIDGE]: Inference completed for zone: chamoli-ghat | {"ensembleProbability":0.3596,"latencyMs":55}
2026-09-18 20:28:16 INFO [RISK_ENGINE]: Risk evaluated for chamoli-ghat: Score=64.4, Tier=MODERATE | {"assessmentId":"6aad5188b7b82319350174e8"}
2026-09-18 20:28:16 INFO [API]: ::1 - - [18/Sep/2026:14:58:16 +0000] "POST /api/iot/telemetry HTTP/1.1" 201 565 "-" "axios/1.20.0"
2026-09-18 20:28:20 INFO [API]: ::1 - - [18/Sep/2026:14:58:20 +0000] "GET /api/risk/zones/chamoli-ghat/latest HTTP/1.1" 200 2034 "-" "axios/1.20.0"
2026-09-18 20:28:20 INFO [ML_BRIDGE]: Inference completed for zone: chamoli-ghat | {"ensembleProbability":0.3596,"latencyMs":51}
2026-09-18 20:28:20 INFO [RISK_ENGINE]: Risk evaluated for chamoli-ghat: Score=64.4, Tier=MODERATE | {"assessmentId":"6aad518cb7b82319350174eb"}
2026-09-18 20:28:20 INFO [API]: ::1 - - [18/Sep/2026:14:58:20 +0000] "POST /api/iot/telemetry HTTP/1.1" 201 565 "-" "axios/1.20.0"
2026-09-18 20:28:23 INFO [ML_BRIDGE]: Inference completed for zone: chamoli-ghat | {"ensembleProbability":0.4719,"latencyMs":50}
2026-09-18 20:28:23 INFO [RISK_ENGINE]: Risk evaluated for chamoli-ghat: Score=33.4, Tier=LOW | {"assessmentId":"6aad518fb7b82319350174ee"}
2026-09-18 20:28:23 INFO [API]: ::1 - - [18/Sep/2026:14:58:23 +0000] "POST /api/iot/telemetry HTTP/1.1" 201 550 "-" "axios/1.20.0"
2026-09-18 20:28:26 INFO [WEBSOCKET]: Socket disconnected: WHdB62q3jm7BebbLAAAA | Reason: client namespace disconnect
2026-09-18 20:31:43 INFO [BOOT]: FloodAtlas Core Backend active on port 5000
2026-09-18 20:31:43 INFO [BOOT]: WebSocket gateway active and ready for client subscriptions.
2026-09-18 20:31:50 INFO [WEBSOCKET]: Client connected to WebSocket: z1rM80Eb16Ux3NjUAAAA
2026-09-18 20:31:51 INFO [ML_BRIDGE]: Inference completed for zone: chamoli-ghat | {"ensembleProbability":0.3596,"latencyMs":61}
2026-09-18 20:31:51 INFO [RISK_ENGINE]: Risk evaluated for chamoli-ghat: Score=64.5, Tier=MODERATE | {"assessmentId":"6aad525f167f718a4eb962f3"}
2026-09-18 20:31:51 INFO [API]: ::1 - - [18/Sep/2026:15:01:51 +0000] "POST /api/iot/telemetry HTTP/1.1" 201 565 "-" "axios/1.20.0"
2026-09-18 20:31:55 INFO [API]: ::1 - - [18/Sep/2026:15:01:55 +0000] "GET /api/risk/zones/chamoli-ghat/latest HTTP/1.1" 200 2032 "-" "axios/1.20.0"
2026-09-18 20:31:55 INFO [ML_BRIDGE]: Inference completed for zone: chamoli-ghat | {"ensembleProbability":0.3596,"latencyMs":55}
2026-09-18 20:31:55 INFO [RISK_ENGINE]: Risk evaluated for chamoli-ghat: Score=64.5, Tier=MODERATE | {"assessmentId":"6aad5263167f718a4eb962f6"}
2026-09-18 20:31:55 INFO [API]: ::1 - - [18/Sep/2026:15:01:55 +0000] "POST /api/iot/telemetry HTTP/1.1" 201 565 "-" "axios/1.20.0"
2026-09-18 20:31:58 INFO [ML_BRIDGE]: Inference completed for zone: chamoli-ghat | {"ensembleProbability":0.4719,"latencyMs":50}
2026-09-18 20:31:58 INFO [RISK_ENGINE]: Risk evaluated for chamoli-ghat: Score=34.6, Tier=LOW | {"assessmentId":"6aad5266167f718a4eb962f9"}
2026-09-18 20:31:58 INFO [API]: ::1 - - [18/Sep/2026:15:01:58 +0000] "POST /api/iot/telemetry HTTP/1.1" 201 550 "-" "axios/1.20.0"
2026-09-18 20:32:01 INFO [WEBSOCKET]: Socket disconnected: z1rM80Eb16Ux3NjUAAAA | Reason: client namespace disconnect
2026-09-18 20:35:41 INFO [BOOT]: FloodAtlas Core Backend active on port 5000
2026-09-18 20:35:41 INFO [BOOT]: WebSocket gateway active and ready for client subscriptions.
2026-09-18 20:36:05 INFO [WEBSOCKET]: Client connected to WebSocket: bG0j4_KQG_XWFjvtAAAA
2026-09-18 20:36:05 INFO [ML_BRIDGE]: Inference completed for zone: chamoli-ghat | {"ensembleProbability":0.3596,"latencyMs":61}
2026-09-18 20:36:06 INFO [RISK_ENGINE]: Risk evaluated for chamoli-ghat: Score=64.5, Tier=MODERATE | {"assessmentId":"6aad535d72585b5add5293a5"}
2026-09-18 20:36:06 INFO [API]: ::1 - - [18/Sep/2026:15:06:06 +0000] "POST /api/iot/telemetry HTTP/1.1" 201 565 "-" "axios/1.20.0"
2026-09-18 20:36:09 INFO [API]: ::1 - - [18/Sep/2026:15:06:09 +0000] "GET /api/risk/zones/chamoli-ghat/latest HTTP/1.1" 200 2040 "-" "axios/1.20.0"
2026-09-18 20:36:09 INFO [ML_BRIDGE]: Inference completed for zone: chamoli-ghat | {"ensembleProbability":0.3596,"latencyMs":54}
2026-09-18 20:36:09 INFO [RISK_ENGINE]: Risk evaluated for chamoli-ghat: Score=64.5, Tier=MODERATE | {"assessmentId":"6aad536172585b5add5293a8"}
2026-09-18 20:36:09 INFO [API]: ::1 - - [18/Sep/2026:15:06:09 +0000] "POST /api/iot/telemetry HTTP/1.1" 201 565 "-" "axios/1.20.0"
2026-09-18 20:36:12 INFO [ML_BRIDGE]: Inference completed for zone: chamoli-ghat | {"ensembleProbability":0.4719,"latencyMs":50}
2026-09-18 20:36:12 INFO [RISK_ENGINE]: Risk evaluated for chamoli-ghat: Score=34.6, Tier=LOW | {"assessmentId":"6aad536472585b5add5293ab"}
2026-09-18 20:36:12 INFO [API]: ::1 - - [18/Sep/2026:15:06:12 +0000] "POST /api/iot/telemetry HTTP/1.1" 201 550 "-" "axios/1.20.0"
2026-09-18 20:36:16 INFO [WEBSOCKET]: Socket disconnected: bG0j4_KQG_XWFjvtAAAA | Reason: client namespace disconnect
2026-09-18 20:40:06 INFO [BOOT]: FloodAtlas Core Backend active on port 5000
2026-09-18 20:40:06 INFO [BOOT]: WebSocket gateway active and ready for client subscriptions.
2026-09-18 20:40:26 INFO [BOOT]: FloodAtlas Core Backend active on port 5000
2026-09-18 20:40:26 INFO [BOOT]: WebSocket gateway active and ready for client subscriptions.
2026-09-18 20:42:15 INFO [BOOT]: FloodAtlas Core Backend active on port 5000
2026-09-18 20:42:15 INFO [BOOT]: WebSocket gateway active and ready for client subscriptions.
2026-09-18 20:42:16 INFO [BOOT]: FloodAtlas Core Backend active on port 5000
2026-09-18 20:42:16 INFO [BOOT]: WebSocket gateway active and ready for client subscriptions.
2026-09-18 20:42:22 INFO [WEBSOCKET]: Client connected to WebSocket: 4yvy8Vf4FNvolb8uAAAA
2026-09-18 20:42:23 INFO [ML_BRIDGE]: Inference completed for zone: chamoli-ghat | {"ensembleProbability":0.3589,"latencyMs":56}
2026-09-18 20:42:23 INFO [RISK_ENGINE]: Risk evaluated for chamoli-ghat: Score=82, Tier=HIGH | {"assessmentId":"6aad54d76c032f170d6f5b2b"}
2026-09-18 20:42:23 WARN [RISK_ENGINE]: ALERT ISSUED: FLOOD ADVISORY WARNING: Ghat | Severity: WARNING | {"zoneId":"chamoli-ghat","alertId":"6aad54d76c032f170d6f5b2c"}
2026-09-18 20:42:23 INFO [API]: ::1 - - [18/Sep/2026:15:12:23 +0000] "POST /api/iot/telemetry HTTP/1.1" 201 554 "-" "axios/1.20.0"
2026-09-18 20:42:27 INFO [API]: ::1 - - [18/Sep/2026:15:12:27 +0000] "GET /api/risk/zones/chamoli-ghat/latest HTTP/1.1" 200 2035 "-" "axios/1.20.0"
2026-09-18 20:42:27 INFO [ML_BRIDGE]: Inference completed for zone: chamoli-ghat | {"ensembleProbability":0.3589,"latencyMs":54}
2026-09-18 20:42:27 INFO [RISK_ENGINE]: Risk evaluated for chamoli-ghat: Score=82, Tier=HIGH | {"assessmentId":"6aad54db6c032f170d6f5b33"}
2026-09-18 20:42:27 INFO [API]: ::1 - - [18/Sep/2026:15:12:27 +0000] "POST /api/iot/telemetry HTTP/1.1" 201 554 "-" "axios/1.20.0"
2026-09-18 20:42:30 INFO [ML_BRIDGE]: Inference completed for zone: chamoli-ghat | {"ensembleProbability":0.4721,"latencyMs":49}
2026-09-18 20:42:30 INFO [RISK_ENGINE]: Risk evaluated for chamoli-ghat: Score=34.6, Tier=LOW | {"assessmentId":"6aad54de6c032f170d6f5b38"}
2026-09-18 20:42:30 INFO [ALERT_SERVICE]: ALERT AUTO-RESOLVED: FLOOD ADVISORY WARNING: Ghat | {"zoneId":"chamoli-ghat","alertId":"6aad54d76c032f170d6f5b2c"}
2026-09-18 20:42:30 INFO [API]: ::1 - - [18/Sep/2026:15:12:30 +0000] "POST /api/iot/telemetry HTTP/1.1" 201 551 "-" "axios/1.20.0"
2026-09-18 20:42:33 INFO [WEBSOCKET]: Socket disconnected: 4yvy8Vf4FNvolb8uAAAA | Reason: client namespace disconnect
2026-09-18 21:01:30 INFO [BOOT]: FloodAtlas Core Backend active on port 5000
2026-09-18 21:01:30 INFO [BOOT]: WebSocket gateway active and ready for client subscriptions.
2026-09-18 21:01:49 INFO [API]: ::1 - - [18/Sep/2026:15:31:49 +0000] "GET /api/risk/zones/latest HTTP/1.1" 200 237950 "-" "axios/1.20.0"
2026-09-18 21:08:38 INFO [BOOT]: FloodAtlas Core Backend active on port 5000
2026-09-18 21:08:38 INFO [BOOT]: WebSocket gateway active and ready for client subscriptions.
2026-09-18 21:08:49 INFO [BOOT]: FloodAtlas Core Backend active on port 5000
2026-09-18 21:08:49 INFO [BOOT]: WebSocket gateway active and ready for client subscriptions.
2026-09-18 21:09:12 INFO [SIMULATOR]: IoT Simulation loop started (Interval: 3500ms)
2026-09-18 21:09:12 INFO [WEBSOCKET]: Client connected to WebSocket: tzEYlgRvDWno5kCyAAAA
2026-09-18 21:09:16 INFO [ML_BRIDGE]: Inference completed for zone: chamoli-joshimath | {"ensembleProbability":0.4369,"latencyMs":61}
2026-09-18 21:09:17 INFO [RISK_ENGINE]: Risk evaluated for chamoli-joshimath: Score=34.1, Tier=LOW | {"assessmentId":"6aad5b2479d2dc68d4931132"}
2026-09-18 21:09:17 INFO [ML_BRIDGE]: Inference completed for zone: chamoli-pipalkoti | {"ensembleProbability":0.4341,"latencyMs":52}
2026-09-18 21:09:17 INFO [RISK_ENGINE]: Risk evaluated for chamoli-pipalkoti: Score=35, Tier=LOW | {"assessmentId":"6aad5b2579d2dc68d4931135"}
2026-09-18 21:09:17 INFO [ML_BRIDGE]: Inference completed for zone: chamoli-ghat | {"ensembleProbability":0.4483,"latencyMs":57}
2026-09-18 21:09:17 INFO [RISK_ENGINE]: Risk evaluated for chamoli-ghat: Score=38.9, Tier=LOW | {"assessmentId":"6aad5b2579d2dc68d4931138"}
2026-09-18 21:09:18 INFO [ML_BRIDGE]: Inference completed for zone: chamoli-tharali | {"ensembleProbability":0.4531,"latencyMs":52}
2026-09-18 21:09:18 INFO [RISK_ENGINE]: Risk evaluated for chamoli-tharali: Score=39.1, Tier=LOW | {"assessmentId":"6aad5b2679d2dc68d493113b"}
2026-09-18 21:09:18 INFO [ML_BRIDGE]: Inference completed for zone: chamoli-mana | {"ensembleProbability":0.36,"latencyMs":48}
2026-09-18 21:09:18 INFO [RISK_ENGINE]: Risk evaluated for chamoli-mana: Score=36.4, Tier=LOW | {"assessmentId":"6aad5b2679d2dc68d493113e"}
2026-09-18 21:09:19 INFO [ML_BRIDGE]: Inference completed for zone: chamoli-karnaprayag | {"ensembleProbability":0.4597,"latencyMs":52}
2026-09-18 21:09:19 INFO [RISK_ENGINE]: Risk evaluated for chamoli-karnaprayag: Score=36.5, Tier=LOW | {"assessmentId":"6aad5b2779d2dc68d4931141"}
2026-09-18 21:09:19 INFO [ML_BRIDGE]: Inference completed for zone: chamoli-joshimath | {"ensembleProbability":0.4369,"latencyMs":52}
2026-09-18 21:09:19 INFO [RISK_ENGINE]: Risk evaluated for chamoli-joshimath: Score=34.1, Tier=LOW | {"assessmentId":"6aad5b2779d2dc68d4931144"}
2026-09-18 21:09:20 INFO [ML_BRIDGE]: Inference completed for zone: chamoli-pipalkoti | {"ensembleProbability":0.4341,"latencyMs":64}
2026-09-18 21:09:20 WARN [SIMULATOR]: Surge phase activated manually for zone: chamoli-ghat
2026-09-18 21:09:20 INFO [RISK_ENGINE]: Risk evaluated for chamoli-pipalkoti: Score=35, Tier=LOW | {"assessmentId":"6aad5b2879d2dc68d4931147"}
2026-09-18 21:09:20 INFO [ML_BRIDGE]: Inference completed for zone: chamoli-ghat | {"ensembleProbability":0.4436,"latencyMs":66}
2026-09-18 21:09:20 INFO [RISK_ENGINE]: Risk evaluated for chamoli-ghat: Score=42.5, Tier=MODERATE | {"assessmentId":"6aad5b2879d2dc68d493114a"}
2026-09-18 21:09:20 INFO [ML_BRIDGE]: Inference completed for zone: chamoli-tharali | {"ensembleProbability":0.4531,"latencyMs":53}
2026-09-18 21:09:20 INFO [RISK_ENGINE]: Risk evaluated for chamoli-tharali: Score=39.1, Tier=LOW | {"assessmentId":"6aad5b2879d2dc68d493114d"}
2026-09-18 21:09:21 INFO [ML_BRIDGE]: Inference completed for zone: chamoli-mana | {"ensembleProbability":0.36,"latencyMs":52}
2026-09-18 21:09:21 INFO [RISK_ENGINE]: Risk evaluated for chamoli-mana: Score=36.4, Tier=LOW | {"assessmentId":"6aad5b2979d2dc68d4931150"}
2026-09-18 21:09:21 INFO [ML_BRIDGE]: Inference completed for zone: chamoli-karnaprayag | {"ensembleProbability":0.4597,"latencyMs":60}
2026-09-18 21:09:22 INFO [RISK_ENGINE]: Risk evaluated for chamoli-karnaprayag: Score=36.5, Tier=LOW | {"assessmentId":"6aad5b2979d2dc68d4931153"}
2026-09-18 21:09:23 INFO [ML_BRIDGE]: Inference completed for zone: chamoli-joshimath | {"ensembleProbability":0.4369,"latencyMs":54}
2026-09-18 21:09:23 INFO [RISK_ENGINE]: Risk evaluated for chamoli-joshimath: Score=34.1, Tier=LOW | {"assessmentId":"6aad5b2b79d2dc68d4931156"}
2026-09-18 21:09:24 INFO [ML_BRIDGE]: Inference completed for zone: chamoli-pipalkoti | {"ensembleProbability":0.4341,"latencyMs":53}
2026-09-18 21:09:25 INFO [SIMULATOR]: IoT Simulation loop stopped.
2026-09-18 21:09:25 INFO [WEBSOCKET]: Socket disconnected: tzEYlgRvDWno5kCyAAAA | Reason: client namespace disconnect
2026-09-18 21:13:48 INFO [BOOT]: FloodAtlas Core Backend active on port 5000
2026-09-18 21:13:48 INFO [BOOT]: WebSocket gateway active and ready for client subscriptions.
2026-09-18 21:13:49 INFO [BOOT]: FloodAtlas Core Backend active on port 5000
2026-09-18 21:13:49 INFO [BOOT]: WebSocket gateway active and ready for client subscriptions.
2026-09-18 21:14:05 INFO [SIMULATOR]: IoT Simulation loop started (Interval: 3500ms)
2026-09-18 21:14:05 INFO [WEBSOCKET]: Client connected to WebSocket: bBtiOY4Mj8BU1Hr6AAAA
2026-09-18 21:14:09 INFO [ML_BRIDGE]: Inference completed for zone: chamoli-joshimath | {"ensembleProbability":0.4369,"latencyMs":54}
2026-09-18 21:14:09 INFO [RISK_ENGINE]: Risk evaluated for chamoli-joshimath: Score=34.1, Tier=LOW | {"assessmentId":"6aad5c495dd4913989381246"}
2026-09-18 21:14:09 INFO [ML_BRIDGE]: Inference completed for zone: chamoli-pipalkoti | {"ensembleProbability":0.4341,"latencyMs":54}
2026-09-18 21:14:09 INFO [RISK_ENGINE]: Risk evaluated for chamoli-pipalkoti: Score=35, Tier=LOW | {"assessmentId":"6aad5c495dd4913989381249"}
2026-09-18 21:14:09 INFO [ML_BRIDGE]: Inference completed for zone: chamoli-ghat | {"ensembleProbability":0.4483,"latencyMs":50}
2026-09-18 21:14:09 INFO [RISK_ENGINE]: Risk evaluated for chamoli-ghat: Score=38.9, Tier=LOW | {"assessmentId":"6aad5c495dd491398938124c"}
2026-09-18 21:14:09 INFO [ML_BRIDGE]: Inference completed for zone: chamoli-tharali | {"ensembleProbability":0.4531,"latencyMs":53}
2026-09-18 21:14:09 INFO [RISK_ENGINE]: Risk evaluated for chamoli-tharali: Score=39.1, Tier=LOW | {"assessmentId":"6aad5c495dd491398938124f"}
2026-09-18 21:14:09 INFO [ML_BRIDGE]: Inference completed for zone: chamoli-mana | {"ensembleProbability":0.36,"latencyMs":55}
2026-09-18 21:14:09 INFO [RISK_ENGINE]: Risk evaluated for chamoli-mana: Score=36.4, Tier=LOW | {"assessmentId":"6aad5c495dd4913989381252"}
2026-09-18 21:14:09 INFO [ML_BRIDGE]: Inference completed for zone: chamoli-karnaprayag | {"ensembleProbability":0.4597,"latencyMs":55}
2026-09-18 21:14:09 INFO [RISK_ENGINE]: Risk evaluated for chamoli-karnaprayag: Score=36.5, Tier=LOW | {"assessmentId":"6aad5c495dd4913989381255"}
2026-09-18 21:14:12 INFO [ML_BRIDGE]: Inference completed for zone: chamoli-joshimath | {"ensembleProbability":0.4369,"latencyMs":53}
2026-09-18 21:14:12 INFO [RISK_ENGINE]: Risk evaluated for chamoli-joshimath: Score=34.1, Tier=LOW | {"assessmentId":"6aad5c4c5dd4913989381258"}
2026-09-18 21:14:12 INFO [ML_BRIDGE]: Inference completed for zone: chamoli-pipalkoti | {"ensembleProbability":0.4341,"latencyMs":58}
2026-09-18 21:14:12 INFO [RISK_ENGINE]: Risk evaluated for chamoli-pipalkoti: Score=35, Tier=LOW | {"assessmentId":"6aad5c4c5dd491398938125b"}
2026-09-18 21:14:12 INFO [ML_BRIDGE]: Inference completed for zone: chamoli-ghat | {"ensembleProbability":0.4483,"latencyMs":55}
2026-09-18 21:14:12 INFO [RISK_ENGINE]: Risk evaluated for chamoli-ghat: Score=38.9, Tier=LOW | {"assessmentId":"6aad5c4c5dd491398938125e"}
2026-09-18 21:14:12 INFO [ML_BRIDGE]: Inference completed for zone: chamoli-tharali | {"ensembleProbability":0.4531,"latencyMs":66}
2026-09-18 21:14:12 INFO [RISK_ENGINE]: Risk evaluated for chamoli-tharali: Score=39.1, Tier=LOW | {"assessmentId":"6aad5c4c5dd4913989381261"}
2026-09-18 21:14:12 INFO [ML_BRIDGE]: Inference completed for zone: chamoli-mana | {"ensembleProbability":0.36,"latencyMs":54}
2026-09-18 21:14:12 INFO [RISK_ENGINE]: Risk evaluated for chamoli-mana: Score=36.4, Tier=LOW | {"assessmentId":"6aad5c4c5dd4913989381264"}
2026-09-18 21:14:13 INFO [ML_BRIDGE]: Inference completed for zone: chamoli-karnaprayag | {"ensembleProbability":0.4597,"latencyMs":55}
2026-09-18 21:14:13 INFO [RISK_ENGINE]: Risk evaluated for chamoli-karnaprayag: Score=36.5, Tier=LOW | {"assessmentId":"6aad5c4d5dd4913989381267"}
2026-09-18 21:14:13 WARN [SIMULATOR]: Surge phase activated manually for zone: chamoli-ghat
2026-09-18 21:14:15 INFO [ML_BRIDGE]: Inference completed for zone: chamoli-joshimath | {"ensembleProbability":0.4369,"latencyMs":49}
2026-09-18 21:14:15 INFO [RISK_ENGINE]: Risk evaluated for chamoli-joshimath: Score=34.1, Tier=LOW | {"assessmentId":"6aad5c4f5dd491398938126a"}
2026-09-18 21:14:16 INFO [ML_BRIDGE]: Inference completed for zone: chamoli-pipalkoti | {"ensembleProbability":0.4341,"latencyMs":57}
2026-09-18 21:14:16 INFO [RISK_ENGINE]: Risk evaluated for chamoli-pipalkoti: Score=35, Tier=LOW | {"assessmentId":"6aad5c505dd491398938126d"}
2026-09-18 21:14:16 INFO [ML_BRIDGE]: Inference completed for zone: chamoli-ghat | {"ensembleProbability":0.4436,"latencyMs":50}
2026-09-18 21:14:16 INFO [RISK_ENGINE]: Risk evaluated for chamoli-ghat: Score=42.5, Tier=MODERATE | {"assessmentId":"6aad5c505dd4913989381270"}
2026-09-18 21:14:16 INFO [ML_BRIDGE]: Inference completed for zone: chamoli-tharali | {"ensembleProbability":0.4531,"latencyMs":52}
2026-09-18 21:14:16 INFO [RISK_ENGINE]: Risk evaluated for chamoli-tharali: Score=39.1, Tier=LOW | {"assessmentId":"6aad5c505dd4913989381273"}
2026-09-18 21:14:16 INFO [ML_BRIDGE]: Inference completed for zone: chamoli-mana | {"ensembleProbability":0.36,"latencyMs":52}
2026-09-18 21:14:16 INFO [RISK_ENGINE]: Risk evaluated for chamoli-mana: Score=36.4, Tier=LOW | {"assessmentId":"6aad5c505dd4913989381276"}
2026-09-18 21:14:16 INFO [ML_BRIDGE]: Inference completed for zone: chamoli-karnaprayag | {"ensembleProbability":0.4597,"latencyMs":54}
2026-09-18 21:14:16 INFO [RISK_ENGINE]: Risk evaluated for chamoli-karnaprayag: Score=36.5, Tier=LOW | {"assessmentId":"6aad5c505dd4913989381279"}
2026-09-18 21:14:18 INFO [SIMULATOR]: IoT Simulation loop stopped.
2026-09-18 21:14:18 INFO [WEBSOCKET]: Socket disconnected: bBtiOY4Mj8BU1Hr6AAAA | Reason: client namespace disconnect
2026-09-18 21:24:43 INFO [BOOT]: FloodAtlas Core Backend active on port 5000
2026-09-18 21:24:43 INFO [BOOT]: WebSocket gateway active and ready for client subscriptions.
2026-09-18 21:26:43 INFO [BOOT]: FloodAtlas Core Backend active on port 5000
2026-09-18 21:26:43 INFO [BOOT]: WebSocket gateway active and ready for client subscriptions.
2026-09-18 21:27:06 INFO [API]: ::1 - - [18/Sep/2026:15:57:06 +0000] "GET /api/alerts/active HTTP/1.1" 200 55 "-" "axios/1.20.0"
2026-09-18 21:29:26 INFO [BOOT]: FloodAtlas Core Backend active on port 5000
2026-09-18 21:29:26 INFO [BOOT]: WebSocket gateway active and ready for client subscriptions.
2026-09-18 21:30:01 INFO [BOOT]: FloodAtlas Core Backend active on port 5000
2026-09-18 21:30:01 INFO [BOOT]: WebSocket gateway active and ready for client subscriptions.
2026-09-18 21:31:22 INFO [BOOT]: FloodAtlas Core Backend active on port 5000
2026-09-18 21:31:22 INFO [BOOT]: WebSocket gateway active and ready for client subscriptions.
2026-09-18 21:32:15 INFO [API]: ::1 - - [18/Sep/2026:16:02:15 +0000] "GET /api/authority/simulator/status HTTP/1.1" 200 61 "-" "axios/1.20.0"
2026-09-18 21:35:17 INFO [BOOT]: FloodAtlas Core Backend active on port 5000
2026-09-18 21:35:17 INFO [BOOT]: WebSocket gateway active and ready for client subscriptions.
2026-09-18 21:35:18 INFO [BOOT]: FloodAtlas Core Backend active on port 5000
2026-09-18 21:35:18 INFO [BOOT]: WebSocket gateway active and ready for client subscriptions.
2026-09-18 22:37:40 INFO [BOOT]: FloodAtlas Core Backend active on port 5000
2026-09-18 22:37:40 INFO [BOOT]: WebSocket gateway active and ready for client subscriptions.
2026-09-18 22:38:06 INFO [API]: ::1 - - [18/Sep/2026:17:08:06 +0000] "GET /api/monitoring/system-health HTTP/1.1" 200 143 "-" "axios/1.20.0"
2026-09-18 22:40:02 INFO [BOOT]: FloodAtlas Core Backend active on port 5000
2026-09-18 22:40:02 INFO [BOOT]: WebSocket gateway active and ready for client subscriptions.
2026-09-18 22:40:55 INFO [BOOT]: FloodAtlas Core Backend active on port 5000
2026-09-18 22:40:55 INFO [BOOT]: WebSocket gateway active and ready for client subscriptions.
2026-09-18 22:40:56 INFO [BOOT]: FloodAtlas Core Backend active on port 5000
2026-09-18 22:40:56 INFO [BOOT]: WebSocket gateway active and ready for client subscriptions.
2026-09-18 22:41:13 INFO [BOOT]: FloodAtlas Core Backend active on port 5000
2026-09-18 22:41:13 INFO [BOOT]: WebSocket gateway active and ready for client subscriptions.
2026-09-18 22:41:21 INFO [BOOT]: FloodAtlas Core Backend active on port 5000
2026-09-18 22:41:21 INFO [BOOT]: WebSocket gateway active and ready for client subscriptions.
2026-09-18 22:41:25 INFO [BOOT]: FloodAtlas Core Backend active on port 5000
2026-09-18 22:41:25 INFO [BOOT]: WebSocket gateway active and ready for client subscriptions.
2026-09-18 22:41:35 INFO [BOOT]: FloodAtlas Core Backend active on port 5000
2026-09-18 22:41:35 INFO [BOOT]: WebSocket gateway active and ready for client subscriptions.
2026-09-18 22:41:44 INFO [BOOT]: FloodAtlas Core Backend active on port 5000
2026-09-18 22:41:44 INFO [BOOT]: WebSocket gateway active and ready for client subscriptions.
2026-09-18 22:42:05 INFO [API]: ::1 - - [18/Sep/2026:17:12:05 +0000] "GET /api/weather/zone/chamoli-ghat HTTP/1.1" 200 225 "-" "axios/1.20.0"
2026-09-18 22:43:03 INFO [BOOT]: FloodAtlas Core Backend active on port 5000
2026-09-18 22:43:03 INFO [BOOT]: WebSocket gateway active and ready for client subscriptions.
2026-09-18 22:43:22 INFO [BOOT]: FloodAtlas Core Backend active on port 5000
2026-09-18 22:43:22 INFO [BOOT]: WebSocket gateway active and ready for client subscriptions.
2026-09-18 22:43:30 INFO [BOOT]: FloodAtlas Core Backend active on port 5000
2026-09-18 22:43:30 INFO [BOOT]: WebSocket gateway active and ready for client subscriptions.
2026-09-18 22:43:46 INFO [API]: ::1 - - [18/Sep/2026:17:13:46 +0000] "GET /api/admin/stats HTTP/1.1" 200 154 "-" "axios/1.20.0"
2026-09-19 00:57:11 INFO [BOOT]: FloodAtlas Core Backend active on port 5000
2026-09-19 00:57:11 INFO [BOOT]: WebSocket gateway active and ready for client subscriptions.
